SL,DISTRICT,UPAZILA,RIVER,STATION ID,STATION,DATE,MONTH,DAY_OF_YEAR,DOY_SIN,DOY_COS,EC HIGHTIDE micromho/cm,EC LOWTIDE micromho/cm,CHLORIDE HIGHTIDE PPM,CHLORIDE LOWTIDE PPM,UPSTREAM_DISCHARGE_M3S,RAINFALL_MM,NDWI_PROXY,SOIL_MOISTURE,TIDAL_SPRING_INDEX,LATITUDE,LONGITUDE,DATA_SOURCE,DISCHARGE_LAG_30D,RAINFALL_4W_SUM,TARGET_EC_30D,TARGET_RISK_30D,TARGET_EC_60D,TARGET_RISK_60D,TARGET_EC_90D,TARGET_RISK_90D
5,Bagerhat,Bagerhat Sadar,Alaipur Khal Daratona,SW1,Bagerhat,04-FEB-15,2,35,0.5664,0.8242,1370,1325,761,736,764.4,0.0,0.07,0.11,0.727,22.64626,89.80163,SYNTHETIC_SAVENIJE_PHYSICS,1054.3,0.0,2369.0,1.0,3016.0,2.0,1074.0,0.0
6,Bagerhat,Bagerhat Sadar,Alaipur Khal Daratona,SW1,Bagerhat,11-FEB-15,2,42,0.6613,0.7502,1542,1480,857,822,772.0,0.0,0.096,0.097,0.829,22.64626,89.80163,SYNTHETIC_SAVENIJE_PHYSICS,1078.9,0.0,2764.0,1.0,2802.0,1.0,796.0,0.0
7,Bagerhat,Bagerhat Sadar,Alaipur Khal Daratona,SW1,Bagerhat,18-FEB-15,2,49,0.7466,0.6653,1814,1766,1008,981,627.8,0.0,0.085,0.12,0.908,22.64626,89.80163,SYNTHETIC_SAVENIJE_PHYSICS,961.1,0.0,3304.0,2.0,2340.0,1.0,597.0,0.0
8,Bagerhat,Bagerhat Sadar,Alaipur Khal Daratona,SW1,Bagerhat,25-FEB-15,2,56,0.8211,0.5708,2263,2222,1258,1235,500.6,0.0,0.156,0.137,0.964,22.64626,89.80163,SYNTHETIC_SAVENIJE_PHYSICS,773.4,0.0,3074.0,2.0,1934.0,1.0,489.0,0.0
9,Bagerhat,Bagerhat Sadar,Alaipur Khal Daratona,SW1,Bagerhat,04-MAR-15,3,63,0.8837,0.468,2369,2289,1317,1272,550.5,12.6,0.1,0.119,0.994,22.64626,89.80163,SYNTHETIC_SAVENIJE_PHYSICS,764.4,12.6,3016.0,2.0,1514.0,1.0,411.0,0.0
10,Bagerhat,Bagerhat Sadar,Alaipur Khal Daratona,SW1,Bagerhat,11-MAR-15,3,70,0.9335,0.3585,2764,2664,1536,1481,413.2,0.0,0.085,0.182,0.998,22.64626,89.80163,SYNTHETIC_SAVENIJE_PHYSICS,772.0,12.6,2802.0,1.0,1074.0,0.0,353.0,0.0
11,Bagerhat,Bagerhat Sadar,Alaipur Khal Daratona,SW1,Bagerhat,18-MAR-15,3,77,0.9698,0.2437,3304,3192,1837,1774,351.8,0.0,0.12,0.148,0.976,22.64626,89.80163,SYNTHETIC_SAVENIJE_PHYSICS,627.8,12.6,2340.0,1.0,796.0,0.0,329.0,0.0
12,Bagerhat,Bagerhat Sadar,Alaipur Khal Daratona,SW1,Bagerhat,25-MAR-15,3,84,0.9921,0.1255,3074,2979,1709,1656,474.5,4.4,0.059,0.16,0.928,22.64626,89.80163,SYNTHETIC_SAVENIJE_PHYSICS,500.6,17.0,1934.0,1.0,597.0,0.0,319.0,0.0
13,Bagerhat,Bagerhat Sadar,Alaipur Khal Daratona,SW1,Bagerhat,01-APR-15,4,91,1.0,0.0054,3016,2912,1676,1619,496.7,0.0,0.091,0.144,0.855,22.64626,89.80163,SYNTHETIC_SAVENIJE_PHYSICS,550.5,4.4,1514.0,1.0,489.0,0.0,300.0,0.0
14,Bagerhat,Bagerhat Sadar,Alaipur Khal Daratona,SW1,Bagerhat,08-APR-15,4,98,0.9934,-0.1148,2802,2711,1557,1507,472.3,0.0,0.129,0.165,0.76,22.64626,89.80163,SYNTHETIC_SAVENIJE_PHYSICS,413.2,4.4,1074.0,0.0,411.0,0.0,284.0,0.0
15,Bagerhat,Bagerhat Sadar,Alaipur Khal Daratona,SW1,Bagerhat,15-APR-15,4,105,0.9724,-0.2333,2340,2279,1301,1267,647.6,0.0,0.089,0.114,0.644,22.64626,89.80163,SYNTHETIC_SAVENIJE_PHYSICS,351.8,4.4,796.0,0.0,353.0,0.0,278.0,0.0
16,Bagerhat,Bagerhat Sadar,Alaipur Khal Daratona,SW1,Bagerhat,22-APR-15,4,112,0.9373,-0.3484,1934,1871,1075,1040,868.5,1.3,0.058,0.08,0.512,22.64626,89.80163,SYNTHETIC_SAVENIJE_PHYSICS,474.5,1.3,597.0,0.0,329.0,0.0,294.0,0.0
17,Bagerhat,Bagerhat Sadar,Alaipur Khal Daratona,SW1,Bagerhat,29-APR-15,4,119,0.8887,-0.4585,1514,1466,841,815,986.3,0.0,0.086,0.123,0.366,22.64626,89.80163,SYNTHETIC_SAVENIJE_PHYSICS,496.7,1.3,489.0,0.0,319.0,0.0,282.0,0.0
18,Bagerhat,Bagerhat Sadar,Alaipur Khal Daratona,SW1,Bagerhat,06-MAY-15,5,126,0.8272,-0.5619,1074,1031,597,573,1723.3,0.0,0.133,0.152,0.21,22.64626,89.80163,SYNTHETIC_SAVENIJE_PHYSICS,472.3,1.3,411.0,0.0,300.0,0.0,278.0,0.0
19,Bagerhat,Bagerhat Sadar,Alaipur Khal Daratona,SW1,Bagerhat,13-MAY-15,5,133,0.7537,-0.6572,796,780,442,433,1941.8,0.0,0.114,0.146,0.049,22.64626,89.80163,SYNTHETIC_SAVENIJE_PHYSICS,647.6,1.3,353.0,0.0,284.0,0.0,279.0,0.0
20,Bagerhat,Bagerhat Sadar,Alaipur Khal Daratona,SW1,Bagerhat,20-MAY-15,5,140,0.6693,-0.743,597,578,331,321,2281.8,0.0,0.094,0.152,0.114,22.64626,89.80163,SYNTHETIC_SAVENIJE_PHYSICS,868.5,0.0,329.0,0.0,278.0,0.0,272.0,0.0
21,Bagerhat,Bagerhat Sadar,Alaipur Khal Daratona,SW1,Bagerhat,27-MAY-15,5,147,0.5752,-0.818,489,472,271,262,3052.4,0.0,0.107,0.182,0.273,22.64626,89.80163,SYNTHETIC_SAVENIJE_PHYSICS,986.3,0.0,319.0,0.0,294.0,0.0,288.0,0.0
22,Bagerhat,Bagerhat Sadar,Alaipur Khal Daratona,SW1,Bagerhat,03-JUN-15,6,154,0.4728,-0.8812,411,395,228,219,4200.0,0.0,0.125,0.177,0.425,22.64626,89.80163,SYNTHETIC_SAVENIJE_PHYSICS,1723.3,0.0,300.0,0.0,282.0,0.0,278.0,0.0
23,Bagerhat,Bagerhat Sadar,Alaipur Khal Daratona,SW1,Bagerhat,10-JUN-15,6,161,0.3635,-0.9316,353,343,196,190,5493.4,12.8,0.168,0.206,0.566,22.64626,89.80163,SYNTHETIC_SAVENIJE_PHYSICS,1941.8,12.8,284.0,0.0,278.0,0.0,288.0,0.0
24,Bagerhat,Bagerhat Sadar,Alaipur Khal Daratona,SW1,Bagerhat,17-JUN-15,6,168,0.2489,-0.9685,329,322,182,179,6956.9,3.5,0.209,0.19,0.692,22.64626,89.80163,SYNTHETIC_SAVENIJE_PHYSICS,2281.8,16.3,278.0,0.0,279.0,0.0,280.0,0.0
25,Bagerhat,Bagerhat Sadar,Alaipur Khal Daratona,SW1,Bagerhat,24-JUN-15,6,175,0.1308,-0.9914,319,306,177,170,8607.3,28.0,0.241,0.221,0.8,22.64626,89.80163,SYNTHETIC_SAVENIJE_PHYSICS,3052.4,44.3,294.0,0.0,272.0,0.0,288.0,0.0
26,Bagerhat,Bagerhat Sadar,Alaipur Khal Daratona,SW1,Bagerhat,01-JUL-15,7,182,0.0108,-0.9999,300,288,166,160,10355.5,0.0,0.252,0.295,0.887,22.64626,89.80163,SYNTHETIC_SAVENIJE_PHYSICS,4200.0,44.3,282.0,0.0,288.0,0.0,281.0,0.0
27,Bagerhat,Bagerhat Sadar,Alaipur Khal Daratona,SW1,Bagerhat,08-JUL-15,7,189,-0.1094,-0.994,284,273,157,151,12108.5,0.0,0.233,0.279,0.95,22.64626,89.80163,SYNTHETIC_SAVENIJE_PHYSICS,5493.4,31.5,278.0,0.0,278.0,0.0,285.0,0.0
28,Bagerhat,Bagerhat Sadar,Alaipur Khal Daratona,SW1,Bagerhat,15-JUL-15,7,196,-0.2281,-0.9736,278,270,154,150,13753.3,0.0,0.253,0.282,0.988,22.64626,89.80163,SYNTHETIC_SAVENIJE_PHYSICS,6956.9,28.0,279.0,0.0,288.0,0.0,285.0,0.0
29,Bagerhat,Bagerhat Sadar,Alaipur Khal Daratona,SW1,Bagerhat,22-JUL-15,7,203,-0.3434,-0.9392,294,288,163,160,15186.6,27.1,0.309,0.298,1.0,22.64626,89.80163,SYNTHETIC_SAVENIJE_PHYSICS,8607.3,27.1,272.0,0.0,280.0,0.0,286.0,0.0
30,Bagerhat,Bagerhat Sadar,Alaipur Khal Daratona,SW1,Bagerhat,29-JUL-15,7,210,-0.4537,-0.8912,282,273,156,151,16352.8,112.0,0.351,0.367,0.985,22.64626,89.80163,SYNTHETIC_SAVENIJE_PHYSICS,10355.5,139.1,288.0,0.0,288.0,0.0,290.0,0.0
31,Bagerhat,Bagerhat Sadar,Alaipur Khal Daratona,SW1,Bagerhat,05-AUG-15,8,217,-0.5575,-0.8302,278,268,154,149,17140.3,23.2,0.395,0.386,0.945,22.64626,89.80163,SYNTHETIC_SAVENIJE_PHYSICS,12108.5,162.3,278.0,0.0,281.0,0.0,298.0,0.0
32,Bagerhat,Bagerhat Sadar,Alaipur Khal Daratona,SW1,Bagerhat,12-AUG-15,8,224,-0.6532,-0.7572,279,272,155,151,17391.8,51.4,0.406,0.374,0.879,22.64626,89.80163,SYNTHETIC_SAVENIJE_PHYSICS,13753.3,213.7,288.0,0.0,285.0,0.0,333.0,0.0
33,Bagerhat,Bagerhat Sadar,Alaipur Khal Daratona,SW1,Bagerhat,19-AUG-15,8,231,-0.7394,-0.6733,272,265,151,147,17257.1,45.6,0.377,0.37,0.791,22.64626,89.80163,SYNTHETIC_SAVENIJE_PHYSICS,15186.6,232.2,280.0,0.0,285.0,0.0,351.0,0.0
34,Bagerhat,Bagerhat Sadar,Alaipur Khal Daratona,SW1,Bagerhat,26-AUG-15,8,238,-0.8149,-0.5796,288,278,160,154,16586.6,100.1,0.38,0.396,0.681,22.64626,89.80163,SYNTHETIC_SAVENIJE_PHYSICS,16352.8,220.3,288.0,0.0,286.0,0.0,407.0,0.0
35,Bagerhat,Bagerhat Sadar,Alaipur Khal Daratona,SW1,Bagerhat,02-SEP-15,9,245,-0.8786,-0.4775,278,267,154,148,15540.9,0.0,0.398,0.388,0.553,22.64626,89.80163,SYNTHETIC_SAVENIJE_PHYSICS,17140.3,197.1,281.0,0.0,290.0,0.0,474.0,0.0
36,Bagerhat,Bagerhat Sadar,Alaipur Khal Daratona,SW1,Bagerhat,09-SEP-15,9,252,-0.9296,-0.3685,288,278,160,154,14156.1,31.2,0.38,0.396,0.411,22.64626,89.80163,SYNTHETIC_SAVENIJE_PHYSICS,17391.8,176.9,285.0,0.0,298.0,0.0,554.0,0.0
37,Bagerhat,Bagerhat Sadar,Alaipur Khal Daratona,SW1,Bagerhat,16-SEP-15,9,259,-0.9672,-0.2541,280,273,155,151,12578.7,0.0,0.344,0.338,0.258,22.64626,89.80163,SYNTHETIC_SAVENIJE_PHYSICS,17257.1,131.3,285.0,0.0,333.0,0.0,612.0,0.0
38,Bagerhat,Bagerhat Sadar,Alaipur Khal Daratona,SW1,Bagerhat,23-SEP-15,9,266,-0.9907,-0.1361,288,280,160,155,16191.5,0.0,0.326,0.33,0.098,22.64626,89.80163,SYNTHETIC_SAVENIJE_PHYSICS,16586.6,31.2,286.0,0.0,351.0,0.0,684.0,0.0
39,Bagerhat,Bagerhat Sadar,Alaipur Khal Daratona,SW1,Bagerhat,30-SEP-15,9,273,-0.9999,-0.0161,281,273,156,151,13758.3,12.3,0.29,0.287,0.065,22.64626,89.80163,SYNTHETIC_SAVENIJE_PHYSICS,15540.9,43.5,290.0,0.0,407.0,0.0,712.0,0.0
40,Bagerhat,Bagerhat Sadar,Alaipur Khal Daratona,SW1,Bagerhat,07-OCT-15,10,280,-0.9946,0.1041,285,278,158,154,11490.5,0.0,0.225,0.258,0.226,22.64626,89.80163,SYNTHETIC_SAVENIJE_PHYSICS,14156.1,12.3,298.0,0.0,474.0,0.0,846.0,0.0
41,Bagerhat,Bagerhat Sadar,Alaipur Khal Daratona,SW1,Bagerhat,14-OCT-15,10,287,-0.9749,0.2228,285,275,158,152,9417.0,63.8,0.228,0.275,0.381,22.64626,89.80163,SYNTHETIC_SAVENIJE_PHYSICS,12578.7,76.1,333.0,0.0,554.0,0.0,1011.0,0.0
42,Bagerhat,Bagerhat Sadar,Alaipur Khal Daratona,SW1,Bagerhat,21-OCT-15,10,294,-0.941,0.3383,286,276,159,153,7701.0,0.0,0.216,0.262,0.525,22.64626,89.80163,SYNTHETIC_SAVENIJE_PHYSICS,16191.5,76.1,351.0,0.0,612.0,0.0,1221.0,0.0
43,Bagerhat,Bagerhat Sadar,Alaipur Khal Daratona,SW1,Bagerhat,28-OCT-15,10,301,-0.8936,0.4489,290,278,161,154,6251.4,0.0,0.208,0.223,0.656,22.64626,89.80163,SYNTHETIC_SAVENIJE_PHYSICS,13758.3,63.8,407.0,0.0,684.0,0.0,1542.0,1.0
44,Bagerhat,Bagerhat Sadar,Alaipur Khal Daratona,SW1,Bagerhat,04-NOV-15,11,308,-0.8332,0.553,298,291,165,161,5026.9,16.4,0.2,0.24,0.77,22.64626,89.80163,SYNTHETIC_SAVENIJE_PHYSICS,11490.5,80.2,474.0,0.0,712.0,0.0,1810.0,1.0
45,Bagerhat,Bagerhat Sadar,Alaipur Khal Daratona,SW1,Bagerhat,11-NOV-15,11,315,-0.7607,0.6491,333,323,185,179,4120.0,0.0,0.102,0.176,0.863,22.64626,89.80163,SYNTHETIC_SAVENIJE_PHYSICS,9417.0,16.4,554.0,0.0,846.0,0.0,2076.0,1.0
46,Bagerhat,Bagerhat Sadar,Alaipur Khal Daratona,SW1,Bagerhat,18-NOV-15,11,322,-0.6772,0.7358,351,339,195,188,3350.3,7.2,0.122,0.187,0.934,22.64626,89.80163,SYNTHETIC_SAVENIJE_PHYSICS,7701.0,23.6,612.0,0.0,1011.0,0.0,2542.0,1.0
47,Bagerhat,Bagerhat Sadar,Alaipur Khal Daratona,SW1,Bagerhat,25-NOV-15,11,329,-0.584,0.8118,407,391,226,217,2826.9,0.0,0.155,0.155,0.979,22.64626,89.80163,SYNTHETIC_SAVENIJE_PHYSICS,6251.4,23.6,684.0,0.0,1221.0,0.0,2662.0,1.0
48,Bagerhat,Bagerhat Sadar,Alaipur Khal Daratona,SW1,Bagerhat,02-DEC-15,12,336,-0.4822,0.8761,474,462,263,256,2371.2,0.0,0.117,0.115,0.999,22.64626,89.80163,SYNTHETIC_SAVENIJE_PHYSICS,5026.9,7.2,712.0,0.0,1542.0,1.0,2370.0,1.0
49,Bagerhat,Bagerhat Sadar,Alaipur Khal Daratona,SW1,Bagerhat,09-DEC-15,12,343,-0.3735,0.9276,554,540,308,300,2055.0,0.0,0.083,0.153,0.993,22.64626,89.80163,SYNTHETIC_SAVENIJE_PHYSICS,4120.0,7.2,846.0,0.0,1810.0,1.0,2662.0,1.0
50,Bagerhat,Bagerhat Sadar,Alaipur Khal Daratona,SW1,Bagerhat,16-DEC-15,12,350,-0.2593,0.9658,612,596,340,331,1859.2,0.0,0.152,0.156,0.96,22.64626,89.80163,SYNTHETIC_SAVENIJE_PHYSICS,3350.3,0.0,1011.0,0.0,2076.0,1.0,2877.0,1.0
51,Bagerhat,Bagerhat Sadar,Alaipur Khal Daratona,SW1,Bagerhat,23-DEC-15,12,357,-0.1414,0.9899,684,659,380,366,1685.9,0.0,0.102,0.151,0.902,22.64626,89.80163,SYNTHETIC_SAVENIJE_PHYSICS,2826.9,0.0,1221.0,0.0,2542.0,1.0,2441.0,1.0
52,Bagerhat,Bagerhat Sadar,Alaipur Khal Daratona,SW1,Bagerhat,30-DEC-15,12,364,-0.0215,0.9998,712,697,395,387,1615.4,0.0,0.109,0.147,0.82,22.64626,89.80163,SYNTHETIC_SAVENIJE_PHYSICS,2371.2,0.0,1542.0,1.0,2662.0,1.0,2409.0,1.0
53,Bagerhat,Bagerhat Sadar,Alaipur Khal Daratona,SW1,Bagerhat,06-JAN-16,1,6,0.103,0.9947,846,826,470,459,1023.2,0.0,0.102,0.125,0.555,22.64626,89.80163,SYNTHETIC_SAVENIJE_PHYSICS,2055.0,0.0,1810.0,1.0,2370.0,1.0,2329.0,1.0
54,Bagerhat,Bagerhat Sadar,Alaipur Khal Daratona,SW1,Bagerhat,13-JAN-16,1,13,0.2218,0.9751,1011,985,562,547,1006.5,23.2,0.099,0.127,0.682,22.64626,89.80163,SYNTHETIC_SAVENIJE_PHYSICS,1859.2,23.2,2076.0,1.0,2662.0,1.0,1978.0,1.0
55,Bagerhat,Bagerhat Sadar,Alaipur Khal Daratona,SW1,Bagerhat,20-JAN-16,1,20,0.3373,0.9414,1221,1189,678,661,831.1,0.0,0.09,0.152,0.792,22.64626,89.80163,SYNTHETIC_SAVENIJE_PHYSICS,1685.9,23.2,2542.0,1.0,2877.0,1.0,1551.0,1.0
56,Bagerhat,Bagerhat Sadar,Alaipur Khal Daratona,SW1,Bagerhat,27-JAN-16,1,27,0.4479,0.8941,1542,1510,857,839,666.7,0.0,0.145,0.148,0.88,22.64626,89.80163,SYNTHETIC_SAVENIJE_PHYSICS,1615.4,23.2,2662.0,1.0,2441.0,1.0,1302.0,0.0
57,Bagerhat,Bagerhat Sadar,Alaipur Khal Daratona,SW1,Bagerhat,03-FEB-16,2,34,0.5521,0.8338,1810,1774,1006,986,679.9,0.0,0.122,0.128,0.946,22.64626,89.80163,SYNTHETIC_SAVENIJE_PHYSICS,1023.2,23.2,2370.0,1.0,2409.0,1.0,1045.0,0.0
58,Bagerhat,Bagerhat Sadar,Alaipur Khal Daratona,SW1,Bagerhat,10-FEB-16,2,41,0.6483,0.7614,2076,2020,1154,1123,601.7,0.0,0.104,0.149,0.986,22.64626,89.80163,SYNTHETIC_SAVENIJE_PHYSICS,1006.5,0.0,2662.0,1.0,2329.0,1.0,831.0,0.0
59,Bagerhat,Bagerhat Sadar,Alaipur Khal Daratona,SW1,Bagerhat,17-FEB-16,2,48,0.735,0.678,2542,2463,1413,1369,451.8,0.0,0.098,0.108,1.0,22.64626,89.80163,SYNTHETIC_SAVENIJE_PHYSICS,831.1,0.0,2877.0,1.0,1978.0,1.0,699.0,0.0
60,Bagerhat,Bagerhat Sadar,Alaipur Khal Daratona,SW1,Bagerhat,24-FEB-16,2,55,0.8112,0.5848,2662,2576,1480,1432,507.9,0.0,0.067,0.114,0.988,22.64626,89.80163,SYNTHETIC_SAVENIJE_PHYSICS,666.7,0.0,2441.0,1.0,1551.0,1.0,595.0,0.0
61,Bagerhat,Bagerhat Sadar,Alaipur Khal Daratona,SW1,Bagerhat,02-MAR-16,3,62,0.8755,0.4831,2370,2317,1317,1288,624.5,0.0,0.114,0.16,0.949,22.64626,89.80163,SYNTHETIC_SAVENIJE_PHYSICS,679.9,0.0,2409.0,1.0,1302.0,0.0,481.0,0.0
62,Bagerhat,Bagerhat Sadar,Alaipur Khal Daratona,SW1,Bagerhat,09-MAR-16,3,69,0.9272,0.3745,2662,2593,1480,1441,429.4,0.0,0.069,0.142,0.886,22.64626,89.80163,SYNTHETIC_SAVENIJE_PHYSICS,601.7,0.0,2329.0,1.0,1045.0,0.0,424.0,0.0
63,Bagerhat,Bagerhat Sadar,Alaipur Khal Daratona,SW1,Bagerhat,16-MAR-16,3,76,0.9655,0.2604,2877,2766,1599,1537,456.5,0.0,0.092,0.118,0.799,22.64626,89.80163,SYNTHETIC_SAVENIJE_PHYSICS,451.8,0.0,1978.0,1.0,831.0,0.0,390.0,0.0
64,Bagerhat,Bagerhat Sadar,Alaipur Khal Daratona,SW1,Bagerhat,23-MAR-16,3,83,0.9898,0.1425,2441,2350,1357,1306,574.9,0.0,0.055,0.132,0.691,22.64626,89.80163,SYNTHETIC_SAVENIJE_PHYSICS,507.9,0.0,1551.0,1.0,699.0,0.0,346.0,0.0
65,Bagerhat,Bagerhat Sadar,Alaipur Khal Daratona,SW1,Bagerhat,30-MAR-16,3,90,0.9997,0.0226,2409,2360,1339,1312,514.4,0.0,0.046,0.129,0.565,22.64626,89.80163,SYNTHETIC_SAVENIJE_PHYSICS,624.5,0.0,1302.0,0.0,595.0,0.0,320.0,0.0
66,Bagerhat,Bagerhat Sadar,Alaipur Khal Daratona,SW1,Bagerhat,06-APR-16,4,97,0.9952,-0.0977,2329,2281,1294,1268,453.3,0.0,0.092,0.07,0.423,22.64626,89.80163,SYNTHETIC_SAVENIJE_PHYSICS,429.4,0.0,1045.0,0.0,481.0,0.0,301.0,0.0
67,Bagerhat,Bagerhat Sadar,Alaipur Khal Daratona,SW1,Bagerhat,13-APR-16,4,104,0.9763,-0.2165,1978,1940,1099,1078,650.0,0.0,0.072,0.109,0.271,22.64626,89.80163,SYNTHETIC_SAVENIJE_PHYSICS,456.5,0.0,831.0,0.0,424.0,0.0,281.0,0.0
68,Bagerhat,Bagerhat Sadar,Alaipur Khal Daratona,SW1,Bagerhat,20-APR-16,4,111,0.9432,-0.3322,1551,1503,862,835,802.8,0.0,0.051,0.128,0.111,22.64626,89.80163,SYNTHETIC_SAVENIJE_PHYSICS,574.9,0.0,699.0,0.0,390.0,0.0,280.0,0.0
69,Bagerhat,Bagerhat Sadar,Alaipur Khal Daratona,SW1,Bagerhat,27-APR-16,4,118,0.8965,-0.4431,1302,1272,723,707,871.0,0.0,0.102,0.123,0.051,22.64626,89.80163,SYNTHETIC_SAVENIJE_PHYSICS,514.4,0.0,595.0,0.0,346.0,0.0,292.0,0.0
70,Bagerhat,Bagerhat Sadar,Alaipur Khal Daratona,SW1,Bagerhat,04-MAY-16,5,125,0.8367,-0.5476,1045,1022,581,568,1192.9,0.0,0.138,0.139,0.212,22.64626,89.80163,SYNTHETIC_SAVENIJE_PHYSICS,453.3,0.0,481.0,0.0,320.0,0.0,278.0,0.0
71,Bagerhat,Bagerhat Sadar,Alaipur Khal Daratona,SW1,Bagerhat,11-MAY-16,5,132,0.7649,-0.6442,831,803,462,446,1634.6,0.0,0.13,0.162,0.368,22.64626,89.80163,SYNTHETIC_SAVENIJE_PHYSICS,650.0,0.0,424.0,0.0,301.0,0.0,277.0,0.0
72,Bagerhat,Bagerhat Sadar,Alaipur Khal Daratona,SW1,Bagerhat,18-MAY-16,5,139,0.682,-0.7314,699,673,388,374,1850.2,0.0,0.1,0.135,0.514,22.64626,89.80163,SYNTHETIC_SAVENIJE_PHYSICS,802.8,0.0,390.0,0.0,281.0,0.0,280.0,0.0
73,Bagerhat,Bagerhat Sadar,Alaipur Khal Daratona,SW1,Bagerhat,25-MAY-16,5,146,0.5892,-0.808,595,584,330,324,2598.5,0.0,0.115,0.129,0.646,22.64626,89.80163,SYNTHETIC_SAVENIJE_PHYSICS,871.0,0.0,346.0,0.0,280.0,0.0,274.0,0.0
74,Bagerhat,Bagerhat Sadar,Alaipur Khal Daratona,SW1,Bagerhat,01-JUN-16,6,153,0.4878,-0.8729,481,462,267,256,3548.8,0.0,0.145,0.168,0.761,22.64626,89.80163,SYNTHETIC_SAVENIJE_PHYSICS,1192.9,0.0,320.0,0.0,292.0,0.0,273.0,0.0
75,Bagerhat,Bagerhat Sadar,Alaipur Khal Daratona,SW1,Bagerhat,08-JUN-16,6,160,0.3795,-0.9252,424,412,235,229,4677.0,0.0,0.165,0.168,0.856,22.64626,89.80163,SYNTHETIC_SAVENIJE_PHYSICS,1634.6,0.0,301.0,0.0,278.0,0.0,280.0,0.0
76,Bagerhat,Bagerhat Sadar,Alaipur Khal Daratona,SW1,Bagerhat,15-JUN-16,6,167,0.2656,-0.9641,390,379,216,210,6002.7,0.0,0.153,0.187,0.929,22.64626,89.80163,SYNTHETIC_SAVENIJE_PHYSICS,1850.2,0.0,281.0,0.0,277.0,0.0,275.0,0.0
77,Bagerhat,Bagerhat Sadar,Alaipur Khal Daratona,SW1,Bagerhat,22-JUN-16,6,174,0.1478,-0.989,346,337,192,187,7447.6,0.0,0.18,0.201,0.976,22.64626,89.80163,SYNTHETIC_SAVENIJE_PHYSICS,2598.5,0.0,280.0,0.0,280.0,0.0,276.0,0.0
78,Bagerhat,Bagerhat Sadar,Alaipur Khal Daratona,SW1,Bagerhat,29-JUN-16,6,181,0.028,-0.9996,320,308,177,171,8998.3,11.7,0.213,0.276,0.998,22.64626,89.80163,SYNTHETIC_SAVENIJE_PHYSICS,3548.8,11.7,292.0,0.0,274.0,0.0,276.0,0.0
79,Bagerhat,Bagerhat Sadar,Alaipur Khal Daratona,SW1,Bagerhat,06-JUL-16,7,188,-0.0923,-0.9957,301,293,167,162,10635.8,84.0,0.288,0.247,0.994,22.64626,89.80163,SYNTHETIC_SAVENIJE_PHYSICS,4677.0,95.7,278.0,0.0,273.0,0.0,284.0,0.0
80,Bagerhat,Bagerhat Sadar,Alaipur Khal Daratona,SW1,Bagerhat,13-JUL-16,7,195,-0.2113,-0.9774,281,271,156,150,12105.2,44.9,0.319,0.324,0.964,22.64626,89.80163,SYNTHETIC_SAVENIJE_PHYSICS,6002.7,140.6,277.0,0.0,280.0,0.0,281.0,0.0
81,Bagerhat,Bagerhat Sadar,Alaipur Khal Daratona,SW1,Bagerhat,20-JUL-16,7,202,-0.3272,-0.945,280,273,155,151,13482.4,0.0,0.338,0.348,0.907,22.64626,89.80163,SYNTHETIC_SAVENIJE_PHYSICS,7447.6,140.6,280.0,0.0,275.0,0.0,286.0,0.0
82,Bagerhat,Bagerhat Sadar,Alaipur Khal Daratona,SW1,Bagerhat,27-JUL-16,7,209,-0.4383,-0.8988,292,281,162,156,14562.6,39.6,0.398,0.359,0.827,22.64626,89.80163,SYNTHETIC_SAVENIJE_PHYSICS,8998.3,168.5,274.0,0.0,276.0,0.0,300.0,0.0
83,Bagerhat,Bagerhat Sadar,Alaipur Khal Daratona,SW1,Bagerhat,03-AUG-16,8,216,-0.5431,-0.8397,278,271,154,150,15341.0,14.4,0.365,0.366,0.725,22.64626,89.80163,SYNTHETIC_SAVENIJE_PHYSICS,10635.8,98.9,273.0,0.0,276.0,0.0,313.0,0.0
84,Bagerhat,Bagerhat Sadar,Alaipur Khal Daratona,SW1,Bagerhat,10-AUG-16,8,223,-0.64,-0.7683,277,270,154,150,15685.0,0.0,0.33,0.346,0.604,22.64626,89.80163,SYNTHETIC_SAVENIJE_PHYSICS,12105.2,54.0,280.0,0.0,284.0,0.0,342.0,0.0
85,Bagerhat,Bagerhat Sadar,Alaipur Khal Daratona,SW1,Bagerhat,17-AUG-16,8,230,-0.7277,-0.6859,280,269,155,149,15604.8,32.6,0.372,0.344,0.467,22.64626,89.80163,SYNTHETIC_SAVENIJE_PHYSICS,13482.4,86.6,275.0,0.0,281.0,0.0,390.0,0.0
86,Bagerhat,Bagerhat Sadar,Alaipur Khal Daratona,SW1,Bagerhat,24-AUG-16,8,237,-0.8048,-0.5935,274,264,152,146,15098.5,33.4,0.32,0.331,0.318,22.64626,89.80163,SYNTHETIC_SAVENIJE_PHYSICS,14562.6,80.4,276.0,0.0,286.0,0.0,451.0,0.0
87,Bagerhat,Bagerhat Sadar,Alaipur Khal Daratona,SW1,Bagerhat,31-AUG-16,8,244,-0.8703,-0.4925,273,266,151,147,14189.8,36.6,0.36,0.335,0.16,22.64626,89.80163,SYNTHETIC_SAVENIJE_PHYSICS,15341.0,102.6,276.0,0.0,300.0,0.0,502.0,0.0
88,Bagerhat,Bagerhat Sadar,Alaipur Khal Daratona,SW1,Bagerhat,07-SEP-16,9,251,-0.9232,-0.3844,280,269,155,149,12962.4,103.5,0.381,0.372,0.002,22.64626,89.80163,SYNTHETIC_SAVENIJE_PHYSICS,15685.0,206.1,284.0,0.0,313.0,0.0,569.0,0.0
89,Bagerhat,Bagerhat Sadar,Alaipur Khal Daratona,SW1,Bagerhat,14-SEP-16,9,258,-0.9627,-0.2707,275,265,152,147,11496.0,59.9,0.432,0.369,0.164,22.64626,89.80163,SYNTHETIC_SAVENIJE_PHYSICS,15604.8,233.4,281.0,0.0,342.0,0.0,613.0,0.0
90,Bagerhat,Bagerhat Sadar,Alaipur Khal Daratona,SW1,Bagerhat,21-SEP-16,9,265,-0.9882,-0.1531,276,267,153,148,14887.1,0.0,0.369,0.39,0.322,22.64626,89.80163,SYNTHETIC_SAVENIJE_PHYSICS,15098.5,200.0,286.0,0.0,390.0,0.0,662.0,0.0
91,Bagerhat,Bagerhat Sadar,Alaipur Khal Daratona,SW1,Bagerhat,28-SEP-16,9,272,-0.9994,-0.0333,276,270,153,150,12599.7,65.5,0.365,0.386,0.471,22.64626,89.80163,SYNTHETIC_SAVENIJE_PHYSICS,14189.8,228.9,300.0,0.0,451.0,0.0,703.0,0.0
92,Bagerhat,Bagerhat Sadar,Alaipur Khal Daratona,SW1,Bagerhat,05-OCT-16,10,279,-0.9962,0.087,284,276,157,153,10569.5,0.0,0.301,0.321,0.608,22.64626,89.80163,SYNTHETIC_SAVENIJE_PHYSICS,12962.4,125.4,313.0,0.0,502.0,0.0,877.0,0.0
93,Bagerhat,Bagerhat Sadar,Alaipur Khal Daratona,SW1,Bagerhat,12-OCT-16,10,286,-0.9785,0.206,281,272,156,151,8700.0,38.4,0.263,0.249,0.728,22.64626,89.80163,SYNTHETIC_SAVENIJE_PHYSICS,11496.0,103.9,342.0,0.0,569.0,0.0,1031.0,0.0
94,Bagerhat,Bagerhat Sadar,Alaipur Khal Daratona,SW1,Bagerhat,19-OCT-16,10,293,-0.9467,0.3221,286,280,159,155,7130.8,0.0,0.273,0.234,0.83,22.64626,89.80163,SYNTHETIC_SAVENIJE_PHYSICS,14887.1,103.9,390.0,0.0,613.0,0.0,1291.0,0.0
95,Bagerhat,Bagerhat Sadar,Alaipur Khal Daratona,SW1,Bagerhat,26-OCT-16,10,300,-0.9012,0.4335,300,291,166,161,5779.8,18.5,0.176,0.181,0.909,22.64626,89.80163,SYNTHETIC_SAVENIJE_PHYSICS,12599.7,56.9,451.0,0.0,662.0,0.0,1420.0,0.0
96,Bagerhat,Bagerhat Sadar,Alaipur Khal Daratona,SW1,Bagerhat,02-NOV-16,11,307,-0.8426,0.5386,313,303,174,168,4639.1,0.0,0.192,0.22,0.965,22.64626,89.80163,SYNTHETIC_SAVENIJE_PHYSICS,10569.5,56.9,502.0,0.0,703.0,0.0,1506.0,1.0
97,Bagerhat,Bagerhat Sadar,Alaipur Khal Daratona,SW1,Bagerhat,09-NOV-16,11,314,-0.7718,0.6359,342,331,190,184,3756.5,0.0,0.164,0.178,0.995,22.64626,89.80163,SYNTHETIC_SAVENIJE_PHYSICS,8700.0,18.5,569.0,0.0,877.0,0.0,1648.0,1.0
98,Bagerhat,Bagerhat Sadar,Alaipur Khal Daratona,SW1,Bagerhat,16-NOV-16,11,321,-0.6898,0.724,390,377,216,209,3087.6,0.0,0.146,0.175,0.998,22.64626,89.80163,SYNTHETIC_SAVENIJE_PHYSICS,7130.8,18.5,613.0,0.0,1031.0,0.0,1786.0,1.0
99,Bagerhat,Bagerhat Sadar,Alaipur Khal Daratona,SW1,Bagerhat,23-NOV-16,11,328,-0.5978,0.8016,451,436,250,242,2528.2,0.0,0.094,0.121,0.975,22.64626,89.80163,SYNTHETIC_SAVENIJE_PHYSICS,5779.8,0.0,662.0,0.0,1291.0,0.0,1705.0,1.0
100,Bagerhat,Bagerhat Sadar,Alaipur Khal Daratona,SW1,Bagerhat,30-NOV-16,11,335,-0.4972,0.8676,502,489,279,271,2210.3,0.0,0.138,0.181,0.927,22.64626,89.80163,SYNTHETIC_SAVENIJE_PHYSICS,4639.1,0.0,703.0,0.0,1420.0,0.0,1903.0,1.0
101,Bagerhat,Bagerhat Sadar,Alaipur Khal Daratona,SW1,Bagerhat,07-DEC-16,12,342,-0.3894,0.9211,569,546,316,303,1901.9,0.0,0.13,0.13,0.854,22.64626,89.80163,SYNTHETIC_SAVENIJE_PHYSICS,3756.5,0.0,877.0,0.0,1506.0,1.0,2061.0,1.0
102,Bagerhat,Bagerhat Sadar,Alaipur Khal Daratona,SW1,Bagerhat,14-DEC-16,12,349,-0.2759,0.9612,613,597,340,331,1701.2,0.0,0.115,0.143,0.758,22.64626,89.80163,SYNTHETIC_SAVENIJE_PHYSICS,3087.6,0.0,1031.0,0.0,1648.0,1.0,1931.0,1.0
103,Bagerhat,Bagerhat Sadar,Alaipur Khal Daratona,SW1,Bagerhat,21-DEC-16,12,356,-0.1585,0.9874,662,638,368,354,1509.7,0.0,0.104,0.155,0.643,22.64626,89.80163,SYNTHETIC_SAVENIJE_PHYSICS,2528.2,0.0,1291.0,0.0,1786.0,1.0,1898.0,1.0
104,Bagerhat,Bagerhat Sadar,Alaipur Khal Daratona,SW1,Bagerhat,28-DEC-16,12,363,-0.0387,0.9993,703,680,390,378,1445.2,0.0,0.104,0.117,0.51,22.64626,89.80163,SYNTHETIC_SAVENIJE_PHYSICS,2210.3,0.0,1420.0,0.0,1705.0,1.0,2126.0,1.0
105,Bagerhat,Bagerhat Sadar,Alaipur Khal Daratona,SW1,Bagerhat,04-JAN-17,1,4,0.0688,0.9976,877,844,487,469,1267.2,0.0,0.095,0.124,0.991,22.64626,89.80163,SYNTHETIC_SAVENIJE_PHYSICS,1901.9,0.0,1506.0,1.0,1903.0,1.0,2097.0,1.0
106,Bagerhat,Bagerhat Sadar,Alaipur Khal Daratona,SW1,Bagerhat,11-JAN-17,1,11,0.1881,0.9821,1031,1002,573,557,1157.6,0.0,0.108,0.137,1.0,22.64626,89.80163,SYNTHETIC_SAVENIJE_PHYSICS,1701.2,0.0,1648.0,1.0,2061.0,1.0,1925.0,1.0
107,Bagerhat,Bagerhat Sadar,Alaipur Khal Daratona,SW1,Bagerhat,18-JAN-17,1,18,0.3047,0.9524,1291,1260,717,700,880.4,0.0,0.092,0.187,0.981,22.64626,89.80163,SYNTHETIC_SAVENIJE_PHYSICS,1509.7,0.0,1786.0,1.0,1931.0,1.0,1955.0,1.0
108,Bagerhat,Bagerhat Sadar,Alaipur Khal Daratona,SW1,Bagerhat,25-JAN-17,1,25,0.4169,0.9089,1420,1374,789,763,874.6,0.0,0.075,0.136,0.937,22.64626,89.80163,SYNTHETIC_SAVENIJE_PHYSICS,1445.2,0.0,1705.0,1.0,1898.0,1.0,1628.0,1.0
109,Bagerhat,Bagerhat Sadar,Alaipur Khal Daratona,SW1,Bagerhat,01-FEB-17,2,32,0.5231,0.8523,1506,1451,837,806,855.3,0.0,0.07,0.162,0.868,22.64626,89.80163,SYNTHETIC_SAVENIJE_PHYSICS,1267.2,0.0,1903.0,1.0,2126.0,1.0,1343.0,0.0
110,Bagerhat,Bagerhat Sadar,Alaipur Khal Daratona,SW1,Bagerhat,08-FEB-17,2,39,0.6217,0.7833,1648,1590,916,884,720.6,0.0,0.075,0.153,0.776,22.64626,89.80163,SYNTHETIC_SAVENIJE_PHYSICS,1157.6,0.0,2061.0,1.0,2097.0,1.0,1071.0,0.0
111,Bagerhat,Bagerhat Sadar,Alaipur Khal Daratona,SW1,Bagerhat,15-FEB-17,2,46,0.7113,0.7029,1786,1746,993,970,630.3,0.0,0.093,0.135,0.664,22.64626,89.80163,SYNTHETIC_SAVENIJE_PHYSICS,880.4,0.0,1931.0,1.0,1925.0,1.0,895.0,0.0
112,Bagerhat,Bagerhat Sadar,Alaipur Khal Daratona,SW1,Bagerhat,22-FEB-17,2,53,0.7906,0.6124,1705,1646,947,915,682.2,0.0,0.089,0.108,0.534,22.64626,89.80163,SYNTHETIC_SAVENIJE_PHYSICS,874.6,0.0,1898.0,1.0,1955.0,1.0,738.0,0.0
113,Bagerhat,Bagerhat Sadar,Alaipur Khal Daratona,SW1,Bagerhat,01-MAR-17,3,60,0.8584,0.513,1903,1859,1058,1033,513.2,0.0,0.091,0.147,0.389,22.64626,89.80163,SYNTHETIC_SAVENIJE_PHYSICS,855.3,0.0,2126.0,1.0,1628.0,1.0,559.0,0.0
114,Bagerhat,Bagerhat Sadar,Alaipur Khal Daratona,SW1,Bagerhat,08-MAR-17,3,67,0.9138,0.4061,2061,1993,1145,1108,412.4,0.0,0.096,0.095,0.235,22.64626,89.80163,SYNTHETIC_SAVENIJE_PHYSICS,720.6,0.0,2097.0,1.0,1343.0,0.0,457.0,0.0
115,Bagerhat,Bagerhat Sadar,Alaipur Khal Daratona,SW1,Bagerhat,15-MAR-17,3,74,0.956,0.2934,1931,1861,1073,1034,500.5,0.0,0.074,0.158,0.074,22.64626,89.80163,SYNTHETIC_SAVENIJE_PHYSICS,630.3,0.0,1925.0,1.0,1071.0,0.0,378.0,0.0
116,Bagerhat,Bagerhat Sadar,Alaipur Khal Daratona,SW1,Bagerhat,22-MAR-17,3,81,0.9843,0.1765,1898,1852,1055,1029,467.6,0.0,0.116,0.129,0.088,22.64626,89.80163,SYNTHETIC_SAVENIJE_PHYSICS,682.2,0.0,1955.0,1.0,895.0,0.0,340.0,0.0
117,Bagerhat,Bagerhat Sadar,Alaipur Khal Daratona,SW1,Bagerhat,29-MAR-17,3,88,0.9984,0.057,2126,2062,1182,1146,397.7,0.0,0.08,0.072,0.248,22.64626,89.80163,SYNTHETIC_SAVENIJE_PHYSICS,513.2,0.0,1628.0,1.0,738.0,0.0,307.0,0.0
118,Bagerhat,Bagerhat Sadar,Alaipur Khal Daratona,SW1,Bagerhat,05-APR-17,4,95,0.998,-0.0634,2097,2014,1165,1119,490.0,0.0,0.078,0.119,0.402,22.64626,89.80163,SYNTHETIC_SAVENIJE_PHYSICS,412.4,0.0,1343.0,0.0,559.0,0.0,305.0,0.0
119,Bagerhat,Bagerhat Sadar,Alaipur Khal Daratona,SW1,Bagerhat,12-APR-17,4,102,0.9831,-0.1828,1925,1888,1070,1049,705.1,0.0,0.099,0.141,0.545,22.64626,89.80163,SYNTHETIC_SAVENIJE_PHYSICS,500.5,0.0,1071.0,0.0,457.0,0.0,308.0,0.0
120,Bagerhat,Bagerhat Sadar,Alaipur Khal Daratona,SW1,Bagerhat,19-APR-17,4,109,0.9541,-0.2996,1955,1883,1086,1046,682.4,0.0,0.052,0.123,0.674,22.64626,89.80163,SYNTHETIC_SAVENIJE_PHYSICS,467.6,0.0,895.0,0.0,378.0,0.0,284.0,0.0
121,Bagerhat,Bagerhat Sadar,Alaipur Khal Daratona,SW1,Bagerhat,26-APR-17,4,116,0.9112,-0.412,1628,1575,905,875,927.0,0.0,0.077,0.145,0.785,22.64626,89.80163,SYNTHETIC_SAVENIJE_PHYSICS,397.7,0.0,738.0,0.0,340.0,0.0,274.0,0.0
122,Bagerhat,Bagerhat Sadar,Alaipur Khal Daratona,SW1,Bagerhat,03-MAY-17,5,123,0.8551,-0.5185,1343,1300,746,722,1344.9,1.4,0.118,0.119,0.875,22.64626,89.80163,SYNTHETIC_SAVENIJE_PHYSICS,490.0,1.4,559.0,0.0,307.0,0.0,287.0,0.0
123,Bagerhat,Bagerhat Sadar,Alaipur Khal Daratona,SW1,Bagerhat,10-MAY-17,5,130,0.7866,-0.6175,1071,1039,595,577,1740.0,3.2,0.071,0.117,0.942,22.64626,89.80163,SYNTHETIC_SAVENIJE_PHYSICS,705.1,4.6,457.0,0.0,305.0,0.0,277.0,0.0
124,Bagerhat,Bagerhat Sadar,Alaipur Khal Daratona,SW1,Bagerhat,17-MAY-17,5,137,0.7067,-0.7075,895,874,497,485,1948.0,0.0,0.131,0.144,0.984,22.64626,89.80163,SYNTHETIC_SAVENIJE_PHYSICS,682.4,4.6,378.0,0.0,308.0,0.0,288.0,0.0
125,Bagerhat,Bagerhat Sadar,Alaipur Khal Daratona,SW1,Bagerhat,24-MAY-17,5,144,0.6166,-0.7873,738,708,410,393,2820.1,0.0,0.15,0.156,1.0,22.64626,89.80163,SYNTHETIC_SAVENIJE_PHYSICS,927.0,4.6,340.0,0.0,284.0,0.0,278.0,0.0
126,Bagerhat,Bagerhat Sadar,Alaipur Khal Daratona,SW1,Bagerhat,31-MAY-17,5,151,0.5176,-0.8556,559,548,310,304,3807.8,0.0,0.125,0.159,0.989,22.64626,89.80163,SYNTHETIC_SAVENIJE_PHYSICS,1344.9,3.2,307.0,0.0,274.0,0.0,276.0,0.0
127,Bagerhat,Bagerhat Sadar,Alaipur Khal Daratona,SW1,Bagerhat,07-JUN-17,6,158,0.4111,-0.9116,457,445,254,247,4971.3,34.5,0.172,0.22,0.953,22.64626,89.80163,SYNTHETIC_SAVENIJE_PHYSICS,1740.0,34.5,305.0,0.0,287.0,0.0,279.0,0.0
128,Bagerhat,Bagerhat Sadar,Alaipur Khal Daratona,SW1,Bagerhat,14-JUN-17,6,165,0.2986,-0.9544,378,370,210,205,6389.7,0.0,0.207,0.195,0.891,22.64626,89.80163,SYNTHETIC_SAVENIJE_PHYSICS,1948.0,34.5,308.0,0.0,277.0,0.0,285.0,0.0
129,Bagerhat,Bagerhat Sadar,Alaipur Khal Daratona,SW1,Bagerhat,21-JUN-17,6,172,0.1818,-0.9833,340,332,189,184,8049.7,0.0,0.198,0.237,0.806,22.64626,89.80163,SYNTHETIC_SAVENIJE_PHYSICS,2820.1,34.5,284.0,0.0,288.0,0.0,279.0,0.0
130,Bagerhat,Bagerhat Sadar,Alaipur Khal Daratona,SW1,Bagerhat,28-JUN-17,6,179,0.0623,-0.9981,307,300,170,166,9815.7,0.0,0.248,0.253,0.699,22.64626,89.80163,SYNTHETIC_SAVENIJE_PHYSICS,3807.8,34.5,274.0,0.0,278.0,0.0,277.0,0.0
131,Bagerhat,Bagerhat Sadar,Alaipur Khal Daratona,SW1,Bagerhat,05-JUL-17,7,186,-0.058,-0.9983,305,296,169,164,11619.8,31.3,0.239,0.24,0.574,22.64626,89.80163,SYNTHETIC_SAVENIJE_PHYSICS,4971.3,31.3,287.0,0.0,276.0,0.0,280.0,0.0
132,Bagerhat,Bagerhat Sadar,Alaipur Khal Daratona,SW1,Bagerhat,12-JUL-17,7,193,-0.1775,-0.9841,308,298,171,165,13393.4,128.0,0.34,0.33,0.434,22.64626,89.80163,SYNTHETIC_SAVENIJE_PHYSICS,6389.7,159.3,277.0,0.0,279.0,0.0,275.0,0.0
133,Bagerhat,Bagerhat Sadar,Alaipur Khal Daratona,SW1,Bagerhat,19-JUL-17,7,200,-0.2945,-0.9557,284,275,157,152,15031.5,185.1,0.384,0.4,0.282,22.64626,89.80163,SYNTHETIC_SAVENIJE_PHYSICS,8049.7,344.4,288.0,0.0,285.0,0.0,287.0,0.0
134,Bagerhat,Bagerhat Sadar,Alaipur Khal Daratona,SW1,Bagerhat,26-JUL-17,7,207,-0.4071,-0.9134,274,267,152,148,16346.8,87.7,0.407,0.44,0.123,22.64626,89.80163,SYNTHETIC_SAVENIJE_PHYSICS,9815.7,432.1,278.0,0.0,279.0,0.0,280.0,0.0
135,Bagerhat,Bagerhat Sadar,Alaipur Khal Daratona,SW1,Bagerhat,02-AUG-17,8,214,-0.5139,-0.8578,287,278,159,154,17360.4,19.1,0.423,0.412,0.039,22.64626,89.80163,SYNTHETIC_SAVENIJE_PHYSICS,11619.8,419.9,276.0,0.0,277.0,0.0,296.0,0.0
136,Bagerhat,Bagerhat Sadar,Alaipur Khal Daratona,SW1,Bagerhat,09-AUG-17,8,221,-0.6132,-0.7899,277,270,154,150,17889.0,43.9,0.396,0.365,0.201,22.64626,89.80163,SYNTHETIC_SAVENIJE_PHYSICS,13393.4,335.8,279.0,0.0,280.0,0.0,316.0,0.0
137,Bagerhat,Bagerhat Sadar,Alaipur Khal Daratona,SW1,Bagerhat,16-AUG-17,8,228,-0.7037,-0.7105,288,277,160,154,17895.3,57.0,0.375,0.338,0.357,22.64626,89.80163,SYNTHETIC_SAVENIJE_PHYSICS,15031.5,207.7,285.0,0.0,275.0,0.0,328.0,0.0
138,Bagerhat,Bagerhat Sadar,Alaipur Khal Daratona,SW1,Bagerhat,23-AUG-17,8,235,-0.7839,-0.6208,278,271,154,150,17432.6,49.7,0.378,0.415,0.504,22.64626,89.80163,SYNTHETIC_SAVENIJE_PHYSICS,16346.8,169.7,279.0,0.0,287.0,0.0,347.0,0.0
139,Bagerhat,Bagerhat Sadar,Alaipur Khal Daratona,SW1,Bagerhat,30-AUG-17,8,242,-0.8528,-0.5222,276,266,153,147,16560.9,94.9,0.408,0.398,0.637,22.64626,89.80163,SYNTHETIC_SAVENIJE_PHYSICS,17360.4,245.5,277.0,0.0,280.0,0.0,361.0,0.0
140,Bagerhat,Bagerhat Sadar,Alaipur Khal Daratona,SW1,Bagerhat,06-SEP-17,9,249,-0.9094,-0.4159,279,273,155,151,15257.2,70.8,0.437,0.423,0.753,22.64626,89.80163,SYNTHETIC_SAVENIJE_PHYSICS,17889.0,272.4,280.0,0.0,296.0,0.0,388.0,0.0
141,Bagerhat,Bagerhat Sadar,Alaipur Khal Daratona,SW1,Bagerhat,13-SEP-17,9,256,-0.9528,-0.3037,285,274,158,152,13698.2,15.1,0.402,0.377,0.85,22.64626,89.80163,SYNTHETIC_SAVENIJE_PHYSICS,17895.3,230.5,275.0,0.0,316.0,0.0,403.0,0.0
142,Bagerhat,Bagerhat Sadar,Alaipur Khal Daratona,SW1,Bagerhat,20-SEP-17,9,263,-0.9824,-0.187,279,268,155,149,17794.2,0.0,0.392,0.407,0.924,22.64626,89.80163,SYNTHETIC_SAVENIJE_PHYSICS,17432.6,180.8,287.0,0.0,328.0,0.0,443.0,0.0
143,Bagerhat,Bagerhat Sadar,Alaipur Khal Daratona,SW1,Bagerhat,27-SEP-17,9,270,-0.9977,-0.0677,277,270,154,150,15116.0,60.8,0.381,0.387,0.974,22.64626,89.80163,SYNTHETIC_SAVENIJE_PHYSICS,16560.9,146.7,280.0,0.0,347.0,0.0,510.0,0.0
144,Bagerhat,Bagerhat Sadar,Alaipur Khal Daratona,SW1,Bagerhat,04-OCT-17,10,277,-0.9986,0.0527,280,273,155,151,12657.4,69.7,0.327,0.331,0.998,22.64626,89.80163,SYNTHETIC_SAVENIJE_PHYSICS,15257.2,145.6,296.0,0.0,361.0,0.0,810.0,0.0
145,Bagerhat,Bagerhat Sadar,Alaipur Khal Daratona,SW1,Bagerhat,11-OCT-17,10,284,-0.9851,0.1722,275,268,152,149,10461.7,0.0,0.286,0.299,0.995,22.64626,89.80163,SYNTHETIC_SAVENIJE_PHYSICS,13698.2,130.5,316.0,0.0,388.0,0.0,1034.0,0.0
146,Bagerhat,Bagerhat Sadar,Alaipur Khal Daratona,SW1,Bagerhat,18-OCT-17,10,291,-0.9572,0.2893,287,281,159,156,8564.7,0.0,0.25,0.286,0.967,22.64626,89.80163,SYNTHETIC_SAVENIJE_PHYSICS,17794.2,130.5,328.0,0.0,403.0,0.0,1299.0,0.0
147,Bagerhat,Bagerhat Sadar,Alaipur Khal Daratona,SW1,Bagerhat,25-OCT-17,10,298,-0.9155,0.4022,280,270,155,150,6875.1,0.0,0.24,0.246,0.912,22.64626,89.80163,SYNTHETIC_SAVENIJE_PHYSICS,15116.0,69.7,347.0,0.0,443.0,0.0,1418.0,0.0
148,Bagerhat,Bagerhat Sadar,Alaipur Khal Daratona,SW1,Bagerhat,01-NOV-17,11,305,-0.8606,0.5093,296,289,164,160,5535.6,0.0,0.103,0.184,0.834,22.64626,89.80163,SYNTHETIC_SAVENIJE_PHYSICS,12657.4,0.0,361.0,0.0,510.0,0.0,1540.0,1.0
149,Bagerhat,Bagerhat Sadar,Alaipur Khal Daratona,SW1,Bagerhat,08-NOV-17,11,312,-0.7932,0.609,316,305,175,169,4430.6,0.0,0.155,0.191,0.733,22.64626,89.80163,SYNTHETIC_SAVENIJE_PHYSICS,10461.7,0.0,388.0,0.0,810.0,0.0,1748.0,1.0
150,Bagerhat,Bagerhat Sadar,Alaipur Khal Daratona,SW1,Bagerhat,15-NOV-17,11,319,-0.7143,0.6998,328,318,182,176,3670.6,0.0,0.12,0.154,0.614,22.64626,89.80163,SYNTHETIC_SAVENIJE_PHYSICS,8564.7,0.0,403.0,0.0,1034.0,0.0,1698.0,1.0
151,Bagerhat,Bagerhat Sadar,Alaipur Khal Daratona,SW1,Bagerhat,22-NOV-17,11,326,-0.625,0.7806,347,336,192,186,3069.0,0.0,0.113,0.129,0.478,22.64626,89.80163,SYNTHETIC_SAVENIJE_PHYSICS,6875.1,0.0,443.0,0.0,1299.0,0.0,1634.0,1.0
152,Bagerhat,Bagerhat Sadar,Alaipur Khal Daratona,SW1,Bagerhat,29-NOV-17,11,333,-0.5268,0.85,361,346,200,192,2593.4,0.0,0.148,0.19,0.329,22.64626,89.80163,SYNTHETIC_SAVENIJE_PHYSICS,5535.6,0.0,510.0,0.0,1418.0,0.0,1779.0,1.0
153,Bagerhat,Bagerhat Sadar,Alaipur Khal Daratona,SW1,Bagerhat,06-DEC-17,12,340,-0.4208,0.9071,388,377,215,209,2211.7,15.0,0.104,0.141,0.171,22.64626,89.80163,SYNTHETIC_SAVENIJE_PHYSICS,4430.6,15.0,810.0,0.0,1540.0,1.0,2109.0,1.0
154,Bagerhat,Bagerhat Sadar,Alaipur Khal Daratona,SW1,Bagerhat,13-DEC-17,12,347,-0.3088,0.9511,403,393,224,218,1915.3,0.0,0.101,0.138,0.01,22.64626,89.80163,SYNTHETIC_SAVENIJE_PHYSICS,3670.6,15.0,1034.0,0.0,1748.0,1.0,1978.0,1.0
155,Bagerhat,Bagerhat Sadar,Alaipur Khal Daratona,SW1,Bagerhat,20-DEC-17,12,354,-0.1923,0.9813,443,426,246,236,1694.4,0.0,0.109,0.146,0.153,22.64626,89.80163,SYNTHETIC_SAVENIJE_PHYSICS,3069.0,15.0,1299.0,0.0,1698.0,1.0,2223.0,1.0
156,Bagerhat,Bagerhat Sadar,Alaipur Khal Daratona,SW1,Bagerhat,27-DEC-17,12,361,-0.073,0.9973,510,500,283,278,1582.6,0.0,0.118,0.147,0.311,22.64626,89.80163,SYNTHETIC_SAVENIJE_PHYSICS,2593.4,15.0,1418.0,0.0,1634.0,1.0,2643.0,1.0
157,Bagerhat,Bagerhat Sadar,Alaipur Khal Daratona,SW1,Bagerhat,03-JAN-18,1,3,0.0516,0.9987,810,787,450,437,1166.2,0.0,0.087,0.126,0.957,22.64626,89.80163,SYNTHETIC_SAVENIJE_PHYSICS,2211.7,0.0,1540.0,1.0,1779.0,1.0,2618.0,1.0
158,Bagerhat,Bagerhat Sadar,Alaipur Khal Daratona,SW1,Bagerhat,10-JAN-18,1,10,0.1712,0.9852,1034,996,574,553,995.6,0.0,0.062,0.131,0.897,22.64626,89.80163,SYNTHETIC_SAVENIJE_PHYSICS,1915.3,0.0,1748.0,1.0,2109.0,1.0,2567.0,1.0
159,Bagerhat,Bagerhat Sadar,Alaipur Khal Daratona,SW1,Bagerhat,17-JAN-18,1,17,0.2883,0.9575,1299,1265,722,703,768.1,0.0,0.073,0.128,0.814,22.64626,89.80163,SYNTHETIC_SAVENIJE_PHYSICS,1694.4,0.0,1698.0,1.0,1978.0,1.0,2527.0,1.0
160,Bagerhat,Bagerhat Sadar,Alaipur Khal Daratona,SW1,Bagerhat,24-JAN-18,1,24,0.4012,0.916,1418,1367,788,760,823.5,0.0,0.117,0.133,0.709,22.64626,89.80163,SYNTHETIC_SAVENIJE_PHYSICS,1582.6,0.0,1634.0,1.0,2223.0,1.0,2061.0,1.0
161,Bagerhat,Bagerhat Sadar,Alaipur Khal Daratona,SW1,Bagerhat,31-JAN-18,1,31,0.5084,0.8611,1540,1480,856,822,693.7,0.0,0.091,0.081,0.586,22.64626,89.80163,SYNTHETIC_SAVENIJE_PHYSICS,1166.2,0.0,1779.0,1.0,2643.0,1.0,1685.0,1.0
162,Bagerhat,Bagerhat Sadar,Alaipur Khal Daratona,SW1,Bagerhat,07-FEB-18,2,38,0.6081,0.7938,1748,1704,971,947,553.3,0.0,0.096,0.164,0.446,22.64626,89.80163,SYNTHETIC_SAVENIJE_PHYSICS,995.6,0.0,2109.0,1.0,2618.0,1.0,1338.0,0.0
163,Bagerhat,Bagerhat Sadar,Alaipur Khal Daratona,SW1,Bagerhat,14-FEB-18,2,45,0.6991,0.715,1698,1634,944,908,561.3,0.0,0.082,0.124,0.296,22.64626,89.80163,SYNTHETIC_SAVENIJE_PHYSICS,768.1,0.0,1978.0,1.0,2567.0,1.0,1114.0,0.0
164,Bagerhat,Bagerhat Sadar,Alaipur Khal Daratona,SW1,Bagerhat,21-FEB-18,2,52,0.7799,0.6259,1634,1572,908,874,565.1,0.0,0.074,0.138,0.137,22.64626,89.80163,SYNTHETIC_SAVENIJE_PHYSICS,823.5,0.0,2223.0,1.0,2527.0,1.0,809.0,0.0
165,Bagerhat,Bagerhat Sadar,Alaipur Khal Daratona,SW1,Bagerhat,28-FEB-18,2,59,0.8495,0.5277,1779,1736,989,965,443.8,0.0,0.119,0.098,0.026,22.64626,89.80163,SYNTHETIC_SAVENIJE_PHYSICS,693.7,0.0,2643.0,1.0,2061.0,1.0,618.0,0.0
166,Bagerhat,Bagerhat Sadar,Alaipur Khal Daratona,SW1,Bagerhat,07-MAR-18,3,66,0.9067,0.4218,2109,2027,1172,1127,359.2,0.0,0.081,0.115,0.187,22.64626,89.80163,SYNTHETIC_SAVENIJE_PHYSICS,553.3,0.0,2618.0,1.0,1685.0,1.0,505.0,0.0
167,Bagerhat,Bagerhat Sadar,Alaipur Khal Daratona,SW1,Bagerhat,14-MAR-18,3,73,0.9508,0.3098,1978,1934,1099,1075,512.2,0.0,0.078,0.113,0.344,22.64626,89.80163,SYNTHETIC_SAVENIJE_PHYSICS,561.3,0.0,2567.0,1.0,1338.0,0.0,402.0,0.0
168,Bagerhat,Bagerhat Sadar,Alaipur Khal Daratona,SW1,Bagerhat,21-MAR-18,3,80,0.9811,0.1934,2223,2173,1235,1208,458.8,0.0,0.108,0.155,0.492,22.64626,89.80163,SYNTHETIC_SAVENIJE_PHYSICS,565.1,0.0,2527.0,1.0,1114.0,0.0,357.0,0.0
169,Bagerhat,Bagerhat Sadar,Alaipur Khal Daratona,SW1,Bagerhat,28-MAR-18,3,87,0.9972,0.0741,2643,2545,1469,1415,329.9,0.0,0.07,0.112,0.626,22.64626,89.80163,SYNTHETIC_SAVENIJE_PHYSICS,443.8,0.0,2061.0,1.0,809.0,0.0,312.0,0.0
170,Bagerhat,Bagerhat Sadar,Alaipur Khal Daratona,SW1,Bagerhat,04-APR-18,4,94,0.9989,-0.0462,2618,2543,1455,1413,488.7,5.9,0.078,0.144,0.744,22.64626,89.80163,SYNTHETIC_SAVENIJE_PHYSICS,359.2,5.9,1685.0,1.0,618.0,0.0,302.0,0.0
171,Bagerhat,Bagerhat Sadar,Alaipur Khal Daratona,SW1,Bagerhat,11-APR-18,4,101,0.9861,-0.1659,2567,2469,1427,1372,583.2,0.0,0.091,0.117,0.843,22.64626,89.80163,SYNTHETIC_SAVENIJE_PHYSICS,512.2,5.9,1338.0,0.0,505.0,0.0,283.0,0.0
172,Bagerhat,Bagerhat Sadar,Alaipur Khal Daratona,SW1,Bagerhat,18-APR-18,4,108,0.9591,-0.2831,2527,2461,1405,1368,585.6,0.0,0.091,0.121,0.919,22.64626,89.80163,SYNTHETIC_SAVENIJE_PHYSICS,458.8,5.9,1114.0,0.0,402.0,0.0,281.0,0.0
173,Bagerhat,Bagerhat Sadar,Alaipur Khal Daratona,SW1,Bagerhat,25-APR-18,4,115,0.9181,-0.3963,2061,1981,1145,1101,836.3,0.0,0.1,0.128,0.971,22.64626,89.80163,SYNTHETIC_SAVENIJE_PHYSICS,329.9,5.9,809.0,0.0,357.0,0.0,289.0,0.0
174,Bagerhat,Bagerhat Sadar,Alaipur Khal Daratona,SW1,Bagerhat,02-MAY-18,5,122,0.8639,-0.5037,1685,1652,936,918,1199.5,0.0,0.138,0.16,0.997,22.64626,89.80163,SYNTHETIC_SAVENIJE_PHYSICS,488.7,0.0,618.0,0.0,312.0,0.0,282.0,0.0
175,Bagerhat,Bagerhat Sadar,Alaipur Khal Daratona,SW1,Bagerhat,09-MAY-18,5,129,0.7971,-0.6038,1338,1290,743,717,1545.5,0.0,0.107,0.1,0.997,22.64626,89.80163,SYNTHETIC_SAVENIJE_PHYSICS,583.2,0.0,505.0,0.0,302.0,0.0,279.0,0.0
176,Bagerhat,Bagerhat Sadar,Alaipur Khal Daratona,SW1,Bagerhat,16-MAY-18,5,136,0.7188,-0.6952,1114,1086,619,603,1780.5,0.0,0.056,0.114,0.97,22.64626,89.80163,SYNTHETIC_SAVENIJE_PHYSICS,585.6,0.0,402.0,0.0,283.0,0.0,276.0,0.0
177,Bagerhat,Bagerhat Sadar,Alaipur Khal Daratona,SW1,Bagerhat,23-MAY-18,5,143,0.6301,-0.7765,809,778,449,432,2626.3,0.0,0.122,0.112,0.918,22.64626,89.80163,SYNTHETIC_SAVENIJE_PHYSICS,836.3,0.0,357.0,0.0,281.0,0.0,279.0,0.0
178,Bagerhat,Bagerhat Sadar,Alaipur Khal Daratona,SW1,Bagerhat,30-MAY-18,5,150,0.5322,-0.8466,618,596,343,331,3537.3,0.0,0.128,0.14,0.841,22.64626,89.80163,SYNTHETIC_SAVENIJE_PHYSICS,1199.5,0.0,312.0,0.0,289.0,0.0,282.0,0.0
179,Bagerhat,Bagerhat Sadar,Alaipur Khal Daratona,SW1,Bagerhat,06-JUN-18,6,157,0.4267,-0.9044,505,489,280,271,4697.0,23.1,0.157,0.17,0.743,22.64626,89.80163,SYNTHETIC_SAVENIJE_PHYSICS,1545.5,23.1,302.0,0.0,282.0,0.0,286.0,0.0
180,Bagerhat,Bagerhat Sadar,Alaipur Khal Daratona,SW1,Bagerhat,13-JUN-18,6,164,0.3149,-0.9491,402,390,223,216,5993.5,13.1,0.186,0.176,0.624,22.64626,89.80163,SYNTHETIC_SAVENIJE_PHYSICS,1780.5,36.2,283.0,0.0,279.0,0.0,266.0,0.0
181,Bagerhat,Bagerhat Sadar,Alaipur Khal Daratona,SW1,Bagerhat,20-JUN-18,6,171,0.1986,-0.9801,357,350,198,194,7499.1,0.0,0.2,0.211,0.49,22.64626,89.80163,SYNTHETIC_SAVENIJE_PHYSICS,2626.3,36.2,281.0,0.0,276.0,0.0,276.0,0.0
182,Bagerhat,Bagerhat Sadar,Alaipur Khal Daratona,SW1,Bagerhat,27-JUN-18,6,178,0.0795,-0.9968,312,299,173,166,9152.3,0.0,0.222,0.205,0.342,22.64626,89.80163,SYNTHETIC_SAVENIJE_PHYSICS,3537.3,36.2,289.0,0.0,279.0,0.0,281.0,0.0
183,Bagerhat,Bagerhat Sadar,Alaipur Khal Daratona,SW1,Bagerhat,04-JUL-18,7,185,-0.0408,-0.9992,302,289,167,160,10868.8,26.3,0.26,0.246,0.185,22.64626,89.80163,SYNTHETIC_SAVENIJE_PHYSICS,4697.0,39.4,282.0,0.0,282.0,0.0,280.0,0.0
184,Bagerhat,Bagerhat Sadar,Alaipur Khal Daratona,SW1,Bagerhat,11-JUL-18,7,192,-0.1606,-0.987,283,273,157,151,12481.7,69.1,0.29,0.337,0.023,22.64626,89.80163,SYNTHETIC_SAVENIJE_PHYSICS,5993.5,95.4,279.0,0.0,286.0,0.0,284.0,0.0
185,Bagerhat,Bagerhat Sadar,Alaipur Khal Daratona,SW1,Bagerhat,18-JUL-18,7,199,-0.278,-0.9606,281,272,156,151,14033.2,0.0,0.303,0.339,0.139,22.64626,89.80163,SYNTHETIC_SAVENIJE_PHYSICS,7499.1,95.4,276.0,0.0,266.0,0.0,285.0,0.0
186,Bagerhat,Bagerhat Sadar,Alaipur Khal Daratona,SW1,Bagerhat,25-JUL-18,7,206,-0.3914,-0.9202,289,283,160,157,15395.2,112.9,0.46,0.404,0.298,22.64626,89.80163,SYNTHETIC_SAVENIJE_PHYSICS,9152.3,208.3,279.0,0.0,276.0,0.0,285.0,0.0
187,Bagerhat,Bagerhat Sadar,Alaipur Khal Daratona,SW1,Bagerhat,01-AUG-18,8,213,-0.4991,-0.8666,282,276,156,153,16355.3,24.3,0.386,0.38,0.448,22.64626,89.80163,SYNTHETIC_SAVENIJE_PHYSICS,10868.8,206.3,282.0,0.0,281.0,0.0,289.0,0.0
188,Bagerhat,Bagerhat Sadar,Alaipur Khal Daratona,SW1,Bagerhat,08-AUG-18,8,220,-0.5996,-0.8003,279,273,155,151,16885.0,111.4,0.402,0.369,0.587,22.64626,89.80163,SYNTHETIC_SAVENIJE_PHYSICS,12481.7,248.6,286.0,0.0,280.0,0.0,299.0,0.0
189,Bagerhat,Bagerhat Sadar,Alaipur Khal Daratona,SW1,Bagerhat,15-AUG-18,8,227,-0.6914,-0.7225,276,265,153,147,16956.3,37.9,0.37,0.377,0.711,22.64626,89.80163,SYNTHETIC_SAVENIJE_PHYSICS,14033.2,286.5,266.0,0.0,284.0,0.0,317.0,0.0
190,Bagerhat,Bagerhat Sadar,Alaipur Khal Daratona,SW1,Bagerhat,22-AUG-18,8,234,-0.7731,-0.6342,279,270,155,150,16582.2,55.9,0.402,0.399,0.815,22.64626,89.80163,SYNTHETIC_SAVENIJE_PHYSICS,15395.2,229.5,276.0,0.0,285.0,0.0,317.0,0.0
191,Bagerhat,Bagerhat Sadar,Alaipur Khal Daratona,SW1,Bagerhat,29-AUG-18,8,241,-0.8437,-0.5368,282,275,156,152,15770.7,61.8,0.381,0.417,0.898,22.64626,89.80163,SYNTHETIC_SAVENIJE_PHYSICS,16355.3,267.0,281.0,0.0,285.0,0.0,341.0,0.0
192,Bagerhat,Bagerhat Sadar,Alaipur Khal Daratona,SW1,Bagerhat,05-SEP-18,9,248,-0.9021,-0.4315,286,276,159,153,14652.5,93.9,0.391,0.418,0.958,22.64626,89.80163,SYNTHETIC_SAVENIJE_PHYSICS,16885.0,249.5,280.0,0.0,289.0,0.0,383.0,0.0
193,Bagerhat,Bagerhat Sadar,Alaipur Khal Daratona,SW1,Bagerhat,12-SEP-18,9,255,-0.9474,-0.32,266,259,147,144,13195.0,66.9,0.421,0.413,0.992,22.64626,89.80163,SYNTHETIC_SAVENIJE_PHYSICS,16956.3,278.5,284.0,0.0,299.0,0.0,459.0,0.0
194,Bagerhat,Bagerhat Sadar,Alaipur Khal Daratona,SW1,Bagerhat,19-SEP-18,9,262,-0.979,-0.2039,276,266,153,147,17303.6,0.0,0.409,0.385,0.999,22.64626,89.80163,SYNTHETIC_SAVENIJE_PHYSICS,16582.2,222.6,285.0,0.0,317.0,0.0,516.0,0.0
195,Bagerhat,Bagerhat Sadar,Alaipur Khal Daratona,SW1,Bagerhat,26-SEP-18,9,269,-0.9964,-0.0848,281,271,156,150,14770.9,0.0,0.38,0.373,0.981,22.64626,89.80163,SYNTHETIC_SAVENIJE_PHYSICS,15770.7,160.8,285.0,0.0,317.0,0.0,626.0,0.0
196,Bagerhat,Bagerhat Sadar,Alaipur Khal Daratona,SW1,Bagerhat,03-OCT-18,10,276,-0.9994,0.0355,280,274,155,152,12398.2,0.0,0.248,0.292,0.936,22.64626,89.80163,SYNTHETIC_SAVENIJE_PHYSICS,14652.5,66.9,289.0,0.0,341.0,0.0,908.0,0.0
197,Bagerhat,Bagerhat Sadar,Alaipur Khal Daratona,SW1,Bagerhat,10-OCT-18,10,283,-0.9879,0.1553,284,274,157,152,10267.9,0.0,0.254,0.236,0.867,22.64626,89.80163,SYNTHETIC_SAVENIJE_PHYSICS,13195.0,0.0,299.0,0.0,383.0,0.0,1113.0,0.0
198,Bagerhat,Bagerhat Sadar,Alaipur Khal Daratona,SW1,Bagerhat,17-OCT-18,10,290,-0.9621,0.2728,285,279,158,155,8360.7,0.0,0.168,0.258,0.775,22.64626,89.80163,SYNTHETIC_SAVENIJE_PHYSICS,17303.6,0.0,317.0,0.0,459.0,0.0,1292.0,0.0
199,Bagerhat,Bagerhat Sadar,Alaipur Khal Daratona,SW1,Bagerhat,24-OCT-18,10,297,-0.9223,0.3864,285,275,158,152,6711.5,0.0,0.2,0.163,0.662,22.64626,89.80163,SYNTHETIC_SAVENIJE_PHYSICS,14770.9,0.0,317.0,0.0,516.0,0.0,1292.0,0.0
200,Bagerhat,Bagerhat Sadar,Alaipur Khal Daratona,SW1,Bagerhat,31-OCT-18,10,304,-0.8692,0.4944,289,277,160,154,5381.3,0.0,0.172,0.178,0.532,22.64626,89.80163,SYNTHETIC_SAVENIJE_PHYSICS,12398.2,0.0,341.0,0.0,626.0,0.0,1365.0,0.0
201,Bagerhat,Bagerhat Sadar,Alaipur Khal Daratona,SW1,Bagerhat,07-NOV-18,11,311,-0.8035,0.5952,299,288,166,160,4274.4,0.0,0.149,0.194,0.387,22.64626,89.80163,SYNTHETIC_SAVENIJE_PHYSICS,10267.9,0.0,383.0,0.0,908.0,0.0,1536.0,1.0
202,Bagerhat,Bagerhat Sadar,Alaipur Khal Daratona,SW1,Bagerhat,14-NOV-18,11,318,-0.7262,0.6875,317,305,176,169,3449.3,0.0,0.109,0.131,0.233,22.64626,89.80163,SYNTHETIC_SAVENIJE_PHYSICS,8360.7,0.0,459.0,0.0,1113.0,0.0,1613.0,1.0
203,Bagerhat,Bagerhat Sadar,Alaipur Khal Daratona,SW1,Bagerhat,21-NOV-18,11,325,-0.6384,0.7697,317,307,176,170,2858.3,0.0,0.121,0.14,0.072,22.64626,89.80163,SYNTHETIC_SAVENIJE_PHYSICS,6711.5,0.0,516.0,0.0,1292.0,0.0,1872.0,1.0
204,Bagerhat,Bagerhat Sadar,Alaipur Khal Daratona,SW1,Bagerhat,28-NOV-18,11,332,-0.5413,0.8408,341,328,189,182,2423.8,0.0,0.103,0.138,0.09,22.64626,89.80163,SYNTHETIC_SAVENIJE_PHYSICS,5381.3,0.0,626.0,0.0,1292.0,0.0,2301.0,1.0
205,Bagerhat,Bagerhat Sadar,Alaipur Khal Daratona,SW1,Bagerhat,05-DEC-18,12,339,-0.4364,0.8998,383,372,212,206,2102.6,0.0,0.109,0.14,0.251,22.64626,89.80163,SYNTHETIC_SAVENIJE_PHYSICS,4274.4,0.0,908.0,0.0,1365.0,0.0,2559.0,1.0
206,Bagerhat,Bagerhat Sadar,Alaipur Khal Daratona,SW1,Bagerhat,12-DEC-18,12,346,-0.3251,0.9457,459,449,255,249,1839.0,0.0,0.1,0.11,0.404,22.64626,89.80163,SYNTHETIC_SAVENIJE_PHYSICS,3449.3,0.0,1113.0,0.0,1536.0,1.0,2838.0,1.0
207,Bagerhat,Bagerhat Sadar,Alaipur Khal Daratona,SW1,Bagerhat,19-DEC-18,12,353,-0.2092,0.9779,516,499,286,277,1710.6,0.0,0.062,0.152,0.547,22.64626,89.80163,SYNTHETIC_SAVENIJE_PHYSICS,2858.3,0.0,1292.0,0.0,1613.0,1.0,3128.0,2.0
208,Bagerhat,Bagerhat Sadar,Alaipur Khal Daratona,SW1,Bagerhat,26-DEC-18,12,360,-0.0902,0.9959,626,603,348,335,1539.9,0.0,0.123,0.151,0.675,22.64626,89.80163,SYNTHETIC_SAVENIJE_PHYSICS,2423.8,0.0,1292.0,0.0,1872.0,1.0,3493.0,2.0
209,Bagerhat,Bagerhat Sadar,Alaipur Khal Daratona,SW1,Bagerhat,02-JAN-19,1,2,0.0344,0.9994,908,879,504,488,1007.8,0.0,0.092,0.142,0.752,22.64626,89.80163,SYNTHETIC_SAVENIJE_PHYSICS,2102.6,0.0,1365.0,0.0,2301.0,1.0,3409.0,2.0
210,Bagerhat,Bagerhat Sadar,Alaipur Khal Daratona,SW1,Bagerhat,09-JAN-19,1,9,0.1542,0.988,1113,1087,618,604,838.9,0.0,0.081,0.112,0.635,22.64626,89.80163,SYNTHETIC_SAVENIJE_PHYSICS,1839.0,0.0,1536.0,1.0,2559.0,1.0,3198.0,2.0
211,Bagerhat,Bagerhat Sadar,Alaipur Khal Daratona,SW1,Bagerhat,16-JAN-19,1,16,0.2718,0.9624,1292,1257,718,698,720.0,0.0,0.078,0.13,0.502,22.64626,89.80163,SYNTHETIC_SAVENIJE_PHYSICS,1710.6,0.0,1613.0,1.0,2838.0,1.0,3006.0,2.0
212,Bagerhat,Bagerhat Sadar,Alaipur Khal Daratona,SW1,Bagerhat,23-JAN-19,1,23,0.3854,0.9227,1292,1243,718,691,768.9,0.0,0.097,0.111,0.355,22.64626,89.80163,SYNTHETIC_SAVENIJE_PHYSICS,1539.9,0.0,1872.0,1.0,3128.0,2.0,2518.0,1.0
213,Bagerhat,Bagerhat Sadar,Alaipur Khal Daratona,SW1,Bagerhat,30-JAN-19,1,30,0.4935,0.8698,1365,1326,758,737,629.5,0.0,0.071,0.121,0.199,22.64626,89.80163,SYNTHETIC_SAVENIJE_PHYSICS,1007.8,0.0,2301.0,1.0,3493.0,2.0,2027.0,1.0
214,Bagerhat,Bagerhat Sadar,Alaipur Khal Daratona,SW1,Bagerhat,06-FEB-19,2,37,0.5944,0.8042,1536,1490,854,828,499.3,0.0,0.042,0.169,0.037,22.64626,89.80163,SYNTHETIC_SAVENIJE_PHYSICS,838.9,0.0,2559.0,1.0,3409.0,2.0,1632.0,1.0
215,Bagerhat,Bagerhat Sadar,Alaipur Khal Daratona,SW1,Bagerhat,13-FEB-19,2,44,0.6867,0.727,1613,1560,896,867,514.7,38.1,0.117,0.147,0.125,22.64626,89.80163,SYNTHETIC_SAVENIJE_PHYSICS,720.0,38.1,2838.0,1.0,3198.0,2.0,1197.0,0.0
216,Bagerhat,Bagerhat Sadar,Alaipur Khal Daratona,SW1,Bagerhat,20-FEB-19,2,51,0.769,0.6392,1872,1801,1040,1001,447.7,0.0,0.118,0.121,0.284,22.64626,89.80163,SYNTHETIC_SAVENIJE_PHYSICS,768.9,38.1,3128.0,2.0,3006.0,2.0,905.0,0.0
217,Bagerhat,Bagerhat Sadar,Alaipur Khal Daratona,SW1,Bagerhat,27-FEB-19,2,58,0.8402,0.5422,2301,2258,1279,1255,350.6,0.0,0.102,0.147,0.436,22.64626,89.80163,SYNTHETIC_SAVENIJE_PHYSICS,629.5,38.1,3493.0,2.0,2518.0,1.0,691.0,0.0
218,Bagerhat,Bagerhat Sadar,Alaipur Khal Daratona,SW1,Bagerhat,06-MAR-19,3,65,0.8993,0.4373,2559,2466,1422,1371,385.5,0.0,0.084,0.117,0.576,22.64626,89.80163,SYNTHETIC_SAVENIJE_PHYSICS,499.3,38.1,3409.0,2.0,2027.0,1.0,551.0,0.0
219,Bagerhat,Bagerhat Sadar,Alaipur Khal Daratona,SW1,Bagerhat,13-MAR-19,3,72,0.9453,0.3261,2838,2736,1577,1521,424.0,0.0,0.087,0.101,0.701,22.64626,89.80163,SYNTHETIC_SAVENIJE_PHYSICS,514.7,0.0,3198.0,2.0,1632.0,1.0,429.0,0.0
220,Bagerhat,Bagerhat Sadar,Alaipur Khal Daratona,SW1,Bagerhat,20-MAR-19,3,79,0.9777,0.2102,3128,3012,1739,1674,334.1,0.0,0.055,0.103,0.807,22.64626,89.80163,SYNTHETIC_SAVENIJE_PHYSICS,447.7,0.0,3006.0,2.0,1197.0,0.0,349.0,0.0
221,Bagerhat,Bagerhat Sadar,Alaipur Khal Daratona,SW1,Bagerhat,27-MAR-19,3,86,0.9958,0.0913,3493,3397,1942,1888,305.9,0.0,0.064,0.115,0.892,22.64626,89.80163,SYNTHETIC_SAVENIJE_PHYSICS,350.6,0.0,2518.0,1.0,905.0,0.0,328.0,0.0
222,Bagerhat,Bagerhat Sadar,Alaipur Khal Daratona,SW1,Bagerhat,03-APR-19,4,93,0.9996,-0.029,3409,3305,1895,1837,455.5,0.0,0.071,0.144,0.954,22.64626,89.80163,SYNTHETIC_SAVENIJE_PHYSICS,385.5,0.0,2027.0,1.0,691.0,0.0,325.0,0.0
223,Bagerhat,Bagerhat Sadar,Alaipur Khal Daratona,SW1,Bagerhat,10-APR-19,4,100,0.9889,-0.1489,3198,3087,1778,1716,465.1,0.0,0.103,0.137,0.99,22.64626,89.80163,SYNTHETIC_SAVENIJE_PHYSICS,424.0,0.0,1632.0,1.0,551.0,0.0,301.0,0.0
224,Bagerhat,Bagerhat Sadar,Alaipur Khal Daratona,SW1,Bagerhat,17-APR-19,4,107,0.9638,-0.2666,3006,2914,1671,1620,526.6,0.0,0.08,0.137,1.0,22.64626,89.80163,SYNTHETIC_SAVENIJE_PHYSICS,334.1,0.0,1197.0,0.0,429.0,0.0,285.0,0.0
225,Bagerhat,Bagerhat Sadar,Alaipur Khal Daratona,SW1,Bagerhat,24-APR-19,4,114,0.9248,-0.3804,2518,2454,1400,1364,732.3,0.0,0.081,0.107,0.983,22.64626,89.80163,SYNTHETIC_SAVENIJE_PHYSICS,305.9,0.0,905.0,0.0,349.0,0.0,289.0,0.0
226,Bagerhat,Bagerhat Sadar,Alaipur Khal Daratona,SW1,Bagerhat,01-MAY-19,5,121,0.8724,-0.4888,2027,1958,1127,1088,973.9,0.0,0.132,0.121,0.941,22.64626,89.80163,SYNTHETIC_SAVENIJE_PHYSICS,455.5,0.0,691.0,0.0,328.0,0.0,279.0,0.0
227,Bagerhat,Bagerhat Sadar,Alaipur Khal Daratona,SW1,Bagerhat,08-MAY-19,5,128,0.8074,-0.59,1632,1599,907,889,1164.3,0.0,0.103,0.139,0.874,22.64626,89.80163,SYNTHETIC_SAVENIJE_PHYSICS,465.1,0.0,551.0,0.0,325.0,0.0,275.0,0.0
228,Bagerhat,Bagerhat Sadar,Alaipur Khal Daratona,SW1,Bagerhat,15-MAY-19,5,135,0.7306,-0.6828,1197,1157,665,643,1675.5,34.5,0.129,0.144,0.783,22.64626,89.80163,SYNTHETIC_SAVENIJE_PHYSICS,526.6,34.5,429.0,0.0,301.0,0.0,280.0,0.0
229,Bagerhat,Bagerhat Sadar,Alaipur Khal Daratona,SW1,Bagerhat,22-MAY-19,5,142,0.6433,-0.7656,905,872,503,484,2290.2,0.0,0.123,0.158,0.672,22.64626,89.80163,SYNTHETIC_SAVENIJE_PHYSICS,732.3,34.5,349.0,0.0,285.0,0.0,282.0,0.0
230,Bagerhat,Bagerhat Sadar,Alaipur Khal Daratona,SW1,Bagerhat,29-MAY-19,5,149,0.5467,-0.8373,691,677,384,376,2686.7,0.0,0.124,0.177,0.543,22.64626,89.80163,SYNTHETIC_SAVENIJE_PHYSICS,973.9,34.5,328.0,0.0,289.0,0.0,271.0,0.0
231,Bagerhat,Bagerhat Sadar,Alaipur Khal Daratona,SW1,Bagerhat,05-JUN-19,6,156,0.4422,-0.8969,551,538,306,299,3538.3,0.0,0.103,0.172,0.4,22.64626,89.80163,SYNTHETIC_SAVENIJE_PHYSICS,1164.3,34.5,325.0,0.0,279.0,0.0,275.0,0.0
232,Bagerhat,Bagerhat Sadar,Alaipur Khal Daratona,SW1,Bagerhat,12-JUN-19,6,163,0.3312,-0.9436,429,415,238,230,4647.3,0.0,0.161,0.179,0.246,22.64626,89.80163,SYNTHETIC_SAVENIJE_PHYSICS,1675.5,0.0,301.0,0.0,275.0,0.0,282.0,0.0
233,Bagerhat,Bagerhat Sadar,Alaipur Khal Daratona,SW1,Bagerhat,19-JUN-19,6,170,0.2155,-0.9765,349,341,194,189,5768.7,0.0,0.166,0.219,0.086,22.64626,89.80163,SYNTHETIC_SAVENIJE_PHYSICS,2290.2,0.0,285.0,0.0,280.0,0.0,279.0,0.0
234,Bagerhat,Bagerhat Sadar,Alaipur Khal Daratona,SW1,Bagerhat,26-JUN-19,6,177,0.0966,-0.9953,328,318,182,176,7124.8,38.2,0.193,0.219,0.077,22.64626,89.80163,SYNTHETIC_SAVENIJE_PHYSICS,2686.7,38.2,289.0,0.0,282.0,0.0,284.0,0.0
235,Bagerhat,Bagerhat Sadar,Alaipur Khal Daratona,SW1,Bagerhat,03-JUL-19,7,184,-0.0237,-0.9997,325,314,180,174,8521.3,47.4,0.24,0.286,0.237,22.64626,89.80163,SYNTHETIC_SAVENIJE_PHYSICS,3538.3,85.6,279.0,0.0,271.0,0.0,275.0,0.0
236,Bagerhat,Bagerhat Sadar,Alaipur Khal Daratona,SW1,Bagerhat,10-JUL-19,7,191,-0.1436,-0.9896,301,294,167,163,9912.2,34.4,0.295,0.307,0.391,22.64626,89.80163,SYNTHETIC_SAVENIJE_PHYSICS,4647.3,120.0,275.0,0.0,275.0,0.0,287.0,0.0
237,Bagerhat,Bagerhat Sadar,Alaipur Khal Daratona,SW1,Bagerhat,17-JUL-19,7,198,-0.2614,-0.9652,285,278,158,154,11182.7,38.5,0.289,0.3,0.535,22.64626,89.80163,SYNTHETIC_SAVENIJE_PHYSICS,5768.7,158.5,280.0,0.0,282.0,0.0,278.0,0.0
238,Bagerhat,Bagerhat Sadar,Alaipur Khal Daratona,SW1,Bagerhat,24-JUL-19,7,205,-0.3755,-0.9268,289,279,160,155,12243.1,39.9,0.323,0.321,0.665,22.64626,89.80163,SYNTHETIC_SAVENIJE_PHYSICS,7124.8,160.2,282.0,0.0,279.0,0.0,296.0,0.0
239,Bagerhat,Bagerhat Sadar,Alaipur Khal Daratona,SW1,Bagerhat,31-JUL-19,7,212,-0.4841,-0.875,279,271,155,150,13034.0,30.7,0.313,0.327,0.777,22.64626,89.80163,SYNTHETIC_SAVENIJE_PHYSICS,8521.3,143.5,271.0,0.0,284.0,0.0,280.0,0.0
240,Bagerhat,Bagerhat Sadar,Alaipur Khal Daratona,SW1,Bagerhat,07-AUG-19,8,219,-0.5857,-0.8105,275,266,152,147,13581.0,35.1,0.379,0.333,0.869,22.64626,89.80163,SYNTHETIC_SAVENIJE_PHYSICS,9912.2,144.2,275.0,0.0,275.0,0.0,290.0,0.0
241,Bagerhat,Bagerhat Sadar,Alaipur Khal Daratona,SW1,Bagerhat,14-AUG-19,8,226,-0.6788,-0.7343,280,268,155,149,13696.0,70.2,0.381,0.366,0.938,22.64626,89.80163,SYNTHETIC_SAVENIJE_PHYSICS,11182.7,175.9,282.0,0.0,287.0,0.0,316.0,0.0
242,Bagerhat,Bagerhat Sadar,Alaipur Khal Daratona,SW1,Bagerhat,21-AUG-19,8,233,-0.7621,-0.6474,282,276,156,153,13533.5,121.0,0.356,0.412,0.982,22.64626,89.80163,SYNTHETIC_SAVENIJE_PHYSICS,12243.1,257.0,279.0,0.0,278.0,0.0,358.0,0.0
243,Bagerhat,Bagerhat Sadar,Alaipur Khal Daratona,SW1,Bagerhat,28-AUG-19,8,240,-0.8344,-0.5512,271,263,150,146,12906.8,19.9,0.362,0.419,1.0,22.64626,89.80163,SYNTHETIC_SAVENIJE_PHYSICS,13034.0,246.2,284.0,0.0,296.0,0.0,408.0,0.0
244,Bagerhat,Bagerhat Sadar,Alaipur Khal Daratona,SW1,Bagerhat,04-SEP-19,9,247,-0.8945,-0.447,275,267,152,148,12005.9,40.5,0.381,0.392,0.991,22.64626,89.80163,SYNTHETIC_SAVENIJE_PHYSICS,13581.0,251.6,275.0,0.0,280.0,0.0,496.0,0.0
245,Bagerhat,Bagerhat Sadar,Alaipur Khal Daratona,SW1,Bagerhat,11-SEP-19,9,254,-0.9418,-0.3363,282,274,156,152,10813.9,14.0,0.326,0.335,0.956,22.64626,89.80163,SYNTHETIC_SAVENIJE_PHYSICS,13696.0,195.4,287.0,0.0,290.0,0.0,597.0,0.0
246,Bagerhat,Bagerhat Sadar,Alaipur Khal Daratona,SW1,Bagerhat,18-SEP-19,9,261,-0.9753,-0.2207,279,271,155,150,14263.5,0.0,0.286,0.282,0.896,22.64626,89.80163,SYNTHETIC_SAVENIJE_PHYSICS,13533.5,74.4,278.0,0.0,316.0,0.0,701.0,0.0
247,Bagerhat,Bagerhat Sadar,Alaipur Khal Daratona,SW1,Bagerhat,25-SEP-19,9,268,-0.9948,-0.102,284,274,157,152,12229.2,24.9,0.327,0.304,0.813,22.64626,89.80163,SYNTHETIC_SAVENIJE_PHYSICS,12906.8,79.4,296.0,0.0,358.0,0.0,834.0,0.0
248,Bagerhat,Bagerhat Sadar,Alaipur Khal Daratona,SW1,Bagerhat,02-OCT-19,10,275,-0.9998,0.0183,275,269,152,149,10316.1,0.0,0.246,0.26,0.708,22.64626,89.80163,SYNTHETIC_SAVENIJE_PHYSICS,12005.9,38.9,280.0,0.0,408.0,0.0,748.0,0.0
249,Bagerhat,Bagerhat Sadar,Alaipur Khal Daratona,SW1,Bagerhat,09-OCT-19,10,282,-0.9904,0.1383,287,279,159,155,8566.0,0.0,0.218,0.236,0.584,22.64626,89.80163,SYNTHETIC_SAVENIJE_PHYSICS,10813.9,24.9,290.0,0.0,496.0,0.0,745.0,0.0
250,Bagerhat,Bagerhat Sadar,Alaipur Khal Daratona,SW1,Bagerhat,16-OCT-19,10,289,-0.9666,0.2562,278,270,154,150,6966.4,0.0,0.173,0.256,0.445,22.64626,89.80163,SYNTHETIC_SAVENIJE_PHYSICS,14263.5,24.9,316.0,0.0,597.0,0.0,753.0,0.0
251,Bagerhat,Bagerhat Sadar,Alaipur Khal Daratona,SW1,Bagerhat,23-OCT-19,10,296,-0.9288,0.3705,296,287,164,159,5695.5,0.0,0.17,0.211,0.293,22.64626,89.80163,SYNTHETIC_SAVENIJE_PHYSICS,12229.2,0.0,358.0,0.0,701.0,0.0,714.0,0.0
252,Bagerhat,Bagerhat Sadar,Alaipur Khal Daratona,SW1,Bagerhat,30-OCT-19,10,303,-0.8776,0.4794,280,270,155,150,4627.1,0.0,0.134,0.19,0.135,22.64626,89.80163,SYNTHETIC_SAVENIJE_PHYSICS,10316.1,0.0,408.0,0.0,834.0,0.0,902.0,0.0
253,Bagerhat,Bagerhat Sadar,Alaipur Khal Daratona,SW1,Bagerhat,06-NOV-19,11,310,-0.8137,0.5813,290,278,161,154,3714.7,0.0,0.124,0.144,0.028,22.64626,89.80163,SYNTHETIC_SAVENIJE_PHYSICS,8566.0,0.0,496.0,0.0,748.0,0.0,1126.0,0.0
254,Bagerhat,Bagerhat Sadar,Alaipur Khal Daratona,SW1,Bagerhat,13-NOV-19,11,317,-0.7379,0.6749,316,305,175,169,3076.5,0.0,0.133,0.146,0.189,22.64626,89.80163,SYNTHETIC_SAVENIJE_PHYSICS,6966.4,0.0,597.0,0.0,745.0,0.0,1285.0,0.0
255,Bagerhat,Bagerhat Sadar,Alaipur Khal Daratona,SW1,Bagerhat,20-NOV-19,11,324,-0.6515,0.7586,358,345,199,191,2573.1,0.0,0.082,0.148,0.346,22.64626,89.80163,SYNTHETIC_SAVENIJE_PHYSICS,5695.5,0.0,701.0,0.0,753.0,0.0,1572.0,1.0
256,Bagerhat,Bagerhat Sadar,Alaipur Khal Daratona,SW1,Bagerhat,27-NOV-19,11,331,-0.5557,0.8314,408,397,226,220,2143.6,1.8,0.142,0.13,0.493,22.64626,89.80163,SYNTHETIC_SAVENIJE_PHYSICS,4627.1,1.8,834.0,0.0,714.0,0.0,2018.0,1.0
257,Bagerhat,Bagerhat Sadar,Alaipur Khal Daratona,SW1,Bagerhat,04-DEC-19,12,338,-0.4518,0.8921,496,485,275,269,1824.7,0.0,0.109,0.152,0.628,22.64626,89.80163,SYNTHETIC_SAVENIJE_PHYSICS,3714.7,1.8,748.0,0.0,902.0,0.0,2147.0,1.0
258,Bagerhat,Bagerhat Sadar,Alaipur Khal Daratona,SW1,Bagerhat,11-DEC-19,12,345,-0.3413,0.9399,597,577,331,320,1609.4,0.0,0.128,0.147,0.746,22.64626,89.80163,SYNTHETIC_SAVENIJE_PHYSICS,3076.5,1.8,745.0,0.0,1126.0,0.0,2370.0,1.0
259,Bagerhat,Bagerhat Sadar,Alaipur Khal Daratona,SW1,Bagerhat,18-DEC-19,12,352,-0.226,0.9741,701,678,389,376,1449.5,0.0,0.079,0.116,0.844,22.64626,89.80163,SYNTHETIC_SAVENIJE_PHYSICS,2573.1,1.8,753.0,0.0,1285.0,0.0,2569.0,1.0
260,Bagerhat,Bagerhat Sadar,Alaipur Khal Daratona,SW1,Bagerhat,25-DEC-19,12,359,-0.1073,0.9942,834,812,463,451,1322.0,0.0,0.079,0.159,0.92,22.64626,89.80163,SYNTHETIC_SAVENIJE_PHYSICS,2143.6,0.0,714.0,0.0,1572.0,1.0,2669.0,1.0
261,Bagerhat,Bagerhat Sadar,Alaipur Khal Daratona,SW1,Bagerhat,01-JAN-20,1,1,0.0172,0.9999,748,720,415,400,1454.7,0.0,0.076,0.139,0.413,22.64626,89.80163,SYNTHETIC_SAVENIJE_PHYSICS,1824.7,0.0,902.0,0.0,2018.0,1.0,2458.0,1.0
262,Bagerhat,Bagerhat Sadar,Alaipur Khal Daratona,SW1,Bagerhat,08-JAN-20,1,8,0.1372,0.9905,745,730,414,405,1180.7,0.0,0.101,0.099,0.26,22.64626,89.80163,SYNTHETIC_SAVENIJE_PHYSICS,1609.4,0.0,1126.0,0.0,2147.0,1.0,2462.0,1.0
263,Bagerhat,Bagerhat Sadar,Alaipur Khal Daratona,SW1,Bagerhat,15-JAN-20,1,15,0.2552,0.9669,753,728,418,404,1123.0,0.0,0.096,0.132,0.1,22.64626,89.80163,SYNTHETIC_SAVENIJE_PHYSICS,1449.5,0.0,1285.0,0.0,2370.0,1.0,2284.0,1.0
264,Bagerhat,Bagerhat Sadar,Alaipur Khal Daratona,SW1,Bagerhat,22-JAN-20,1,22,0.3695,0.9292,714,687,396,381,1118.9,0.0,0.086,0.139,0.063,22.64626,89.80163,SYNTHETIC_SAVENIJE_PHYSICS,1322.0,0.0,1572.0,1.0,2569.0,1.0,1734.0,1.0
265,Bagerhat,Bagerhat Sadar,Alaipur Khal Daratona,SW1,Bagerhat,29-JAN-20,1,29,0.4784,0.8781,902,869,501,483,824.1,0.0,0.071,0.149,0.224,22.64626,89.80163,SYNTHETIC_SAVENIJE_PHYSICS,1454.7,0.0,2018.0,1.0,2669.0,1.0,1423.0,0.0
266,Bagerhat,Bagerhat Sadar,Alaipur Khal Daratona,SW1,Bagerhat,05-FEB-20,2,36,0.5805,0.8143,1126,1104,626,613,690.2,0.0,0.064,0.121,0.379,22.64626,89.80163,SYNTHETIC_SAVENIJE_PHYSICS,1180.7,0.0,2147.0,1.0,2458.0,1.0,1109.0,0.0
267,Bagerhat,Bagerhat Sadar,Alaipur Khal Daratona,SW1,Bagerhat,12-FEB-20,2,43,0.6741,0.7387,1285,1240,714,689,776.4,0.0,0.089,0.146,0.524,22.64626,89.80163,SYNTHETIC_SAVENIJE_PHYSICS,1123.0,0.0,2370.0,1.0,2462.0,1.0,809.0,0.0
268,Bagerhat,Bagerhat Sadar,Alaipur Khal Daratona,SW1,Bagerhat,19-FEB-20,2,50,0.7579,0.6523,1572,1532,874,851,609.8,0.0,0.079,0.131,0.655,22.64626,89.80163,SYNTHETIC_SAVENIJE_PHYSICS,1118.9,0.0,2569.0,1.0,2284.0,1.0,633.0,0.0
269,Bagerhat,Bagerhat Sadar,Alaipur Khal Daratona,SW1,Bagerhat,26-FEB-20,2,57,0.8308,0.5566,2018,1944,1122,1080,523.5,0.0,0.073,0.1,0.769,22.64626,89.80163,SYNTHETIC_SAVENIJE_PHYSICS,824.1,0.0,2669.0,1.0,1734.0,1.0,510.0,0.0
270,Bagerhat,Bagerhat Sadar,Alaipur Khal Daratona,SW1,Bagerhat,04-MAR-20,3,64,0.8916,0.4527,2147,2070,1193,1150,571.4,0.0,0.119,0.098,0.862,22.64626,89.80163,SYNTHETIC_SAVENIJE_PHYSICS,690.2,0.0,2458.0,1.0,1423.0,0.0,398.0,0.0
271,Bagerhat,Bagerhat Sadar,Alaipur Khal Daratona,SW1,Bagerhat,11-MAR-20,3,71,0.9396,0.3424,2370,2321,1317,1290,545.6,0.0,0.086,0.149,0.933,22.64626,89.80163,SYNTHETIC_SAVENIJE_PHYSICS,776.4,0.0,2462.0,1.0,1109.0,0.0,346.0,0.0
272,Bagerhat,Bagerhat Sadar,Alaipur Khal Daratona,SW1,Bagerhat,18-MAR-20,3,78,0.9739,0.227,2569,2474,1428,1375,466.8,0.0,0.112,0.149,0.979,22.64626,89.80163,SYNTHETIC_SAVENIJE_PHYSICS,609.8,0.0,2284.0,1.0,809.0,0.0,336.0,0.0
273,Bagerhat,Bagerhat Sadar,Alaipur Khal Daratona,SW1,Bagerhat,25-MAR-20,3,85,0.9941,0.1084,2669,2563,1483,1425,519.6,0.0,0.076,0.133,0.999,22.64626,89.80163,SYNTHETIC_SAVENIJE_PHYSICS,523.5,0.0,1734.0,1.0,633.0,0.0,302.0,0.0
274,Bagerhat,Bagerhat Sadar,Alaipur Khal Daratona,SW1,Bagerhat,01-APR-20,4,92,0.9999,-0.0118,2458,2386,1366,1326,622.8,0.0,0.093,0.157,0.993,22.64626,89.80163,SYNTHETIC_SAVENIJE_PHYSICS,571.4,0.0,1423.0,0.0,510.0,0.0,297.0,0.0
275,Bagerhat,Bagerhat Sadar,Alaipur Khal Daratona,SW1,Bagerhat,08-APR-20,4,99,0.9913,-0.1319,2462,2410,1368,1339,575.1,0.0,0.087,0.148,0.96,22.64626,89.80163,SYNTHETIC_SAVENIJE_PHYSICS,545.6,0.0,1109.0,0.0,398.0,0.0,292.0,0.0
276,Bagerhat,Bagerhat Sadar,Alaipur Khal Daratona,SW1,Bagerhat,15-APR-20,4,106,0.9683,-0.25,2284,2209,1269,1228,668.6,0.0,0.055,0.141,0.903,22.64626,89.80163,SYNTHETIC_SAVENIJE_PHYSICS,466.8,0.0,809.0,0.0,346.0,0.0,289.0,0.0
277,Bagerhat,Bagerhat Sadar,Alaipur Khal Daratona,SW1,Bagerhat,22-APR-20,4,113,0.9312,-0.3645,1734,1669,964,927,1178.9,0.0,0.124,0.116,0.821,22.64626,89.80163,SYNTHETIC_SAVENIJE_PHYSICS,519.6,0.0,633.0,0.0,336.0,0.0,274.0,0.0
278,Bagerhat,Bagerhat Sadar,Alaipur Khal Daratona,SW1,Bagerhat,29-APR-20,4,120,0.8807,-0.4737,1423,1396,791,776,1119.0,12.3,0.099,0.174,0.717,22.64626,89.80163,SYNTHETIC_SAVENIJE_PHYSICS,622.8,12.3,510.0,0.0,302.0,0.0,280.0,0.0
279,Bagerhat,Bagerhat Sadar,Alaipur Khal Daratona,SW1,Bagerhat,06-MAY-20,5,127,0.8174,-0.5761,1109,1081,616,601,1473.1,17.2,0.131,0.163,0.595,22.64626,89.80163,SYNTHETIC_SAVENIJE_PHYSICS,575.1,29.5,398.0,0.0,297.0,0.0,272.0,0.0
280,Bagerhat,Bagerhat Sadar,Alaipur Khal Daratona,SW1,Bagerhat,13-MAY-20,5,134,0.7423,-0.6701,809,791,449,439,2112.3,0.0,0.11,0.152,0.457,22.64626,89.80163,SYNTHETIC_SAVENIJE_PHYSICS,668.6,29.5,346.0,0.0,292.0,0.0,294.0,0.0
281,Bagerhat,Bagerhat Sadar,Alaipur Khal Daratona,SW1,Bagerhat,20-MAY-20,5,141,0.6564,-0.7544,633,618,351,343,2515.6,0.0,0.127,0.151,0.307,22.64626,89.80163,SYNTHETIC_SAVENIJE_PHYSICS,1178.9,29.5,336.0,0.0,289.0,0.0,271.0,0.0
282,Bagerhat,Bagerhat Sadar,Alaipur Khal Daratona,SW1,Bagerhat,27-MAY-20,5,148,0.561,-0.8278,510,497,283,276,3302.4,21.4,0.129,0.183,0.148,22.64626,89.80163,SYNTHETIC_SAVENIJE_PHYSICS,1119.0,38.6,302.0,0.0,274.0,0.0,274.0,0.0
283,Bagerhat,Bagerhat Sadar,Alaipur Khal Daratona,SW1,Bagerhat,03-JUN-20,6,155,0.4575,-0.8892,398,385,221,214,4510.8,0.0,0.177,0.15,0.014,22.64626,89.80163,SYNTHETIC_SAVENIJE_PHYSICS,1473.1,21.4,297.0,0.0,280.0,0.0,274.0,0.0
284,Bagerhat,Bagerhat Sadar,Alaipur Khal Daratona,SW1,Bagerhat,10-JUN-20,6,162,0.3474,-0.9377,346,334,192,185,5964.2,12.8,0.185,0.221,0.176,22.64626,89.80163,SYNTHETIC_SAVENIJE_PHYSICS,2112.3,34.2,292.0,0.0,272.0,0.0,272.0,0.0
285,Bagerhat,Bagerhat Sadar,Alaipur Khal Daratona,SW1,Bagerhat,17-JUN-20,6,169,0.2322,-0.9727,336,327,186,181,7536.6,0.0,0.207,0.206,0.333,22.64626,89.80163,SYNTHETIC_SAVENIJE_PHYSICS,2515.6,34.2,289.0,0.0,294.0,0.0,288.0,0.0
286,Bagerhat,Bagerhat Sadar,Alaipur Khal Daratona,SW1,Bagerhat,24-JUN-20,6,176,0.1137,-0.9935,302,294,167,163,9324.8,0.0,0.239,0.243,0.481,22.64626,89.80163,SYNTHETIC_SAVENIJE_PHYSICS,3302.4,12.8,274.0,0.0,271.0,0.0,294.0,0.0
287,Bagerhat,Bagerhat Sadar,Alaipur Khal Daratona,SW1,Bagerhat,01-JUL-20,7,183,-0.0065,-1.0,297,291,165,161,11191.0,112.3,0.324,0.303,0.617,22.64626,89.80163,SYNTHETIC_SAVENIJE_PHYSICS,4510.8,125.1,280.0,0.0,274.0,0.0,277.0,0.0
288,Bagerhat,Bagerhat Sadar,Alaipur Khal Daratona,SW1,Bagerhat,08-JUL-20,7,190,-0.1265,-0.992,292,283,162,157,13074.8,207.2,0.415,0.395,0.736,22.64626,89.80163,SYNTHETIC_SAVENIJE_PHYSICS,5964.2,319.5,272.0,0.0,274.0,0.0,272.0,0.0
289,Bagerhat,Bagerhat Sadar,Alaipur Khal Daratona,SW1,Bagerhat,15-JUL-20,7,197,-0.2448,-0.9696,289,279,160,155,14773.4,48.7,0.372,0.385,0.836,22.64626,89.80163,SYNTHETIC_SAVENIJE_PHYSICS,7536.6,368.2,294.0,0.0,272.0,0.0,267.0,0.0
290,Bagerhat,Bagerhat Sadar,Alaipur Khal Daratona,SW1,Bagerhat,22-JUL-20,7,204,-0.3595,-0.9332,274,265,152,147,16291.9,0.0,0.386,0.397,0.914,22.64626,89.80163,SYNTHETIC_SAVENIJE_PHYSICS,9324.8,368.2,271.0,0.0,288.0,0.0,279.0,0.0
291,Bagerhat,Bagerhat Sadar,Alaipur Khal Daratona,SW1,Bagerhat,29-JUL-20,7,211,-0.469,-0.8832,280,272,155,151,17477.4,42.0,0.38,0.438,0.968,22.64626,89.80163,SYNTHETIC_SAVENIJE_PHYSICS,11191.0,297.9,274.0,0.0,294.0,0.0,281.0,0.0
292,Bagerhat,Bagerhat Sadar,Alaipur Khal Daratona,SW1,Bagerhat,05-AUG-20,8,218,-0.5717,-0.8205,272,263,151,146,18178.2,56.8,0.415,0.428,0.996,22.64626,89.80163,SYNTHETIC_SAVENIJE_PHYSICS,13074.8,147.5,274.0,0.0,277.0,0.0,286.0,0.0
293,Bagerhat,Bagerhat Sadar,Alaipur Khal Daratona,SW1,Bagerhat,12-AUG-20,8,225,-0.6661,-0.7459,294,287,163,159,18456.8,21.5,0.398,0.403,0.997,22.64626,89.80163,SYNTHETIC_SAVENIJE_PHYSICS,14773.4,120.3,272.0,0.0,272.0,0.0,307.0,0.0
294,Bagerhat,Bagerhat Sadar,Alaipur Khal Daratona,SW1,Bagerhat,19-AUG-20,8,232,-0.7509,-0.6605,271,263,150,146,18177.5,42.7,0.372,0.399,0.973,22.64626,89.80163,SYNTHETIC_SAVENIJE_PHYSICS,16291.9,163.0,288.0,0.0,267.0,0.0,338.0,0.0
295,Bagerhat,Bagerhat Sadar,Alaipur Khal Daratona,SW1,Bagerhat,26-AUG-20,8,239,-0.8248,-0.5655,274,263,152,146,17448.0,23.5,0.391,0.413,0.922,22.64626,89.80163,SYNTHETIC_SAVENIJE_PHYSICS,17477.4,144.5,294.0,0.0,279.0,0.0,385.0,0.0
296,Bagerhat,Bagerhat Sadar,Alaipur Khal Daratona,SW1,Bagerhat,02-SEP-20,9,246,-0.8867,-0.4623,274,266,152,147,16288.8,35.1,0.337,0.394,0.848,22.64626,89.80163,SYNTHETIC_SAVENIJE_PHYSICS,18178.2,122.8,277.0,0.0,281.0,0.0,439.0,0.0
297,Bagerhat,Bagerhat Sadar,Alaipur Khal Daratona,SW1,Bagerhat,09-SEP-20,9,253,-0.9358,-0.3524,272,264,151,146,14795.2,0.0,0.334,0.327,0.751,22.64626,89.80163,SYNTHETIC_SAVENIJE_PHYSICS,18456.8,101.3,272.0,0.0,286.0,0.0,505.0,0.0
298,Bagerhat,Bagerhat Sadar,Alaipur Khal Daratona,SW1,Bagerhat,16-SEP-20,9,260,-0.9714,-0.2375,288,282,160,156,13063.9,0.0,0.255,0.3,0.634,22.64626,89.80163,SYNTHETIC_SAVENIJE_PHYSICS,18177.5,58.6,267.0,0.0,307.0,0.0,609.0,0.0
299,Bagerhat,Bagerhat Sadar,Alaipur Khal Daratona,SW1,Bagerhat,23-SEP-20,9,267,-0.9929,-0.1191,294,284,163,157,16867.7,0.0,0.336,0.298,0.5,22.64626,89.80163,SYNTHETIC_SAVENIJE_PHYSICS,17448.0,35.1,279.0,0.0,338.0,0.0,677.0,0.0
300,Bagerhat,Bagerhat Sadar,Alaipur Khal Daratona,SW1,Bagerhat,30-SEP-20,9,274,-1.0,0.0011,277,269,154,149,14235.7,37.0,0.299,0.327,0.353,22.64626,89.80163,SYNTHETIC_SAVENIJE_PHYSICS,16288.8,37.0,281.0,0.0,385.0,0.0,755.0,0.0
301,Bagerhat,Bagerhat Sadar,Alaipur Khal Daratona,SW1,Bagerhat,07-OCT-20,10,281,-0.9926,0.1212,272,263,151,146,11877.8,0.0,0.298,0.318,0.197,22.64626,89.80163,SYNTHETIC_SAVENIJE_PHYSICS,14795.2,37.0,286.0,0.0,439.0,0.0,886.0,0.0
302,Bagerhat,Bagerhat Sadar,Alaipur Khal Daratona,SW1,Bagerhat,14-OCT-20,10,288,-0.9709,0.2396,267,259,148,144,9686.3,7.2,0.251,0.257,0.035,22.64626,89.80163,SYNTHETIC_SAVENIJE_PHYSICS,13063.9,44.2,307.0,0.0,505.0,0.0,971.0,0.0
303,Bagerhat,Bagerhat Sadar,Alaipur Khal Daratona,SW1,Bagerhat,21-OCT-20,10,295,-0.9351,0.3545,279,268,155,149,7900.8,0.0,0.202,0.192,0.127,22.64626,89.80163,SYNTHETIC_SAVENIJE_PHYSICS,16867.7,44.2,338.0,0.0,609.0,0.0,1163.0,0.0
304,Bagerhat,Bagerhat Sadar,Alaipur Khal Daratona,SW1,Bagerhat,28-OCT-20,10,302,-0.8857,0.4642,281,275,156,152,6371.6,0.0,0.185,0.21,0.286,22.64626,89.80163,SYNTHETIC_SAVENIJE_PHYSICS,14235.7,7.2,385.0,0.0,677.0,0.0,1469.0,0.0
305,Bagerhat,Bagerhat Sadar,Alaipur Khal Daratona,SW1,Bagerhat,04-NOV-20,11,309,-0.8235,0.5672,286,280,159,155,5140.5,0.0,0.125,0.165,0.438,22.64626,89.80163,SYNTHETIC_SAVENIJE_PHYSICS,11877.8,7.2,439.0,0.0,755.0,0.0,1612.0,1.0
306,Bagerhat,Bagerhat Sadar,Alaipur Khal Daratona,SW1,Bagerhat,11-NOV-20,11,316,-0.7494,0.6621,307,298,170,165,4134.2,0.0,0.116,0.155,0.578,22.64626,89.80163,SYNTHETIC_SAVENIJE_PHYSICS,9686.3,0.0,505.0,0.0,886.0,0.0,1793.0,1.0
307,Bagerhat,Bagerhat Sadar,Alaipur Khal Daratona,SW1,Bagerhat,18-NOV-20,11,323,-0.6645,0.7473,338,328,187,182,3353.3,0.0,0.131,0.172,0.702,22.64626,89.80163,SYNTHETIC_SAVENIJE_PHYSICS,7900.8,0.0,609.0,0.0,971.0,0.0,2067.0,1.0
308,Bagerhat,Bagerhat Sadar,Alaipur Khal Daratona,SW1,Bagerhat,25-NOV-20,11,330,-0.5699,0.8217,385,370,214,205,2790.2,0.0,0.074,0.158,0.808,22.64626,89.80163,SYNTHETIC_SAVENIJE_PHYSICS,6371.6,0.0,677.0,0.0,1163.0,0.0,2212.0,1.0
309,Bagerhat,Bagerhat Sadar,Alaipur Khal Daratona,SW1,Bagerhat,02-DEC-20,12,337,-0.4671,0.8842,439,427,244,237,2432.4,0.0,0.112,0.139,0.893,22.64626,89.80163,SYNTHETIC_SAVENIJE_PHYSICS,5140.5,0.0,755.0,0.0,1469.0,0.0,2134.0,1.0
310,Bagerhat,Bagerhat Sadar,Alaipur Khal Daratona,SW1,Bagerhat,09-DEC-20,12,344,-0.3575,0.9339,505,489,280,271,2120.8,0.0,0.088,0.132,0.954,22.64626,89.80163,SYNTHETIC_SAVENIJE_PHYSICS,4134.2,0.0,886.0,0.0,1612.0,1.0,2283.0,1.0
311,Bagerhat,Bagerhat Sadar,Alaipur Khal Daratona,SW1,Bagerhat,16-DEC-20,12,351,-0.2427,0.9701,609,594,338,330,1877.0,0.0,0.107,0.144,0.99,22.64626,89.80163,SYNTHETIC_SAVENIJE_PHYSICS,3353.3,0.0,971.0,0.0,1793.0,1.0,2526.0,1.0
312,Bagerhat,Bagerhat Sadar,Alaipur Khal Daratona,SW1,Bagerhat,23-DEC-20,12,358,-0.1244,0.9922,677,650,376,361,1738.8,0.0,0.082,0.132,1.0,22.64626,89.80163,SYNTHETIC_SAVENIJE_PHYSICS,2790.2,0.0,1163.0,0.0,2067.0,1.0,2264.0,1.0
313,Bagerhat,Bagerhat Sadar,Alaipur Khal Daratona,SW1,Bagerhat,30-DEC-20,12,365,-0.0043,1.0,755,736,419,409,1629.8,0.0,0.11,0.117,0.983,22.64626,89.80163,SYNTHETIC_SAVENIJE_PHYSICS,2432.4,0.0,1469.0,0.0,2212.0,1.0,2148.0,1.0
314,Bagerhat,Bagerhat Sadar,Alaipur Khal Daratona,SW1,Bagerhat,06-JAN-21,1,6,0.103,0.9947,886,856,492,475,1057.3,0.0,0.094,0.126,0.555,22.64626,89.80163,SYNTHETIC_SAVENIJE_PHYSICS,2120.8,0.0,1612.0,1.0,2134.0,1.0,2178.0,1.0
315,Bagerhat,Bagerhat Sadar,Alaipur Khal Daratona,SW1,Bagerhat,13-JAN-21,1,13,0.2218,0.9751,971,946,539,525,1024.1,0.0,0.122,0.139,0.682,22.64626,89.80163,SYNTHETIC_SAVENIJE_PHYSICS,1877.0,0.0,1793.0,1.0,2283.0,1.0,1803.0,1.0
316,Bagerhat,Bagerhat Sadar,Alaipur Khal Daratona,SW1,Bagerhat,20-JAN-21,1,20,0.3373,0.9414,1163,1132,646,629,886.5,0.0,0.092,0.127,0.792,22.64626,89.80163,SYNTHETIC_SAVENIJE_PHYSICS,1738.8,0.0,2067.0,1.0,2526.0,1.0,1297.0,0.0
317,Bagerhat,Bagerhat Sadar,Alaipur Khal Daratona,SW1,Bagerhat,27-JAN-21,1,27,0.4479,0.8941,1469,1417,816,787,728.4,0.0,0.074,0.1,0.88,22.64626,89.80163,SYNTHETIC_SAVENIJE_PHYSICS,1629.8,0.0,2212.0,1.0,2264.0,1.0,1062.0,0.0
318,Bagerhat,Bagerhat Sadar,Alaipur Khal Daratona,SW1,Bagerhat,03-FEB-21,2,34,0.5521,0.8338,1612,1563,896,869,762.8,0.0,0.085,0.149,0.946,22.64626,89.80163,SYNTHETIC_SAVENIJE_PHYSICS,1057.3,0.0,2134.0,1.0,2148.0,1.0,896.0,0.0
319,Bagerhat,Bagerhat Sadar,Alaipur Khal Daratona,SW1,Bagerhat,10-FEB-21,2,41,0.6483,0.7614,1793,1754,996,975,747.5,0.0,0.063,0.074,0.986,22.64626,89.80163,SYNTHETIC_SAVENIJE_PHYSICS,1024.1,0.0,2283.0,1.0,2178.0,1.0,730.0,0.0
320,Bagerhat,Bagerhat Sadar,Alaipur Khal Daratona,SW1,Bagerhat,17-FEB-21,2,48,0.735,0.678,2067,2011,1149,1118,595.5,0.0,0.096,0.118,1.0,22.64626,89.80163,SYNTHETIC_SAVENIJE_PHYSICS,886.5,0.0,2526.0,1.0,1803.0,1.0,610.0,0.0
321,Bagerhat,Bagerhat Sadar,Alaipur Khal Daratona,SW1,Bagerhat,24-FEB-21,2,55,0.8112,0.5848,2212,2126,1229,1182,620.7,0.0,0.1,0.115,0.988,22.64626,89.80163,SYNTHETIC_SAVENIJE_PHYSICS,728.4,0.0,2264.0,1.0,1297.0,0.0,531.0,0.0
322,Bagerhat,Bagerhat Sadar,Alaipur Khal Daratona,SW1,Bagerhat,03-MAR-21,3,62,0.8755,0.4831,2134,2069,1186,1150,685.1,0.0,0.139,0.131,0.949,22.64626,89.80163,SYNTHETIC_SAVENIJE_PHYSICS,762.8,0.0,2148.0,1.0,1062.0,0.0,423.0,0.0
323,Bagerhat,Bagerhat Sadar,Alaipur Khal Daratona,SW1,Bagerhat,10-MAR-21,3,69,0.9272,0.3745,2283,2207,1269,1227,548.7,0.0,0.075,0.138,0.886,22.64626,89.80163,SYNTHETIC_SAVENIJE_PHYSICS,747.5,0.0,2178.0,1.0,896.0,0.0,385.0,0.0
324,Bagerhat,Bagerhat Sadar,Alaipur Khal Daratona,SW1,Bagerhat,17-MAR-21,3,76,0.9655,0.2604,2526,2460,1404,1367,474.2,0.0,0.081,0.148,0.799,22.64626,89.80163,SYNTHETIC_SAVENIJE_PHYSICS,595.5,0.0,1803.0,1.0,730.0,0.0,347.0,0.0
325,Bagerhat,Bagerhat Sadar,Alaipur Khal Daratona,SW1,Bagerhat,24-MAR-21,3,83,0.9898,0.1425,2264,2204,1258,1225,629.6,0.0,0.077,0.113,0.691,22.64626,89.80163,SYNTHETIC_SAVENIJE_PHYSICS,620.7,0.0,1297.0,0.0,610.0,0.0,317.0,0.0
326,Bagerhat,Bagerhat Sadar,Alaipur Khal Daratona,SW1,Bagerhat,31-MAR-21,3,90,0.9997,0.0226,2148,2062,1194,1146,570.2,0.0,0.092,0.138,0.565,22.64626,89.80163,SYNTHETIC_SAVENIJE_PHYSICS,685.1,0.0,1062.0,0.0,531.0,0.0,320.0,0.0
327,Bagerhat,Bagerhat Sadar,Alaipur Khal Daratona,SW1,Bagerhat,07-APR-21,4,97,0.9952,-0.0977,2178,2119,1210,1178,511.8,0.0,0.094,0.13,0.423,22.64626,89.80163,SYNTHETIC_SAVENIJE_PHYSICS,548.7,0.0,896.0,0.0,423.0,0.0,295.0,0.0
328,Bagerhat,Bagerhat Sadar,Alaipur Khal Daratona,SW1,Bagerhat,14-APR-21,4,104,0.9763,-0.2165,1803,1760,1002,978,687.0,0.0,0.088,0.094,0.271,22.64626,89.80163,SYNTHETIC_SAVENIJE_PHYSICS,474.2,0.0,730.0,0.0,385.0,0.0,287.0,0.0
329,Bagerhat,Bagerhat Sadar,Alaipur Khal Daratona,SW1,Bagerhat,21-APR-21,4,111,0.9432,-0.3322,1297,1267,721,704,1206.9,0.0,0.118,0.172,0.111,22.64626,89.80163,SYNTHETIC_SAVENIJE_PHYSICS,629.6,0.0,610.0,0.0,347.0,0.0,285.0,0.0
330,Bagerhat,Bagerhat Sadar,Alaipur Khal Daratona,SW1,Bagerhat,28-APR-21,4,118,0.8965,-0.4431,1062,1020,590,567,1001.2,0.0,0.081,0.103,0.051,22.64626,89.80163,SYNTHETIC_SAVENIJE_PHYSICS,570.2,0.0,531.0,0.0,317.0,0.0,272.0,0.0
331,Bagerhat,Bagerhat Sadar,Alaipur Khal Daratona,SW1,Bagerhat,05-MAY-21,5,125,0.8367,-0.5476,896,866,498,481,1365.3,0.0,0.118,0.144,0.212,22.64626,89.80163,SYNTHETIC_SAVENIJE_PHYSICS,511.8,0.0,423.0,0.0,320.0,0.0,277.0,0.0
332,Bagerhat,Bagerhat Sadar,Alaipur Khal Daratona,SW1,Bagerhat,12-MAY-21,5,132,0.7649,-0.6442,730,707,405,393,1930.2,0.0,0.117,0.15,0.368,22.64626,89.80163,SYNTHETIC_SAVENIJE_PHYSICS,687.0,0.0,385.0,0.0,295.0,0.0,286.0,0.0
333,Bagerhat,Bagerhat Sadar,Alaipur Khal Daratona,SW1,Bagerhat,19-MAY-21,5,139,0.682,-0.7314,610,588,339,326,2150.7,0.0,0.108,0.151,0.514,22.64626,89.80163,SYNTHETIC_SAVENIJE_PHYSICS,1206.9,0.0,347.0,0.0,287.0,0.0,277.0,0.0
334,Bagerhat,Bagerhat Sadar,Alaipur Khal Daratona,SW1,Bagerhat,26-MAY-21,5,146,0.5892,-0.808,531,514,295,285,2944.5,0.0,0.113,0.144,0.646,22.64626,89.80163,SYNTHETIC_SAVENIJE_PHYSICS,1001.2,0.0,317.0,0.0,285.0,0.0,275.0,0.0
335,Bagerhat,Bagerhat Sadar,Alaipur Khal Daratona,SW1,Bagerhat,02-JUN-21,6,153,0.4878,-0.8729,423,406,235,225,4032.8,0.0,0.182,0.184,0.761,22.64626,89.80163,SYNTHETIC_SAVENIJE_PHYSICS,1365.3,0.0,320.0,0.0,272.0,0.0,287.0,0.0
336,Bagerhat,Bagerhat Sadar,Alaipur Khal Daratona,SW1,Bagerhat,09-JUN-21,6,160,0.3795,-0.9252,385,370,214,205,5236.8,30.9,0.151,0.165,0.856,22.64626,89.80163,SYNTHETIC_SAVENIJE_PHYSICS,1930.2,30.9,295.0,0.0,277.0,0.0,287.0,0.0
337,Bagerhat,Bagerhat Sadar,Alaipur Khal Daratona,SW1,Bagerhat,16-JUN-21,6,167,0.2656,-0.9641,347,338,192,187,6695.8,40.6,0.216,0.233,0.929,22.64626,89.80163,SYNTHETIC_SAVENIJE_PHYSICS,2150.7,71.5,287.0,0.0,286.0,0.0,283.0,0.0
338,Bagerhat,Bagerhat Sadar,Alaipur Khal Daratona,SW1,Bagerhat,23-JUN-21,6,174,0.1478,-0.989,317,306,176,170,8344.1,0.0,0.217,0.242,0.976,22.64626,89.80163,SYNTHETIC_SAVENIJE_PHYSICS,2944.5,71.5,285.0,0.0,277.0,0.0,277.0,0.0
339,Bagerhat,Bagerhat Sadar,Alaipur Khal Daratona,SW1,Bagerhat,30-JUN-21,6,181,0.028,-0.9996,320,312,177,173,10110.5,15.0,0.3,0.268,0.998,22.64626,89.80163,SYNTHETIC_SAVENIJE_PHYSICS,4032.8,86.5,272.0,0.0,275.0,0.0,278.0,0.0
340,Bagerhat,Bagerhat Sadar,Alaipur Khal Daratona,SW1,Bagerhat,07-JUL-21,7,188,-0.0923,-0.9957,295,283,164,157,11859.9,43.0,0.312,0.316,0.994,22.64626,89.80163,SYNTHETIC_SAVENIJE_PHYSICS,5236.8,98.6,277.0,0.0,287.0,0.0,276.0,0.0
341,Bagerhat,Bagerhat Sadar,Alaipur Khal Daratona,SW1,Bagerhat,14-JUL-21,7,195,-0.2113,-0.9774,287,279,159,155,13512.3,50.4,0.309,0.353,0.964,22.64626,89.80163,SYNTHETIC_SAVENIJE_PHYSICS,6695.8,108.4,286.0,0.0,287.0,0.0,276.0,0.0
342,Bagerhat,Bagerhat Sadar,Alaipur Khal Daratona,SW1,Bagerhat,21-JUL-21,7,202,-0.3272,-0.945,285,276,158,153,14946.0,11.8,0.358,0.348,0.907,22.64626,89.80163,SYNTHETIC_SAVENIJE_PHYSICS,8344.1,120.2,277.0,0.0,283.0,0.0,279.0,0.0
343,Bagerhat,Bagerhat Sadar,Alaipur Khal Daratona,SW1,Bagerhat,28-JUL-21,7,209,-0.4383,-0.8988,272,265,151,147,16176.5,52.1,0.391,0.403,0.827,22.64626,89.80163,SYNTHETIC_SAVENIJE_PHYSICS,10110.5,157.3,275.0,0.0,277.0,0.0,288.0,0.0
344,Bagerhat,Bagerhat Sadar,Alaipur Khal Daratona,SW1,Bagerhat,04-AUG-21,8,216,-0.5431,-0.8397,277,270,154,150,16998.7,45.5,0.388,0.399,0.725,22.64626,89.80163,SYNTHETIC_SAVENIJE_PHYSICS,11859.9,159.8,287.0,0.0,278.0,0.0,300.0,0.0
345,Bagerhat,Bagerhat Sadar,Alaipur Khal Daratona,SW1,Bagerhat,11-AUG-21,8,223,-0.64,-0.7683,286,276,159,153,17367.0,93.5,0.415,0.382,0.604,22.64626,89.80163,SYNTHETIC_SAVENIJE_PHYSICS,13512.3,202.9,287.0,0.0,276.0,0.0,319.0,0.0
346,Bagerhat,Bagerhat Sadar,Alaipur Khal Daratona,SW1,Bagerhat,18-AUG-21,8,230,-0.7277,-0.6859,277,269,154,149,17229.1,61.5,0.408,0.395,0.467,22.64626,89.80163,SYNTHETIC_SAVENIJE_PHYSICS,14946.0,252.6,283.0,0.0,276.0,0.0,367.0,0.0
347,Bagerhat,Bagerhat Sadar,Alaipur Khal Daratona,SW1,Bagerhat,25-AUG-21,8,237,-0.8048,-0.5935,275,265,152,147,16648.4,134.3,0.404,0.394,0.318,22.64626,89.80163,SYNTHETIC_SAVENIJE_PHYSICS,16176.5,334.8,277.0,0.0,279.0,0.0,412.0,0.0
348,Bagerhat,Bagerhat Sadar,Alaipur Khal Daratona,SW1,Bagerhat,01-SEP-21,9,244,-0.8703,-0.4925,287,279,159,155,15678.6,33.6,0.399,0.386,0.16,22.64626,89.80163,SYNTHETIC_SAVENIJE_PHYSICS,16998.7,322.9,278.0,0.0,288.0,0.0,480.0,0.0
349,Bagerhat,Bagerhat Sadar,Alaipur Khal Daratona,SW1,Bagerhat,08-SEP-21,9,251,-0.9232,-0.3844,287,276,159,153,14329.0,15.2,0.409,0.409,0.002,22.64626,89.80163,SYNTHETIC_SAVENIJE_PHYSICS,17367.0,244.6,276.0,0.0,300.0,0.0,512.0,0.0
350,Bagerhat,Bagerhat Sadar,Alaipur Khal Daratona,SW1,Bagerhat,15-SEP-21,9,258,-0.9627,-0.2707,283,274,157,152,12736.6,106.9,0.405,0.405,0.164,22.64626,89.80163,SYNTHETIC_SAVENIJE_PHYSICS,17229.1,290.0,276.0,0.0,319.0,0.0,565.0,0.0
351,Bagerhat,Bagerhat Sadar,Alaipur Khal Daratona,SW1,Bagerhat,22-SEP-21,9,265,-0.9882,-0.1531,277,267,154,148,16502.9,0.0,0.39,0.359,0.322,22.64626,89.80163,SYNTHETIC_SAVENIJE_PHYSICS,16648.4,155.7,279.0,0.0,367.0,0.0,589.0,0.0
352,Bagerhat,Bagerhat Sadar,Alaipur Khal Daratona,SW1,Bagerhat,29-SEP-21,9,272,-0.9994,-0.0333,278,272,154,151,14060.6,29.0,0.341,0.327,0.471,22.64626,89.80163,SYNTHETIC_SAVENIJE_PHYSICS,15678.6,151.1,288.0,0.0,412.0,0.0,609.0,0.0
353,Bagerhat,Bagerhat Sadar,Alaipur Khal Daratona,SW1,Bagerhat,06-OCT-21,10,279,-0.9962,0.087,276,267,153,148,11780.0,12.8,0.356,0.34,0.608,22.64626,89.80163,SYNTHETIC_SAVENIJE_PHYSICS,14329.0,148.7,300.0,0.0,480.0,0.0,835.0,0.0
354,Bagerhat,Bagerhat Sadar,Alaipur Khal Daratona,SW1,Bagerhat,13-OCT-21,10,286,-0.9785,0.206,276,268,153,149,9649.9,0.0,0.212,0.237,0.728,22.64626,89.80163,SYNTHETIC_SAVENIJE_PHYSICS,12736.6,41.8,319.0,0.0,512.0,0.0,1000.0,0.0
355,Bagerhat,Bagerhat Sadar,Alaipur Khal Daratona,SW1,Bagerhat,20-OCT-21,10,293,-0.9467,0.3221,279,270,155,150,7876.4,0.0,0.217,0.239,0.83,22.64626,89.80163,SYNTHETIC_SAVENIJE_PHYSICS,16502.9,41.8,367.0,0.0,565.0,0.0,1308.0,0.0
356,Bagerhat,Bagerhat Sadar,Alaipur Khal Daratona,SW1,Bagerhat,27-OCT-21,10,300,-0.9012,0.4335,288,278,160,154,6364.2,0.0,0.166,0.216,0.909,22.64626,89.80163,SYNTHETIC_SAVENIJE_PHYSICS,14060.6,12.8,412.0,0.0,589.0,0.0,1549.0,1.0
357,Bagerhat,Bagerhat Sadar,Alaipur Khal Daratona,SW1,Bagerhat,03-NOV-21,11,307,-0.8426,0.5386,300,289,166,160,5121.6,1.4,0.184,0.155,0.965,22.64626,89.80163,SYNTHETIC_SAVENIJE_PHYSICS,11780.0,1.4,480.0,0.0,609.0,0.0,1616.0,1.0
358,Bagerhat,Bagerhat Sadar,Alaipur Khal Daratona,SW1,Bagerhat,10-NOV-21,11,314,-0.7718,0.6359,319,312,177,173,4139.6,0.0,0.118,0.141,0.995,22.64626,89.80163,SYNTHETIC_SAVENIJE_PHYSICS,9649.9,1.4,512.0,0.0,835.0,0.0,1811.0,1.0
359,Bagerhat,Bagerhat Sadar,Alaipur Khal Daratona,SW1,Bagerhat,17-NOV-21,11,321,-0.6898,0.724,367,358,204,199,3376.1,0.0,0.111,0.194,0.998,22.64626,89.80163,SYNTHETIC_SAVENIJE_PHYSICS,7876.4,1.4,565.0,0.0,1000.0,0.0,2112.0,1.0
360,Bagerhat,Bagerhat Sadar,Alaipur Khal Daratona,SW1,Bagerhat,24-NOV-21,11,328,-0.5978,0.8016,412,396,229,220,2844.3,0.0,0.099,0.161,0.975,22.64626,89.80163,SYNTHETIC_SAVENIJE_PHYSICS,6364.2,1.4,589.0,0.0,1308.0,0.0,2185.0,1.0
361,Bagerhat,Bagerhat Sadar,Alaipur Khal Daratona,SW1,Bagerhat,01-DEC-21,12,335,-0.4972,0.8676,480,468,266,260,2406.2,0.0,0.119,0.14,0.927,22.64626,89.80163,SYNTHETIC_SAVENIJE_PHYSICS,5121.6,0.0,609.0,0.0,1549.0,1.0,2207.0,1.0
362,Bagerhat,Bagerhat Sadar,Alaipur Khal Daratona,SW1,Bagerhat,08-DEC-21,12,342,-0.3894,0.9211,512,496,284,275,2089.8,0.0,0.08,0.126,0.854,22.64626,89.80163,SYNTHETIC_SAVENIJE_PHYSICS,4139.6,0.0,835.0,0.0,1616.0,1.0,2475.0,1.0
363,Bagerhat,Bagerhat Sadar,Alaipur Khal Daratona,SW1,Bagerhat,15-DEC-21,12,349,-0.2759,0.9612,565,542,314,301,1904.7,0.0,0.096,0.132,0.758,22.64626,89.80163,SYNTHETIC_SAVENIJE_PHYSICS,3376.1,0.0,1000.0,0.0,1811.0,1.0,2570.0,1.0
364,Bagerhat,Bagerhat Sadar,Alaipur Khal Daratona,SW1,Bagerhat,22-DEC-21,12,356,-0.1585,0.9874,589,572,327,318,1790.1,0.0,0.061,0.117,0.643,22.64626,89.80163,SYNTHETIC_SAVENIJE_PHYSICS,2844.3,0.0,1308.0,0.0,2112.0,1.0,2152.0,1.0
365,Bagerhat,Bagerhat Sadar,Alaipur Khal Daratona,SW1,Bagerhat,29-DEC-21,12,363,-0.0387,0.9993,609,586,338,325,1590.6,0.0,0.106,0.156,0.51,22.64626,89.80163,SYNTHETIC_SAVENIJE_PHYSICS,2406.2,0.0,1549.0,1.0,2185.0,1.0,2384.0,1.0
366,Bagerhat,Bagerhat Sadar,Alaipur Khal Daratona,SW1,Bagerhat,05-JAN-22,1,5,0.0859,0.9963,835,805,464,447,1183.1,0.0,0.086,0.118,0.849,22.64626,89.80163,SYNTHETIC_SAVENIJE_PHYSICS,2089.8,0.0,1616.0,1.0,2207.0,1.0,2047.0,1.0
367,Bagerhat,Bagerhat Sadar,Alaipur Khal Daratona,SW1,Bagerhat,12-JAN-22,1,12,0.205,0.9788,1000,975,556,542,1135.3,0.0,0.065,0.155,0.923,22.64626,89.80163,SYNTHETIC_SAVENIJE_PHYSICS,1904.7,0.0,1811.0,1.0,2475.0,1.0,1701.0,1.0
368,Bagerhat,Bagerhat Sadar,Alaipur Khal Daratona,SW1,Bagerhat,19-JAN-22,1,19,0.3211,0.9471,1308,1263,727,702,836.3,0.0,0.113,0.122,0.973,22.64626,89.80163,SYNTHETIC_SAVENIJE_PHYSICS,1790.1,0.0,2112.0,1.0,2570.0,1.0,1504.0,1.0
369,Bagerhat,Bagerhat Sadar,Alaipur Khal Daratona,SW1,Bagerhat,26-JAN-22,1,26,0.4325,0.9016,1549,1517,861,843,765.4,0.0,0.064,0.108,0.998,22.64626,89.80163,SYNTHETIC_SAVENIJE_PHYSICS,1590.6,0.0,2185.0,1.0,2152.0,1.0,1390.0,0.0
370,Bagerhat,Bagerhat Sadar,Alaipur Khal Daratona,SW1,Bagerhat,02-FEB-22,2,33,0.5377,0.8432,1616,1574,898,875,837.7,13.1,0.115,0.128,0.996,22.64626,89.80163,SYNTHETIC_SAVENIJE_PHYSICS,1183.1,13.1,2207.0,1.0,2384.0,1.0,1126.0,0.0
371,Bagerhat,Bagerhat Sadar,Alaipur Khal Daratona,SW1,Bagerhat,09-FEB-22,2,40,0.6351,0.7725,1811,1771,1006,984,657.6,0.0,0.082,0.082,0.967,22.64626,89.80163,SYNTHETIC_SAVENIJE_PHYSICS,1135.3,13.1,2475.0,1.0,2047.0,1.0,938.0,0.0
372,Bagerhat,Bagerhat Sadar,Alaipur Khal Daratona,SW1,Bagerhat,16-FEB-22,2,47,0.7233,0.6906,2112,2056,1174,1143,547.4,0.0,0.127,0.131,0.913,22.64626,89.80163,SYNTHETIC_SAVENIJE_PHYSICS,836.3,13.1,2570.0,1.0,1701.0,1.0,735.0,0.0
373,Bagerhat,Bagerhat Sadar,Alaipur Khal Daratona,SW1,Bagerhat,23-FEB-22,2,54,0.801,0.5987,2185,2139,1214,1189,577.7,0.0,0.11,0.13,0.835,22.64626,89.80163,SYNTHETIC_SAVENIJE_PHYSICS,765.4,13.1,2152.0,1.0,1504.0,1.0,604.0,0.0
374,Bagerhat,Bagerhat Sadar,Alaipur Khal Daratona,SW1,Bagerhat,02-MAR-22,3,61,0.8671,0.4981,2207,2136,1227,1187,543.3,0.0,0.067,0.143,0.735,22.64626,89.80163,SYNTHETIC_SAVENIJE_PHYSICS,837.7,0.0,2384.0,1.0,1390.0,0.0,493.0,0.0
375,Bagerhat,Bagerhat Sadar,Alaipur Khal Daratona,SW1,Bagerhat,09-MAR-22,3,68,0.9207,0.3904,2475,2405,1376,1337,432.2,0.0,0.067,0.087,0.615,22.64626,89.80163,SYNTHETIC_SAVENIJE_PHYSICS,657.6,0.0,2047.0,1.0,1126.0,0.0,430.0,0.0
376,Bagerhat,Bagerhat Sadar,Alaipur Khal Daratona,SW1,Bagerhat,16-MAR-22,3,75,0.9609,0.2769,2570,2496,1428,1387,421.1,0.0,0.098,0.148,0.479,22.64626,89.80163,SYNTHETIC_SAVENIJE_PHYSICS,547.4,0.0,1701.0,1.0,938.0,0.0,379.0,0.0
377,Bagerhat,Bagerhat Sadar,Alaipur Khal Daratona,SW1,Bagerhat,23-MAR-22,3,82,0.9872,0.1595,2152,2108,1196,1172,563.4,0.0,0.082,0.143,0.331,22.64626,89.80163,SYNTHETIC_SAVENIJE_PHYSICS,577.7,0.0,1504.0,1.0,735.0,0.0,338.0,0.0
378,Bagerhat,Bagerhat Sadar,Alaipur Khal Daratona,SW1,Bagerhat,30-MAR-22,3,89,0.9992,0.0398,2384,2297,1325,1277,350.1,0.0,0.081,0.149,0.174,22.64626,89.80163,SYNTHETIC_SAVENIJE_PHYSICS,543.3,0.0,1390.0,0.0,604.0,0.0,328.0,0.0
379,Bagerhat,Bagerhat Sadar,Alaipur Khal Daratona,SW1,Bagerhat,06-APR-22,4,96,0.9968,-0.0805,2047,1991,1138,1106,478.1,0.0,0.112,0.125,0.012,22.64626,89.80163,SYNTHETIC_SAVENIJE_PHYSICS,432.2,0.0,1126.0,0.0,493.0,0.0,308.0,0.0
380,Bagerhat,Bagerhat Sadar,Alaipur Khal Daratona,SW1,Bagerhat,13-APR-22,4,103,0.9799,-0.1997,1701,1661,945,923,718.4,0.0,0.075,0.149,0.15,22.64626,89.80163,SYNTHETIC_SAVENIJE_PHYSICS,421.1,0.0,938.0,0.0,430.0,0.0,289.0,0.0
381,Bagerhat,Bagerhat Sadar,Alaipur Khal Daratona,SW1,Bagerhat,20-APR-22,4,110,0.9488,-0.316,1504,1456,836,809,756.1,0.0,0.092,0.099,0.309,22.64626,89.80163,SYNTHETIC_SAVENIJE_PHYSICS,563.4,0.0,735.0,0.0,379.0,0.0,284.0,0.0
382,Bagerhat,Bagerhat Sadar,Alaipur Khal Daratona,SW1,Bagerhat,27-APR-22,4,117,0.9039,-0.4276,1390,1360,772,756,892.5,0.0,0.111,0.145,0.459,22.64626,89.80163,SYNTHETIC_SAVENIJE_PHYSICS,350.1,0.0,604.0,0.0,338.0,0.0,286.0,0.0
383,Bagerhat,Bagerhat Sadar,Alaipur Khal Daratona,SW1,Bagerhat,04-MAY-22,5,124,0.846,-0.5331,1126,1090,626,606,1299.5,0.0,0.114,0.12,0.597,22.64626,89.80163,SYNTHETIC_SAVENIJE_PHYSICS,478.1,0.0,493.0,0.0,328.0,0.0,277.0,0.0
384,Bagerhat,Bagerhat Sadar,Alaipur Khal Daratona,SW1,Bagerhat,11-MAY-22,5,131,0.7759,-0.6309,938,904,521,502,1809.3,0.0,0.101,0.108,0.719,22.64626,89.80163,SYNTHETIC_SAVENIJE_PHYSICS,718.4,0.0,430.0,0.0,308.0,0.0,287.0,0.0
385,Bagerhat,Bagerhat Sadar,Alaipur Khal Daratona,SW1,Bagerhat,18-MAY-22,5,138,0.6945,-0.7195,735,715,408,397,2393.1,0.0,0.106,0.125,0.822,22.64626,89.80163,SYNTHETIC_SAVENIJE_PHYSICS,756.1,0.0,379.0,0.0,289.0,0.0,282.0,0.0
386,Bagerhat,Bagerhat Sadar,Alaipur Khal Daratona,SW1,Bagerhat,25-MAY-22,5,145,0.603,-0.7978,604,585,335,325,2870.7,0.0,0.083,0.154,0.903,22.64626,89.80163,SYNTHETIC_SAVENIJE_PHYSICS,892.5,0.0,338.0,0.0,284.0,0.0,281.0,0.0
387,Bagerhat,Bagerhat Sadar,Alaipur Khal Daratona,SW1,Bagerhat,01-JUN-22,6,152,0.5028,-0.8644,493,473,274,262,3853.8,3.4,0.112,0.15,0.961,22.64626,89.80163,SYNTHETIC_SAVENIJE_PHYSICS,1299.5,3.4,328.0,0.0,286.0,0.0,284.0,0.0
388,Bagerhat,Bagerhat Sadar,Alaipur Khal Daratona,SW1,Bagerhat,08-JUN-22,6,159,0.3953,-0.9185,430,413,239,229,5052.5,0.0,0.156,0.188,0.993,22.64626,89.80163,SYNTHETIC_SAVENIJE_PHYSICS,1809.3,3.4,308.0,0.0,277.0,0.0,289.0,0.0
389,Bagerhat,Bagerhat Sadar,Alaipur Khal Daratona,SW1,Bagerhat,15-JUN-22,6,166,0.2821,-0.9594,379,365,210,202,6515.0,0.0,0.166,0.162,0.999,22.64626,89.80163,SYNTHETIC_SAVENIJE_PHYSICS,2393.1,3.4,289.0,0.0,287.0,0.0,281.0,0.0
390,Bagerhat,Bagerhat Sadar,Alaipur Khal Daratona,SW1,Bagerhat,22-JUN-22,6,173,0.1648,-0.9863,338,330,187,183,8123.6,0.0,0.192,0.174,0.978,22.64626,89.80163,SYNTHETIC_SAVENIJE_PHYSICS,2870.7,3.4,284.0,0.0,282.0,0.0,279.0,0.0
391,Bagerhat,Bagerhat Sadar,Alaipur Khal Daratona,SW1,Bagerhat,29-JUN-22,6,180,0.0451,-0.999,328,321,182,178,9894.0,0.0,0.233,0.263,0.932,22.64626,89.80163,SYNTHETIC_SAVENIJE_PHYSICS,3853.8,0.0,286.0,0.0,281.0,0.0,288.0,0.0
392,Bagerhat,Bagerhat Sadar,Alaipur Khal Daratona,SW1,Bagerhat,06-JUL-22,7,187,-0.0752,-0.9972,308,299,171,166,11655.6,15.5,0.221,0.282,0.861,22.64626,89.80163,SYNTHETIC_SAVENIJE_PHYSICS,5052.5,15.5,277.0,0.0,284.0,0.0,286.0,0.0
393,Bagerhat,Bagerhat Sadar,Alaipur Khal Daratona,SW1,Bagerhat,13-JUL-22,7,194,-0.1944,-0.9809,289,278,160,154,13335.6,0.0,0.262,0.262,0.767,22.64626,89.80163,SYNTHETIC_SAVENIJE_PHYSICS,6515.0,15.5,287.0,0.0,289.0,0.0,280.0,0.0
394,Bagerhat,Bagerhat Sadar,Alaipur Khal Daratona,SW1,Bagerhat,20-JUL-22,7,201,-0.3109,-0.9505,284,275,157,152,14880.1,20.9,0.303,0.312,0.653,22.64626,89.80163,SYNTHETIC_SAVENIJE_PHYSICS,8123.6,36.4,282.0,0.0,281.0,0.0,286.0,0.0
395,Bagerhat,Bagerhat Sadar,Alaipur Khal Daratona,SW1,Bagerhat,27-JUL-22,7,208,-0.4228,-0.9062,286,279,159,155,16185.0,1.2,0.303,0.348,0.522,22.64626,89.80163,SYNTHETIC_SAVENIJE_PHYSICS,9894.0,37.6,281.0,0.0,279.0,0.0,294.0,0.0
396,Bagerhat,Bagerhat Sadar,Alaipur Khal Daratona,SW1,Bagerhat,03-AUG-22,8,215,-0.5286,-0.8489,277,270,154,150,17060.7,109.2,0.411,0.393,0.377,22.64626,89.80163,SYNTHETIC_SAVENIJE_PHYSICS,11655.6,131.3,284.0,0.0,288.0,0.0,306.0,0.0
397,Bagerhat,Bagerhat Sadar,Alaipur Khal Daratona,SW1,Bagerhat,10-AUG-22,8,222,-0.6267,-0.7792,287,277,159,154,17493.4,0.0,0.406,0.393,0.222,22.64626,89.80163,SYNTHETIC_SAVENIJE_PHYSICS,13335.6,131.3,289.0,0.0,286.0,0.0,314.0,0.0
398,Bagerhat,Bagerhat Sadar,Alaipur Khal Daratona,SW1,Bagerhat,17-AUG-22,8,229,-0.7158,-0.6983,282,271,156,150,17529.8,45.8,0.406,0.422,0.061,22.64626,89.80163,SYNTHETIC_SAVENIJE_PHYSICS,14880.1,156.2,281.0,0.0,280.0,0.0,337.0,0.0
399,Bagerhat,Bagerhat Sadar,Alaipur Khal Daratona,SW1,Bagerhat,24-AUG-22,8,236,-0.7945,-0.6073,281,275,156,152,16965.2,54.9,0.436,0.385,0.102,22.64626,89.80163,SYNTHETIC_SAVENIJE_PHYSICS,16185.0,209.9,279.0,0.0,286.0,0.0,370.0,0.0
400,Bagerhat,Bagerhat Sadar,Alaipur Khal Daratona,SW1,Bagerhat,31-AUG-22,8,243,-0.8617,-0.5074,284,277,157,154,16049.4,63.5,0.358,0.39,0.262,22.64626,89.80163,SYNTHETIC_SAVENIJE_PHYSICS,17060.7,164.2,288.0,0.0,294.0,0.0,401.0,0.0
401,Bagerhat,Bagerhat Sadar,Alaipur Khal Daratona,SW1,Bagerhat,07-SEP-22,9,250,-0.9164,-0.4002,289,277,160,154,14762.7,0.0,0.371,0.374,0.415,22.64626,89.80163,SYNTHETIC_SAVENIJE_PHYSICS,17493.4,164.2,286.0,0.0,306.0,0.0,435.0,0.0
402,Bagerhat,Bagerhat Sadar,Alaipur Khal Daratona,SW1,Bagerhat,14-SEP-22,9,257,-0.9579,-0.2873,281,274,156,152,13202.7,0.0,0.331,0.328,0.557,22.64626,89.80163,SYNTHETIC_SAVENIJE_PHYSICS,17529.8,118.4,280.0,0.0,314.0,0.0,477.0,0.0
403,Bagerhat,Bagerhat Sadar,Alaipur Khal Daratona,SW1,Bagerhat,21-SEP-22,9,264,-0.9854,-0.1701,279,268,155,149,17104.4,28.0,0.342,0.358,0.684,22.64626,89.80163,SYNTHETIC_SAVENIJE_PHYSICS,16965.2,91.5,286.0,0.0,337.0,0.0,489.0,0.0
404,Bagerhat,Bagerhat Sadar,Alaipur Khal Daratona,SW1,Bagerhat,28-SEP-22,9,271,-0.9987,-0.0505,288,276,160,153,14562.3,0.0,0.296,0.305,0.793,22.64626,89.80163,SYNTHETIC_SAVENIJE_PHYSICS,16049.4,28.0,294.0,0.0,370.0,0.0,502.0,0.0
405,Bagerhat,Bagerhat Sadar,Alaipur Khal Daratona,SW1,Bagerhat,05-OCT-22,10,278,-0.9976,0.0698,286,279,159,155,12171.3,0.0,0.236,0.277,0.881,22.64626,89.80163,SYNTHETIC_SAVENIJE_PHYSICS,14762.7,28.0,306.0,0.0,401.0,0.0,903.0,0.0
406,Bagerhat,Bagerhat Sadar,Alaipur Khal Daratona,SW1,Bagerhat,12-OCT-22,10,285,-0.9819,0.1892,280,272,155,151,10043.2,0.0,0.244,0.23,0.946,22.64626,89.80163,SYNTHETIC_SAVENIJE_PHYSICS,13202.7,28.0,314.0,0.0,435.0,0.0,1214.0,0.0
407,Bagerhat,Bagerhat Sadar,Alaipur Khal Daratona,SW1,Bagerhat,19-OCT-22,10,292,-0.9521,0.3057,286,277,159,154,8253.9,8.4,0.216,0.237,0.986,22.64626,89.80163,SYNTHETIC_SAVENIJE_PHYSICS,17104.4,8.4,337.0,0.0,477.0,0.0,1650.0,1.0
408,Bagerhat,Bagerhat Sadar,Alaipur Khal Daratona,SW1,Bagerhat,26-OCT-22,10,299,-0.9085,0.4179,294,288,163,160,6670.1,20.5,0.191,0.193,1.0,22.64626,89.80163,SYNTHETIC_SAVENIJE_PHYSICS,14562.3,28.9,370.0,0.0,489.0,0.0,1971.0,1.0
409,Bagerhat,Bagerhat Sadar,Alaipur Khal Daratona,SW1,Bagerhat,02-NOV-22,11,306,-0.8517,0.524,306,299,170,166,5377.1,0.0,0.131,0.193,0.987,22.64626,89.80163,SYNTHETIC_SAVENIJE_PHYSICS,12171.3,28.9,401.0,0.0,502.0,0.0,2115.0,1.0
410,Bagerhat,Bagerhat Sadar,Alaipur Khal Daratona,SW1,Bagerhat,09-NOV-22,11,313,-0.7826,0.6225,314,301,174,167,4368.0,0.0,0.135,0.18,0.949,22.64626,89.80163,SYNTHETIC_SAVENIJE_PHYSICS,10043.2,28.9,435.0,0.0,903.0,0.0,2427.0,1.0
411,Bagerhat,Bagerhat Sadar,Alaipur Khal Daratona,SW1,Bagerhat,16-NOV-22,11,320,-0.7021,0.712,337,328,187,182,3588.5,0.0,0.151,0.179,0.885,22.64626,89.80163,SYNTHETIC_SAVENIJE_PHYSICS,8253.9,20.5,477.0,0.0,1214.0,0.0,2809.0,1.0
412,Bagerhat,Bagerhat Sadar,Alaipur Khal Daratona,SW1,Bagerhat,23-NOV-22,11,327,-0.6115,0.7912,370,361,205,200,3033.8,0.0,0.121,0.113,0.798,22.64626,89.80163,SYNTHETIC_SAVENIJE_PHYSICS,6670.1,0.0,489.0,0.0,1650.0,1.0,2572.0,1.0
413,Bagerhat,Bagerhat Sadar,Alaipur Khal Daratona,SW1,Bagerhat,30-NOV-22,11,334,-0.5121,0.859,401,389,222,216,2562.5,0.0,0.06,0.168,0.689,22.64626,89.80163,SYNTHETIC_SAVENIJE_PHYSICS,5377.1,0.0,502.0,0.0,1971.0,1.0,2699.0,1.0
414,Bagerhat,Bagerhat Sadar,Alaipur Khal Daratona,SW1,Bagerhat,07-DEC-22,12,341,-0.4052,0.9142,435,427,241,237,2218.7,0.0,0.134,0.132,0.563,22.64626,89.80163,SYNTHETIC_SAVENIJE_PHYSICS,4368.0,0.0,903.0,0.0,2115.0,1.0,2893.0,1.0
415,Bagerhat,Bagerhat Sadar,Alaipur Khal Daratona,SW1,Bagerhat,14-DEC-22,12,348,-0.2924,0.9563,477,465,265,258,1919.5,0.0,0.108,0.167,0.422,22.64626,89.80163,SYNTHETIC_SAVENIJE_PHYSICS,3588.5,0.0,1214.0,0.0,2427.0,1.0,2598.0,1.0
416,Bagerhat,Bagerhat Sadar,Alaipur Khal Daratona,SW1,Bagerhat,21-DEC-22,12,355,-0.1754,0.9845,489,470,271,261,1739.9,0.0,0.087,0.131,0.269,22.64626,89.80163,SYNTHETIC_SAVENIJE_PHYSICS,3033.8,0.0,1650.0,1.0,2809.0,1.0,2419.0,1.0
417,Bagerhat,Bagerhat Sadar,Alaipur Khal Daratona,SW1,Bagerhat,28-DEC-22,12,362,-0.0559,0.9984,502,484,279,269,1589.9,0.0,0.121,0.138,0.109,22.64626,89.80163,SYNTHETIC_SAVENIJE_PHYSICS,2562.5,0.0,1971.0,1.0,2572.0,1.0,2521.0,1.0
418,Bagerhat,Bagerhat Sadar,Alaipur Khal Daratona,SW1,Bagerhat,04-JAN-23,1,4,0.0688,0.9976,903,883,502,490,970.3,0.0,0.079,0.17,0.991,22.64626,89.80163,SYNTHETIC_SAVENIJE_PHYSICS,2218.7,0.0,2115.0,1.0,2699.0,1.0,2318.0,1.0
419,Bagerhat,Bagerhat Sadar,Alaipur Khal Daratona,SW1,Bagerhat,11-JAN-23,1,11,0.1881,0.9821,1214,1192,674,662,893.4,0.0,0.078,0.125,1.0,22.64626,89.80163,SYNTHETIC_SAVENIJE_PHYSICS,1919.5,0.0,2427.0,1.0,2893.0,1.0,2135.0,1.0
420,Bagerhat,Bagerhat Sadar,Alaipur Khal Daratona,SW1,Bagerhat,18-JAN-23,1,18,0.3047,0.9524,1650,1587,917,882,666.8,0.0,0.096,0.153,0.981,22.64626,89.80163,SYNTHETIC_SAVENIJE_PHYSICS,1739.9,0.0,2809.0,1.0,2598.0,1.0,2159.0,1.0
421,Bagerhat,Bagerhat Sadar,Alaipur Khal Daratona,SW1,Bagerhat,25-JAN-23,1,25,0.4169,0.9089,1971,1896,1095,1054,593.6,0.0,0.124,0.128,0.937,22.64626,89.80163,SYNTHETIC_SAVENIJE_PHYSICS,1589.9,0.0,2572.0,1.0,2419.0,1.0,2001.0,1.0
422,Bagerhat,Bagerhat Sadar,Alaipur Khal Daratona,SW1,Bagerhat,01-FEB-23,2,32,0.5231,0.8523,2115,2065,1175,1148,561.3,0.0,0.12,0.135,0.868,22.64626,89.80163,SYNTHETIC_SAVENIJE_PHYSICS,970.3,0.0,2699.0,1.0,2521.0,1.0,1651.0,1.0
423,Bagerhat,Bagerhat Sadar,Alaipur Khal Daratona,SW1,Bagerhat,08-FEB-23,2,39,0.6217,0.7833,2427,2333,1349,1297,458.4,0.0,0.093,0.127,0.776,22.64626,89.80163,SYNTHETIC_SAVENIJE_PHYSICS,893.4,0.0,2893.0,1.0,2318.0,1.0,1361.0,0.0
424,Bagerhat,Bagerhat Sadar,Alaipur Khal Daratona,SW1,Bagerhat,15-FEB-23,2,46,0.7113,0.7029,2809,2700,1561,1501,388.8,0.0,0.094,0.141,0.664,22.64626,89.80163,SYNTHETIC_SAVENIJE_PHYSICS,666.8,0.0,2598.0,1.0,2135.0,1.0,1170.0,0.0
425,Bagerhat,Bagerhat Sadar,Alaipur Khal Daratona,SW1,Bagerhat,22-FEB-23,2,53,0.7906,0.6124,2572,2519,1430,1400,464.8,0.0,0.102,0.112,0.534,22.64626,89.80163,SYNTHETIC_SAVENIJE_PHYSICS,593.6,0.0,2419.0,1.0,2159.0,1.0,929.0,0.0
426,Bagerhat,Bagerhat Sadar,Alaipur Khal Daratona,SW1,Bagerhat,01-MAR-23,3,60,0.8584,0.513,2699,2638,1500,1466,345.7,0.0,0.059,0.104,0.389,22.64626,89.80163,SYNTHETIC_SAVENIJE_PHYSICS,561.3,0.0,2521.0,1.0,2001.0,1.0,708.0,0.0
427,Bagerhat,Bagerhat Sadar,Alaipur Khal Daratona,SW1,Bagerhat,08-MAR-23,3,67,0.9138,0.4061,2893,2833,1608,1575,296.3,0.0,0.097,0.111,0.235,22.64626,89.80163,SYNTHETIC_SAVENIJE_PHYSICS,458.4,0.0,2318.0,1.0,1651.0,1.0,562.0,0.0
428,Bagerhat,Bagerhat Sadar,Alaipur Khal Daratona,SW1,Bagerhat,15-MAR-23,3,74,0.956,0.2934,2598,2531,1444,1407,392.7,10.1,0.076,0.132,0.074,22.64626,89.80163,SYNTHETIC_SAVENIJE_PHYSICS,388.8,10.1,2135.0,1.0,1361.0,0.0,448.0,0.0
429,Bagerhat,Bagerhat Sadar,Alaipur Khal Daratona,SW1,Bagerhat,22-MAR-23,3,81,0.9843,0.1765,2419,2339,1344,1300,393.2,0.0,0.097,0.125,0.088,22.64626,89.80163,SYNTHETIC_SAVENIJE_PHYSICS,464.8,10.1,2159.0,1.0,1170.0,0.0,389.0,0.0
430,Bagerhat,Bagerhat Sadar,Alaipur Khal Daratona,SW1,Bagerhat,29-MAR-23,3,88,0.9984,0.057,2521,2470,1401,1373,359.2,0.0,0.086,0.143,0.248,22.64626,89.80163,SYNTHETIC_SAVENIJE_PHYSICS,345.7,10.1,2001.0,1.0,929.0,0.0,344.0,0.0
431,Bagerhat,Bagerhat Sadar,Alaipur Khal Daratona,SW1,Bagerhat,05-APR-23,4,95,0.998,-0.0634,2318,2240,1288,1245,474.1,0.0,0.102,0.157,0.402,22.64626,89.80163,SYNTHETIC_SAVENIJE_PHYSICS,296.3,10.1,1651.0,1.0,708.0,0.0,321.0,0.0
432,Bagerhat,Bagerhat Sadar,Alaipur Khal Daratona,SW1,Bagerhat,12-APR-23,4,102,0.9831,-0.1828,2135,2062,1187,1146,596.0,0.0,0.09,0.107,0.545,22.64626,89.80163,SYNTHETIC_SAVENIJE_PHYSICS,392.7,0.0,1361.0,0.0,562.0,0.0,305.0,0.0
433,Bagerhat,Bagerhat Sadar,Alaipur Khal Daratona,SW1,Bagerhat,19-APR-23,4,109,0.9541,-0.2996,2159,2114,1200,1175,567.8,7.5,0.03,0.116,0.674,22.64626,89.80163,SYNTHETIC_SAVENIJE_PHYSICS,393.2,7.5,1170.0,0.0,448.0,0.0,295.0,0.0
434,Bagerhat,Bagerhat Sadar,Alaipur Khal Daratona,SW1,Bagerhat,26-APR-23,4,116,0.9112,-0.412,2001,1950,1112,1084,716.4,0.0,0.097,0.103,0.785,22.64626,89.80163,SYNTHETIC_SAVENIJE_PHYSICS,359.2,7.5,929.0,0.0,389.0,0.0,286.0,0.0
435,Bagerhat,Bagerhat Sadar,Alaipur Khal Daratona,SW1,Bagerhat,03-MAY-23,5,123,0.8551,-0.5185,1651,1617,917,899,1066.6,0.0,0.111,0.177,0.875,22.64626,89.80163,SYNTHETIC_SAVENIJE_PHYSICS,474.1,7.5,708.0,0.0,344.0,0.0,285.0,0.0
436,Bagerhat,Bagerhat Sadar,Alaipur Khal Daratona,SW1,Bagerhat,10-MAY-23,5,130,0.7866,-0.6175,1361,1311,756,728,1365.5,0.0,0.111,0.146,0.942,22.64626,89.80163,SYNTHETIC_SAVENIJE_PHYSICS,596.0,7.5,562.0,0.0,321.0,0.0,288.0,0.0
437,Bagerhat,Bagerhat Sadar,Alaipur Khal Daratona,SW1,Bagerhat,17-MAY-23,5,137,0.7067,-0.7075,1170,1147,650,637,1479.0,0.0,0.098,0.147,0.984,22.64626,89.80163,SYNTHETIC_SAVENIJE_PHYSICS,567.8,0.0,448.0,0.0,305.0,0.0,277.0,0.0
438,Bagerhat,Bagerhat Sadar,Alaipur Khal Daratona,SW1,Bagerhat,24-MAY-23,5,144,0.6166,-0.7873,929,904,516,502,2256.1,0.0,0.143,0.12,1.0,22.64626,89.80163,SYNTHETIC_SAVENIJE_PHYSICS,716.4,0.0,389.0,0.0,295.0,0.0,277.0,0.0
439,Bagerhat,Bagerhat Sadar,Alaipur Khal Daratona,SW1,Bagerhat,31-MAY-23,5,151,0.5176,-0.8556,708,690,393,383,2987.8,0.0,0.126,0.155,0.989,22.64626,89.80163,SYNTHETIC_SAVENIJE_PHYSICS,1066.6,0.0,344.0,0.0,286.0,0.0,281.0,0.0
440,Bagerhat,Bagerhat Sadar,Alaipur Khal Daratona,SW1,Bagerhat,07-JUN-23,6,158,0.4111,-0.9116,562,550,312,305,3983.8,0.0,0.142,0.177,0.953,22.64626,89.80163,SYNTHETIC_SAVENIJE_PHYSICS,1365.5,0.0,321.0,0.0,285.0,0.0,283.0,0.0
441,Bagerhat,Bagerhat Sadar,Alaipur Khal Daratona,SW1,Bagerhat,14-JUN-23,6,165,0.2986,-0.9544,448,433,249,240,5112.4,0.0,0.169,0.175,0.891,22.64626,89.80163,SYNTHETIC_SAVENIJE_PHYSICS,1479.0,0.0,305.0,0.0,288.0,0.0,277.0,0.0
442,Bagerhat,Bagerhat Sadar,Alaipur Khal Daratona,SW1,Bagerhat,21-JUN-23,6,172,0.1818,-0.9833,389,379,216,210,6388.5,5.5,0.176,0.219,0.806,22.64626,89.80163,SYNTHETIC_SAVENIJE_PHYSICS,2256.1,5.5,295.0,0.0,277.0,0.0,281.0,0.0
443,Bagerhat,Bagerhat Sadar,Alaipur Khal Daratona,SW1,Bagerhat,28-JUN-23,6,179,0.0623,-0.9981,344,335,191,186,7740.1,102.9,0.227,0.311,0.699,22.64626,89.80163,SYNTHETIC_SAVENIJE_PHYSICS,2987.8,108.4,286.0,0.0,277.0,0.0,281.0,0.0
444,Bagerhat,Bagerhat Sadar,Alaipur Khal Daratona,SW1,Bagerhat,05-JUL-23,7,186,-0.058,-0.9983,321,313,178,174,9141.4,89.7,0.266,0.307,0.574,22.64626,89.80163,SYNTHETIC_SAVENIJE_PHYSICS,3983.8,198.1,285.0,0.0,281.0,0.0,271.0,0.0
445,Bagerhat,Bagerhat Sadar,Alaipur Khal Daratona,SW1,Bagerhat,12-JUL-23,7,193,-0.1775,-0.9841,305,298,169,165,10486.0,45.6,0.35,0.344,0.434,22.64626,89.80163,SYNTHETIC_SAVENIJE_PHYSICS,5112.4,243.7,288.0,0.0,283.0,0.0,285.0,0.0
446,Bagerhat,Bagerhat Sadar,Alaipur Khal Daratona,SW1,Bagerhat,19-JUL-23,7,200,-0.2945,-0.9557,295,287,164,159,11696.9,34.7,0.407,0.375,0.282,22.64626,89.80163,SYNTHETIC_SAVENIJE_PHYSICS,6388.5,272.9,277.0,0.0,277.0,0.0,292.0,0.0
447,Bagerhat,Bagerhat Sadar,Alaipur Khal Daratona,SW1,Bagerhat,26-JUL-23,7,207,-0.4071,-0.9134,286,274,159,152,12730.5,48.2,0.367,0.41,0.123,22.64626,89.80163,SYNTHETIC_SAVENIJE_PHYSICS,7740.1,218.2,277.0,0.0,281.0,0.0,301.0,0.0
448,Bagerhat,Bagerhat Sadar,Alaipur Khal Daratona,SW1,Bagerhat,02-AUG-23,8,214,-0.5139,-0.8578,285,274,158,152,13505.5,0.0,0.35,0.363,0.039,22.64626,89.80163,SYNTHETIC_SAVENIJE_PHYSICS,9141.4,128.5,281.0,0.0,281.0,0.0,327.0,0.0
449,Bagerhat,Bagerhat Sadar,Alaipur Khal Daratona,SW1,Bagerhat,09-AUG-23,8,221,-0.6132,-0.7899,288,282,160,156,13910.7,68.4,0.355,0.355,0.201,22.64626,89.80163,SYNTHETIC_SAVENIJE_PHYSICS,10486.0,151.3,283.0,0.0,271.0,0.0,331.0,0.0
450,Bagerhat,Bagerhat Sadar,Alaipur Khal Daratona,SW1,Bagerhat,16-AUG-23,8,228,-0.7037,-0.7105,277,271,154,150,13885.3,118.3,0.425,0.4,0.357,22.64626,89.80163,SYNTHETIC_SAVENIJE_PHYSICS,11696.9,234.9,277.0,0.0,285.0,0.0,360.0,0.0
451,Bagerhat,Bagerhat Sadar,Alaipur Khal Daratona,SW1,Bagerhat,23-AUG-23,8,235,-0.7839,-0.6208,277,271,154,150,13496.1,119.8,0.394,0.384,0.504,22.64626,89.80163,SYNTHETIC_SAVENIJE_PHYSICS,12730.5,306.5,281.0,0.0,292.0,0.0,376.0,0.0
452,Bagerhat,Bagerhat Sadar,Alaipur Khal Daratona,SW1,Bagerhat,30-AUG-23,8,242,-0.8528,-0.5222,281,269,156,149,12750.0,9.8,0.409,0.418,0.637,22.64626,89.80163,SYNTHETIC_SAVENIJE_PHYSICS,13505.5,316.3,281.0,0.0,301.0,0.0,422.0,0.0
453,Bagerhat,Bagerhat Sadar,Alaipur Khal Daratona,SW1,Bagerhat,06-SEP-23,9,249,-0.9094,-0.4159,283,274,157,152,11738.4,88.9,0.41,0.392,0.753,22.64626,89.80163,SYNTHETIC_SAVENIJE_PHYSICS,13910.7,336.8,271.0,0.0,327.0,0.0,448.0,0.0
454,Bagerhat,Bagerhat Sadar,Alaipur Khal Daratona,SW1,Bagerhat,13-SEP-23,9,256,-0.9528,-0.3037,277,270,154,150,10531.7,11.2,0.382,0.353,0.85,22.64626,89.80163,SYNTHETIC_SAVENIJE_PHYSICS,13885.3,229.7,285.0,0.0,331.0,0.0,467.0,0.0
455,Bagerhat,Bagerhat Sadar,Alaipur Khal Daratona,SW1,Bagerhat,20-SEP-23,9,263,-0.9824,-0.187,281,274,156,152,13785.7,3.1,0.294,0.35,0.924,22.64626,89.80163,SYNTHETIC_SAVENIJE_PHYSICS,13496.1,113.0,292.0,0.0,360.0,0.0,529.0,0.0
456,Bagerhat,Bagerhat Sadar,Alaipur Khal Daratona,SW1,Bagerhat,27-SEP-23,9,270,-0.9977,-0.0677,281,270,156,150,11761.8,0.0,0.287,0.305,0.974,22.64626,89.80163,SYNTHETIC_SAVENIJE_PHYSICS,12750.0,103.2,301.0,0.0,376.0,0.0,611.0,0.0
457,Bagerhat,Bagerhat Sadar,Alaipur Khal Daratona,SW1,Bagerhat,04-OCT-23,10,277,-0.9986,0.0527,271,263,150,146,9803.6,0.0,0.236,0.237,0.998,22.64626,89.80163,SYNTHETIC_SAVENIJE_PHYSICS,11738.4,14.3,327.0,0.0,422.0,0.0,845.0,0.0
458,Bagerhat,Bagerhat Sadar,Alaipur Khal Daratona,SW1,Bagerhat,11-OCT-23,10,284,-0.9851,0.1722,285,274,158,152,8104.6,0.0,0.221,0.216,0.995,22.64626,89.80163,SYNTHETIC_SAVENIJE_PHYSICS,10531.7,3.1,331.0,0.0,448.0,0.0,1059.0,0.0
459,Bagerhat,Bagerhat Sadar,Alaipur Khal Daratona,SW1,Bagerhat,18-OCT-23,10,291,-0.9572,0.2893,292,283,162,157,6614.5,0.0,0.173,0.213,0.967,22.64626,89.80163,SYNTHETIC_SAVENIJE_PHYSICS,13785.7,0.0,360.0,0.0,467.0,0.0,1319.0,0.0
460,Bagerhat,Bagerhat Sadar,Alaipur Khal Daratona,SW1,Bagerhat,25-OCT-23,10,298,-0.9155,0.4022,301,290,167,161,5398.9,0.0,0.146,0.216,0.912,22.64626,89.80163,SYNTHETIC_SAVENIJE_PHYSICS,11761.8,0.0,376.0,0.0,529.0,0.0,1386.0,0.0
461,Bagerhat,Bagerhat Sadar,Alaipur Khal Daratona,SW1,Bagerhat,01-NOV-23,11,305,-0.8606,0.5093,327,314,181,174,4314.6,16.4,0.162,0.19,0.834,22.64626,89.80163,SYNTHETIC_SAVENIJE_PHYSICS,9803.6,16.4,422.0,0.0,611.0,0.0,1412.0,0.0
462,Bagerhat,Bagerhat Sadar,Alaipur Khal Daratona,SW1,Bagerhat,08-NOV-23,11,312,-0.7932,0.609,331,318,184,176,3514.5,4.4,0.156,0.187,0.733,22.64626,89.80163,SYNTHETIC_SAVENIJE_PHYSICS,8104.6,20.8,448.0,0.0,845.0,0.0,1566.0,1.0
463,Bagerhat,Bagerhat Sadar,Alaipur Khal Daratona,SW1,Bagerhat,15-NOV-23,11,319,-0.7143,0.6998,360,352,200,195,2866.4,0.0,0.123,0.16,0.614,22.64626,89.80163,SYNTHETIC_SAVENIJE_PHYSICS,6614.5,20.8,467.0,0.0,1059.0,0.0,1663.0,1.0
464,Bagerhat,Bagerhat Sadar,Alaipur Khal Daratona,SW1,Bagerhat,22-NOV-23,11,326,-0.625,0.7806,376,367,209,204,2375.1,0.0,0.13,0.144,0.478,22.64626,89.80163,SYNTHETIC_SAVENIJE_PHYSICS,5398.9,20.8,529.0,0.0,1319.0,0.0,1637.0,1.0
465,Bagerhat,Bagerhat Sadar,Alaipur Khal Daratona,SW1,Bagerhat,29-NOV-23,11,333,-0.5268,0.85,422,413,234,229,2031.3,20.8,0.145,0.169,0.329,22.64626,89.80163,SYNTHETIC_SAVENIJE_PHYSICS,4314.6,25.2,611.0,0.0,1386.0,0.0,1886.0,1.0
466,Bagerhat,Bagerhat Sadar,Alaipur Khal Daratona,SW1,Bagerhat,06-DEC-23,12,340,-0.4208,0.9071,448,434,249,241,1755.4,0.0,0.153,0.154,0.171,22.64626,89.80163,SYNTHETIC_SAVENIJE_PHYSICS,3514.5,20.8,845.0,0.0,1412.0,0.0,2153.0,1.0
467,Bagerhat,Bagerhat Sadar,Alaipur Khal Daratona,SW1,Bagerhat,13-DEC-23,12,347,-0.3088,0.9511,467,452,259,251,1538.0,0.0,0.127,0.12,0.01,22.64626,89.80163,SYNTHETIC_SAVENIJE_PHYSICS,2866.4,20.8,1059.0,0.0,1566.0,1.0,2174.0,1.0
468,Bagerhat,Bagerhat Sadar,Alaipur Khal Daratona,SW1,Bagerhat,20-DEC-23,12,354,-0.1923,0.9813,529,512,294,284,1449.1,0.0,0.112,0.141,0.153,22.64626,89.80163,SYNTHETIC_SAVENIJE_PHYSICS,2375.1,20.8,1319.0,0.0,1663.0,1.0,2473.0,1.0
469,Bagerhat,Bagerhat Sadar,Alaipur Khal Daratona,SW1,Bagerhat,27-DEC-23,12,361,-0.073,0.9973,611,594,339,330,1305.0,0.0,0.096,0.134,0.311,22.64626,89.80163,SYNTHETIC_SAVENIJE_PHYSICS,2031.3,0.0,1386.0,0.0,1637.0,1.0,2961.0,1.0
470,Bagerhat,Bagerhat Sadar,Alaipur Khal Daratona,SW1,Bagerhat,03-JAN-24,1,3,0.0516,0.9987,845,817,469,454,1188.2,0.0,0.107,0.124,0.957,22.64626,89.80163,SYNTHETIC_SAVENIJE_PHYSICS,1755.4,0.0,1412.0,0.0,1886.0,1.0,2792.0,1.0
471,Bagerhat,Bagerhat Sadar,Alaipur Khal Daratona,SW1,Bagerhat,10-JAN-24,1,10,0.1712,0.9852,1059,1034,588,574,998.5,0.0,0.091,0.161,0.897,22.64626,89.80163,SYNTHETIC_SAVENIJE_PHYSICS,1538.0,0.0,1566.0,1.0,2153.0,1.0,2855.0,1.0
472,Bagerhat,Bagerhat Sadar,Alaipur Khal Daratona,SW1,Bagerhat,17-JAN-24,1,17,0.2883,0.9575,1319,1289,733,716,826.9,0.0,0.095,0.139,0.814,22.64626,89.80163,SYNTHETIC_SAVENIJE_PHYSICS,1449.1,0.0,1663.0,1.0,2174.0,1.0,2856.0,1.0
473,Bagerhat,Bagerhat Sadar,Alaipur Khal Daratona,SW1,Bagerhat,24-JAN-24,1,24,0.4012,0.916,1386,1357,770,754,818.5,0.0,0.07,0.157,0.709,22.64626,89.80163,SYNTHETIC_SAVENIJE_PHYSICS,1305.0,0.0,1637.0,1.0,2473.0,1.0,2416.0,1.0
474,Bagerhat,Bagerhat Sadar,Alaipur Khal Daratona,SW1,Bagerhat,31-JAN-24,1,31,0.5084,0.8611,1412,1363,785,757,770.2,0.0,0.116,0.134,0.586,22.64626,89.80163,SYNTHETIC_SAVENIJE_PHYSICS,1188.2,0.0,1886.0,1.0,2961.0,1.0,1910.0,1.0
475,Bagerhat,Bagerhat Sadar,Alaipur Khal Daratona,SW1,Bagerhat,07-FEB-24,2,38,0.6081,0.7938,1566,1521,870,845,579.2,12.5,0.072,0.135,0.446,22.64626,89.80163,SYNTHETIC_SAVENIJE_PHYSICS,998.5,12.5,2153.0,1.0,2792.0,1.0,1549.0,1.0
476,Bagerhat,Bagerhat Sadar,Alaipur Khal Daratona,SW1,Bagerhat,14-FEB-24,2,45,0.6991,0.715,1663,1604,924,891,563.6,0.0,0.086,0.114,0.296,22.64626,89.80163,SYNTHETIC_SAVENIJE_PHYSICS,826.9,12.5,2174.0,1.0,2855.0,1.0,1226.0,0.0
477,Bagerhat,Bagerhat Sadar,Alaipur Khal Daratona,SW1,Bagerhat,21-FEB-24,2,52,0.7799,0.6259,1637,1572,910,874,581.9,0.0,0.097,0.133,0.137,22.64626,89.80163,SYNTHETIC_SAVENIJE_PHYSICS,818.5,12.5,2473.0,1.0,2856.0,1.0,914.0,0.0
478,Bagerhat,Bagerhat Sadar,Alaipur Khal Daratona,SW1,Bagerhat,28-FEB-24,2,59,0.8495,0.5277,1886,1839,1048,1022,409.4,0.0,0.132,0.131,0.026,22.64626,89.80163,SYNTHETIC_SAVENIJE_PHYSICS,770.2,12.5,2961.0,1.0,2416.0,1.0,726.0,0.0
479,Bagerhat,Bagerhat Sadar,Alaipur Khal Daratona,SW1,Bagerhat,06-MAR-24,3,66,0.9067,0.4218,2153,2092,1197,1163,354.0,4.0,0.079,0.099,0.187,22.64626,89.80163,SYNTHETIC_SAVENIJE_PHYSICS,579.2,4.0,2792.0,1.0,1910.0,1.0,536.0,0.0
480,Bagerhat,Bagerhat Sadar,Alaipur Khal Daratona,SW1,Bagerhat,13-MAR-24,3,73,0.9508,0.3098,2174,2121,1208,1179,444.8,0.0,0.075,0.116,0.344,22.64626,89.80163,SYNTHETIC_SAVENIJE_PHYSICS,563.6,4.0,2855.0,1.0,1549.0,1.0,441.0,0.0
481,Bagerhat,Bagerhat Sadar,Alaipur Khal Daratona,SW1,Bagerhat,20-MAR-24,3,80,0.9811,0.1934,2473,2378,1374,1322,366.0,0.0,0.076,0.12,0.492,22.64626,89.80163,SYNTHETIC_SAVENIJE_PHYSICS,581.9,4.0,2856.0,1.0,1226.0,0.0,352.0,0.0
482,Bagerhat,Bagerhat Sadar,Alaipur Khal Daratona,SW1,Bagerhat,27-MAR-24,3,87,0.9972,0.0741,2961,2907,1646,1616,329.7,0.0,0.12,0.134,0.626,22.64626,89.80163,SYNTHETIC_SAVENIJE_PHYSICS,409.4,4.0,2416.0,1.0,914.0,0.0,340.0,0.0
483,Bagerhat,Bagerhat Sadar,Alaipur Khal Daratona,SW1,Bagerhat,03-APR-24,4,94,0.9989,-0.0462,2792,2741,1552,1523,436.4,0.0,0.03,0.134,0.744,22.64626,89.80163,SYNTHETIC_SAVENIJE_PHYSICS,354.0,0.0,1910.0,1.0,726.0,0.0,318.0,0.0
484,Bagerhat,Bagerhat Sadar,Alaipur Khal Daratona,SW1,Bagerhat,10-APR-24,4,101,0.9861,-0.1659,2855,2770,1587,1540,480.6,0.0,0.066,0.114,0.843,22.64626,89.80163,SYNTHETIC_SAVENIJE_PHYSICS,444.8,0.0,1549.0,1.0,536.0,0.0,296.0,0.0
485,Bagerhat,Bagerhat Sadar,Alaipur Khal Daratona,SW1,Bagerhat,17-APR-24,4,108,0.9591,-0.2831,2856,2796,1587,1554,488.5,0.0,0.141,0.135,0.919,22.64626,89.80163,SYNTHETIC_SAVENIJE_PHYSICS,366.0,0.0,1226.0,0.0,441.0,0.0,292.0,0.0
486,Bagerhat,Bagerhat Sadar,Alaipur Khal Daratona,SW1,Bagerhat,24-APR-24,4,115,0.9181,-0.3963,2416,2332,1343,1296,762.9,0.0,0.102,0.125,0.971,22.64626,89.80163,SYNTHETIC_SAVENIJE_PHYSICS,329.7,0.0,914.0,0.0,352.0,0.0,288.0,0.0
487,Bagerhat,Bagerhat Sadar,Alaipur Khal Daratona,SW1,Bagerhat,01-MAY-24,5,122,0.8639,-0.5037,1910,1864,1061,1036,1077.6,0.0,0.072,0.075,0.997,22.64626,89.80163,SYNTHETIC_SAVENIJE_PHYSICS,436.4,0.0,726.0,0.0,340.0,0.0,279.0,0.0
488,Bagerhat,Bagerhat Sadar,Alaipur Khal Daratona,SW1,Bagerhat,08-MAY-24,5,129,0.7971,-0.6038,1549,1517,861,843,1331.2,0.0,0.097,0.126,0.997,22.64626,89.80163,SYNTHETIC_SAVENIJE_PHYSICS,480.6,0.0,536.0,0.0,318.0,0.0,284.0,0.0
489,Bagerhat,Bagerhat Sadar,Alaipur Khal Daratona,SW1,Bagerhat,15-MAY-24,5,136,0.7188,-0.6952,1226,1198,681,666,1612.9,0.0,0.103,0.16,0.97,22.64626,89.80163,SYNTHETIC_SAVENIJE_PHYSICS,488.5,0.0,441.0,0.0,296.0,0.0,276.0,0.0
490,Bagerhat,Bagerhat Sadar,Alaipur Khal Daratona,SW1,Bagerhat,22-MAY-24,5,143,0.6301,-0.7765,914,893,508,496,2294.1,0.0,0.128,0.113,0.918,22.64626,89.80163,SYNTHETIC_SAVENIJE_PHYSICS,762.9,0.0,352.0,0.0,292.0,0.0,277.0,0.0
491,Bagerhat,Bagerhat Sadar,Alaipur Khal Daratona,SW1,Bagerhat,29-MAY-24,5,150,0.5322,-0.8466,726,704,403,391,3127.3,8.8,0.164,0.163,0.841,22.64626,89.80163,SYNTHETIC_SAVENIJE_PHYSICS,1077.6,8.8,340.0,0.0,288.0,0.0,287.0,0.0
492,Bagerhat,Bagerhat Sadar,Alaipur Khal Daratona,SW1,Bagerhat,05-JUN-24,6,157,0.4267,-0.9044,536,524,298,291,4213.7,0.0,0.149,0.205,0.743,22.64626,89.80163,SYNTHETIC_SAVENIJE_PHYSICS,1331.2,8.8,318.0,0.0,279.0,0.0,286.0,0.0
493,Bagerhat,Bagerhat Sadar,Alaipur Khal Daratona,SW1,Bagerhat,12-JUN-24,6,164,0.3149,-0.9491,441,430,245,239,5475.2,0.0,0.147,0.173,0.624,22.64626,89.80163,SYNTHETIC_SAVENIJE_PHYSICS,1612.9,8.8,296.0,0.0,284.0,0.0,277.0,0.0
494,Bagerhat,Bagerhat Sadar,Alaipur Khal Daratona,SW1,Bagerhat,19-JUN-24,6,171,0.1986,-0.9801,352,338,195,187,6847.3,0.0,0.192,0.204,0.49,22.64626,89.80163,SYNTHETIC_SAVENIJE_PHYSICS,2294.1,8.8,292.0,0.0,276.0,0.0,277.0,0.0
495,Bagerhat,Bagerhat Sadar,Alaipur Khal Daratona,SW1,Bagerhat,26-JUN-24,6,178,0.0795,-0.9968,340,327,189,181,8397.3,25.2,0.192,0.204,0.342,22.64626,89.80163,SYNTHETIC_SAVENIJE_PHYSICS,3127.3,25.2,288.0,0.0,277.0,0.0,277.0,0.0
496,Bagerhat,Bagerhat Sadar,Alaipur Khal Daratona,SW1,Bagerhat,03-JUL-24,7,185,-0.0408,-0.9992,318,310,176,172,9978.0,0.0,0.207,0.282,0.185,22.64626,89.80163,SYNTHETIC_SAVENIJE_PHYSICS,4213.7,25.2,279.0,0.0,287.0,0.0,286.0,0.0
497,Bagerhat,Bagerhat Sadar,Alaipur Khal Daratona,SW1,Bagerhat,10-JUL-24,7,192,-0.1606,-0.987,296,288,164,160,11484.8,62.7,0.248,0.296,0.023,22.64626,89.80163,SYNTHETIC_SAVENIJE_PHYSICS,5475.2,87.9,284.0,0.0,286.0,0.0,277.0,0.0
498,Bagerhat,Bagerhat Sadar,Alaipur Khal Daratona,SW1,Bagerhat,17-JUL-24,7,199,-0.278,-0.9606,292,283,162,157,12884.5,12.7,0.278,0.322,0.139,22.64626,89.80163,SYNTHETIC_SAVENIJE_PHYSICS,6847.3,100.6,276.0,0.0,277.0,0.0,288.0,0.0
499,Bagerhat,Bagerhat Sadar,Alaipur Khal Daratona,SW1,Bagerhat,24-JUL-24,7,206,-0.3914,-0.9202,288,282,160,156,14085.3,110.4,0.356,0.404,0.298,22.64626,89.80163,SYNTHETIC_SAVENIJE_PHYSICS,8397.3,185.8,277.0,0.0,277.0,0.0,294.0,0.0
500,Bagerhat,Bagerhat Sadar,Alaipur Khal Daratona,SW1,Bagerhat,31-JUL-24,7,213,-0.4991,-0.8666,279,271,155,150,14992.1,77.3,0.376,0.413,0.448,22.64626,89.80163,SYNTHETIC_SAVENIJE_PHYSICS,9978.0,263.1,287.0,0.0,277.0,0.0,295.0,0.0
501,Bagerhat,Bagerhat Sadar,Alaipur Khal Daratona,SW1,Bagerhat,07-AUG-24,8,220,-0.5996,-0.8003,284,275,157,152,15515.4,68.3,0.406,0.382,0.587,22.64626,89.80163,SYNTHETIC_SAVENIJE_PHYSICS,11484.8,268.7,286.0,0.0,286.0,0.0,311.0,0.0
502,Bagerhat,Bagerhat Sadar,Alaipur Khal Daratona,SW1,Bagerhat,14-AUG-24,8,227,-0.6914,-0.7225,276,267,153,148,15622.1,80.3,0.376,0.387,0.711,22.64626,89.80163,SYNTHETIC_SAVENIJE_PHYSICS,12884.5,336.3,277.0,0.0,277.0,0.0,313.0,0.0
503,Bagerhat,Bagerhat Sadar,Alaipur Khal Daratona,SW1,Bagerhat,21-AUG-24,8,234,-0.7731,-0.6342,277,269,154,149,15250.9,61.7,0.337,0.41,0.815,22.64626,89.80163,SYNTHETIC_SAVENIJE_PHYSICS,14085.3,287.6,277.0,0.0,288.0,0.0,324.0,0.0
504,Bagerhat,Bagerhat Sadar,Alaipur Khal Daratona,SW1,Bagerhat,28-AUG-24,8,241,-0.8437,-0.5368,287,280,159,155,14484.3,43.7,0.379,0.388,0.898,22.64626,89.80163,SYNTHETIC_SAVENIJE_PHYSICS,14992.1,254.0,277.0,0.0,294.0,0.0,343.0,0.0
505,Bagerhat,Bagerhat Sadar,Alaipur Khal Daratona,SW1,Bagerhat,04-SEP-24,9,248,-0.9021,-0.4315,286,278,159,154,13364.4,0.0,0.355,0.326,0.958,22.64626,89.80163,SYNTHETIC_SAVENIJE_PHYSICS,15515.4,185.7,286.0,0.0,295.0,0.0,401.0,0.0
506,Bagerhat,Bagerhat Sadar,Alaipur Khal Daratona,SW1,Bagerhat,11-SEP-24,9,255,-0.9474,-0.32,277,269,154,149,11990.4,0.0,0.288,0.312,0.992,22.64626,89.80163,SYNTHETIC_SAVENIJE_PHYSICS,15622.1,105.4,277.0,0.0,311.0,0.0,457.0,0.0
507,Bagerhat,Bagerhat Sadar,Alaipur Khal Daratona,SW1,Bagerhat,18-SEP-24,9,262,-0.979,-0.2039,277,270,154,150,15753.2,127.1,0.418,0.36,0.999,22.64626,89.80163,SYNTHETIC_SAVENIJE_PHYSICS,15250.9,170.8,288.0,0.0,313.0,0.0,557.0,0.0
508,Bagerhat,Bagerhat Sadar,Alaipur Khal Daratona,SW1,Bagerhat,25-SEP-24,9,269,-0.9964,-0.0848,277,270,154,150,13449.5,0.0,0.32,0.373,0.981,22.64626,89.80163,SYNTHETIC_SAVENIJE_PHYSICS,14484.3,127.1,294.0,0.0,324.0,0.0,660.0,0.0
509,Bagerhat,Bagerhat Sadar,Alaipur Khal Daratona,SW1,Bagerhat,02-OCT-24,10,276,-0.9994,0.0355,286,279,159,155,11353.2,98.0,0.378,0.369,0.936,22.64626,89.80163,SYNTHETIC_SAVENIJE_PHYSICS,13364.4,225.1,295.0,0.0,343.0,0.0,,
510,Bagerhat,Bagerhat Sadar,Alaipur Khal Daratona,SW1,Bagerhat,09-OCT-24,10,283,-0.9879,0.1553,277,266,154,147,9431.8,0.0,0.334,0.325,0.867,22.64626,89.80163,SYNTHETIC_SAVENIJE_PHYSICS,11990.4,225.1,311.0,0.0,401.0,0.0,,
511,Bagerhat,Bagerhat Sadar,Alaipur Khal Daratona,SW1,Bagerhat,16-OCT-24,10,290,-0.9621,0.2728,288,281,160,156,7708.7,13.2,0.245,0.252,0.775,22.64626,89.80163,SYNTHETIC_SAVENIJE_PHYSICS,15753.2,111.2,313.0,0.0,457.0,0.0,,
512,Bagerhat,Bagerhat Sadar,Alaipur Khal Daratona,SW1,Bagerhat,23-OCT-24,10,297,-0.9223,0.3864,294,285,163,158,6180.7,0.0,0.209,0.21,0.662,22.64626,89.80163,SYNTHETIC_SAVENIJE_PHYSICS,13449.5,111.2,324.0,0.0,557.0,0.0,,
513,Bagerhat,Bagerhat Sadar,Alaipur Khal Daratona,SW1,Bagerhat,30-OCT-24,10,304,-0.8692,0.4944,295,283,164,157,5022.4,0.0,0.153,0.163,0.532,22.64626,89.80163,SYNTHETIC_SAVENIJE_PHYSICS,11353.2,13.2,343.0,0.0,660.0,0.0,,
514,Bagerhat,Bagerhat Sadar,Alaipur Khal Daratona,SW1,Bagerhat,06-NOV-24,11,311,-0.8035,0.5952,311,303,172,168,4037.9,0.0,0.126,0.194,0.387,22.64626,89.80163,SYNTHETIC_SAVENIJE_PHYSICS,9431.8,13.2,401.0,0.0,,,,
515,Bagerhat,Bagerhat Sadar,Alaipur Khal Daratona,SW1,Bagerhat,13-NOV-24,11,318,-0.7262,0.6875,313,305,174,169,3321.5,0.0,0.128,0.203,0.233,22.64626,89.80163,SYNTHETIC_SAVENIJE_PHYSICS,7708.7,0.0,457.0,0.0,,,,
516,Bagerhat,Bagerhat Sadar,Alaipur Khal Daratona,SW1,Bagerhat,20-NOV-24,11,325,-0.6384,0.7697,324,314,180,174,2788.7,0.0,0.112,0.167,0.072,22.64626,89.80163,SYNTHETIC_SAVENIJE_PHYSICS,6180.7,0.0,557.0,0.0,,,,
517,Bagerhat,Bagerhat Sadar,Alaipur Khal Daratona,SW1,Bagerhat,27-NOV-24,11,332,-0.5413,0.8408,343,335,190,186,2286.0,0.0,0.092,0.145,0.09,22.64626,89.80163,SYNTHETIC_SAVENIJE_PHYSICS,5022.4,0.0,660.0,0.0,,,,
518,Bagerhat,Bagerhat Sadar,Alaipur Khal Daratona,SW1,Bagerhat,04-DEC-24,12,339,-0.4364,0.8998,401,387,222,215,2018.0,0.0,0.127,0.135,0.251,22.64626,89.80163,SYNTHETIC_SAVENIJE_PHYSICS,4037.9,0.0,,,,,,
519,Bagerhat,Bagerhat Sadar,Alaipur Khal Daratona,SW1,Bagerhat,11-DEC-24,12,346,-0.3251,0.9457,457,440,254,244,1743.1,0.0,0.112,0.121,0.404,22.64626,89.80163,SYNTHETIC_SAVENIJE_PHYSICS,3321.5,0.0,,,,,,
520,Bagerhat,Bagerhat Sadar,Alaipur Khal Daratona,SW1,Bagerhat,18-DEC-24,12,353,-0.2092,0.9779,557,539,309,299,1573.6,0.0,0.092,0.18,0.547,22.64626,89.80163,SYNTHETIC_SAVENIJE_PHYSICS,2788.7,0.0,,,,,,
521,Bagerhat,Bagerhat Sadar,Alaipur Khal Daratona,SW1,Bagerhat,25-DEC-24,12,360,-0.0902,0.9959,660,639,366,355,1430.0,0.0,0.102,0.133,0.675,22.64626,89.80163,SYNTHETIC_SAVENIJE_PHYSICS,2286.0,0.0,,,,,,
526,Satkhira,Shyamnagar,Kholpetua River,SW135,Shyamnagar,04-FEB-15,2,35,0.5664,0.8242,3593,3460,1997,1923,549.3,0.0,0.086,0.101,0.727,22.33021,89.10254,SYNTHETIC_SAVENIJE_PHYSICS,729.2,0.0,5402.0,2.0,5927.0,2.0,2811.0,1.0
527,Satkhira,Shyamnagar,Kholpetua River,SW135,Shyamnagar,11-FEB-15,2,42,0.6613,0.7502,4151,3986,2307,2216,546.6,0.0,0.082,0.123,0.829,22.33021,89.10254,SYNTHETIC_SAVENIJE_PHYSICS,719.0,0.0,6031.0,2.0,5753.0,2.0,2096.0,1.0
528,Satkhira,Shyamnagar,Kholpetua River,SW135,Shyamnagar,18-FEB-15,2,49,0.7466,0.6653,4493,4349,2498,2418,408.6,0.0,0.075,0.095,0.908,22.33021,89.10254,SYNTHETIC_SAVENIJE_PHYSICS,644.6,0.0,6500.0,2.0,5554.0,2.0,1636.0,1.0
529,Satkhira,Shyamnagar,Kholpetua River,SW135,Shyamnagar,25-FEB-15,2,56,0.8211,0.5708,5113,4980,2842,2768,377.5,0.0,0.076,0.139,0.964,22.33021,89.10254,SYNTHETIC_SAVENIJE_PHYSICS,551.7,0.0,6337.0,2.0,4508.0,2.0,1264.0,0.0
530,Satkhira,Shyamnagar,Kholpetua River,SW135,Shyamnagar,04-MAR-15,3,63,0.8837,0.468,5402,5247,3003,2917,395.8,17.1,0.117,0.142,0.994,22.33021,89.10254,SYNTHETIC_SAVENIJE_PHYSICS,549.3,17.1,5927.0,2.0,3888.0,2.0,1023.0,0.0
531,Satkhira,Shyamnagar,Kholpetua River,SW135,Shyamnagar,11-MAR-15,3,70,0.9335,0.3585,6031,5879,3353,3268,291.5,0.0,0.082,0.126,0.998,22.33021,89.10254,SYNTHETIC_SAVENIJE_PHYSICS,546.6,17.1,5753.0,2.0,2811.0,1.0,810.0,0.0
532,Satkhira,Shyamnagar,Kholpetua River,SW135,Shyamnagar,18-MAR-15,3,77,0.9698,0.2437,6500,6336,3614,3522,260.3,0.0,0.105,0.13,0.976,22.33021,89.10254,SYNTHETIC_SAVENIJE_PHYSICS,408.6,17.1,5554.0,2.0,2096.0,1.0,680.0,0.0
533,Satkhira,Shyamnagar,Kholpetua River,SW135,Shyamnagar,25-MAR-15,3,84,0.9921,0.1255,6337,6103,3523,3393,335.5,0.0,0.101,0.148,0.928,22.33021,89.10254,SYNTHETIC_SAVENIJE_PHYSICS,377.5,17.1,4508.0,2.0,1636.0,1.0,541.0,0.0
534,Satkhira,Shyamnagar,Kholpetua River,SW135,Shyamnagar,01-APR-15,4,91,1.0,0.0054,5927,5697,3295,3167,394.5,0.0,0.057,0.102,0.855,22.33021,89.10254,SYNTHETIC_SAVENIJE_PHYSICS,395.8,0.0,3888.0,2.0,1264.0,0.0,471.0,0.0
535,Satkhira,Shyamnagar,Kholpetua River,SW135,Shyamnagar,08-APR-15,4,98,0.9934,-0.1148,5753,5602,3198,3114,339.5,0.0,0.095,0.128,0.76,22.33021,89.10254,SYNTHETIC_SAVENIJE_PHYSICS,291.5,0.0,2811.0,1.0,1023.0,0.0,414.0,0.0
536,Satkhira,Shyamnagar,Kholpetua River,SW135,Shyamnagar,15-APR-15,4,105,0.9724,-0.2333,5554,5411,3088,3008,450.2,0.0,0.058,0.139,0.644,22.33021,89.10254,SYNTHETIC_SAVENIJE_PHYSICS,260.3,0.0,2096.0,1.0,810.0,0.0,394.0,0.0
537,Satkhira,Shyamnagar,Kholpetua River,SW135,Shyamnagar,22-APR-15,4,112,0.9373,-0.3484,4508,4382,2506,2436,598.2,0.0,0.101,0.091,0.512,22.33021,89.10254,SYNTHETIC_SAVENIJE_PHYSICS,335.5,0.0,1636.0,1.0,680.0,0.0,350.0,0.0
538,Satkhira,Shyamnagar,Kholpetua River,SW135,Shyamnagar,29-APR-15,4,119,0.8887,-0.4585,3888,3753,2161,2086,672.0,0.0,0.079,0.142,0.366,22.33021,89.10254,SYNTHETIC_SAVENIJE_PHYSICS,394.5,0.0,1264.0,0.0,541.0,0.0,341.0,0.0
539,Satkhira,Shyamnagar,Kholpetua River,SW135,Shyamnagar,06-MAY-15,5,126,0.8272,-0.5619,2811,2748,1562,1527,1199.9,0.0,0.096,0.101,0.21,22.33021,89.10254,SYNTHETIC_SAVENIJE_PHYSICS,339.5,0.0,1023.0,0.0,471.0,0.0,330.0,0.0
540,Satkhira,Shyamnagar,Kholpetua River,SW135,Shyamnagar,13-MAY-15,5,133,0.7537,-0.6572,2096,2015,1165,1120,1374.1,0.0,0.072,0.134,0.049,22.33021,89.10254,SYNTHETIC_SAVENIJE_PHYSICS,450.2,0.0,810.0,0.0,414.0,0.0,314.0,0.0
541,Satkhira,Shyamnagar,Kholpetua River,SW135,Shyamnagar,20-MAY-15,5,140,0.6693,-0.743,1636,1593,909,885,1586.6,0.0,0.104,0.115,0.114,22.33021,89.10254,SYNTHETIC_SAVENIJE_PHYSICS,598.2,0.0,680.0,0.0,394.0,0.0,300.0,0.0
542,Satkhira,Shyamnagar,Kholpetua River,SW135,Shyamnagar,27-MAY-15,5,147,0.5752,-0.818,1264,1216,702,676,2113.1,0.0,0.127,0.173,0.273,22.33021,89.10254,SYNTHETIC_SAVENIJE_PHYSICS,672.0,0.0,541.0,0.0,350.0,0.0,296.0,0.0
543,Satkhira,Shyamnagar,Kholpetua River,SW135,Shyamnagar,03-JUN-15,6,154,0.4728,-0.8812,1023,996,568,553,2905.3,12.6,0.11,0.137,0.425,22.33021,89.10254,SYNTHETIC_SAVENIJE_PHYSICS,1199.9,12.6,471.0,0.0,341.0,0.0,307.0,0.0
544,Satkhira,Shyamnagar,Kholpetua River,SW135,Shyamnagar,10-JUN-15,6,161,0.3635,-0.9316,810,785,450,436,3824.9,0.0,0.126,0.138,0.566,22.33021,89.10254,SYNTHETIC_SAVENIJE_PHYSICS,1374.1,12.6,414.0,0.0,330.0,0.0,294.0,0.0
545,Satkhira,Shyamnagar,Kholpetua River,SW135,Shyamnagar,17-JUN-15,6,168,0.2489,-0.9685,680,663,378,368,4848.2,45.4,0.187,0.208,0.692,22.33021,89.10254,SYNTHETIC_SAVENIJE_PHYSICS,1586.6,58.0,394.0,0.0,314.0,0.0,304.0,0.0
546,Satkhira,Shyamnagar,Kholpetua River,SW135,Shyamnagar,24-JUN-15,6,175,0.1308,-0.9914,541,519,300,288,5996.3,22.1,0.215,0.222,0.8,22.33021,89.10254,SYNTHETIC_SAVENIJE_PHYSICS,2113.1,80.1,350.0,0.0,300.0,0.0,295.0,0.0
547,Satkhira,Shyamnagar,Kholpetua River,SW135,Shyamnagar,01-JUL-15,7,182,0.0108,-0.9999,471,457,261,254,7210.6,0.0,0.166,0.208,0.887,22.33021,89.10254,SYNTHETIC_SAVENIJE_PHYSICS,2905.3,67.5,341.0,0.0,296.0,0.0,295.0,0.0
548,Satkhira,Shyamnagar,Kholpetua River,SW135,Shyamnagar,08-JUL-15,7,189,-0.1094,-0.994,414,398,230,221,8412.2,117.5,0.338,0.321,0.95,22.33021,89.10254,SYNTHETIC_SAVENIJE_PHYSICS,3824.9,185.0,330.0,0.0,307.0,0.0,302.0,0.0
549,Satkhira,Shyamnagar,Kholpetua River,SW135,Shyamnagar,15-JUL-15,7,196,-0.2281,-0.9736,394,384,219,213,9577.0,122.8,0.368,0.323,0.988,22.33021,89.10254,SYNTHETIC_SAVENIJE_PHYSICS,4848.2,262.4,314.0,0.0,294.0,0.0,311.0,0.0
550,Satkhira,Shyamnagar,Kholpetua River,SW135,Shyamnagar,22-JUL-15,7,203,-0.3434,-0.9392,350,336,194,186,10518.5,62.7,0.407,0.373,1.0,22.33021,89.10254,SYNTHETIC_SAVENIJE_PHYSICS,5996.3,303.0,300.0,0.0,304.0,0.0,349.0,0.0
551,Satkhira,Shyamnagar,Kholpetua River,SW135,Shyamnagar,29-JUL-15,7,210,-0.4537,-0.8912,341,327,189,181,11367.8,46.6,0.397,0.388,0.985,22.33021,89.10254,SYNTHETIC_SAVENIJE_PHYSICS,7210.6,349.6,296.0,0.0,295.0,0.0,430.0,0.0
552,Satkhira,Shyamnagar,Kholpetua River,SW135,Shyamnagar,05-AUG-15,8,217,-0.5575,-0.8302,330,321,183,178,11942.0,16.1,0.344,0.399,0.945,22.33021,89.10254,SYNTHETIC_SAVENIJE_PHYSICS,8412.2,248.2,307.0,0.0,295.0,0.0,530.0,0.0
553,Satkhira,Shyamnagar,Kholpetua River,SW135,Shyamnagar,12-AUG-15,8,224,-0.6532,-0.7572,314,301,174,167,12079.8,24.7,0.34,0.362,0.879,22.33021,89.10254,SYNTHETIC_SAVENIJE_PHYSICS,9577.0,150.1,294.0,0.0,302.0,0.0,653.0,0.0
554,Satkhira,Shyamnagar,Kholpetua River,SW135,Shyamnagar,19-AUG-15,8,231,-0.7394,-0.6733,300,289,166,160,11988.3,15.1,0.287,0.333,0.791,22.33021,89.10254,SYNTHETIC_SAVENIJE_PHYSICS,10518.5,102.5,304.0,0.0,311.0,0.0,902.0,0.0
555,Satkhira,Shyamnagar,Kholpetua River,SW135,Shyamnagar,26-AUG-15,8,238,-0.8149,-0.5796,296,289,164,160,11528.4,101.0,0.334,0.33,0.681,22.33021,89.10254,SYNTHETIC_SAVENIJE_PHYSICS,11367.8,156.9,295.0,0.0,349.0,0.0,1110.0,0.0
556,Satkhira,Shyamnagar,Kholpetua River,SW135,Shyamnagar,02-SEP-15,9,245,-0.8786,-0.4775,307,300,170,166,10789.1,15.2,0.309,0.275,0.553,22.33021,89.10254,SYNTHETIC_SAVENIJE_PHYSICS,11942.0,156.0,295.0,0.0,430.0,0.0,1420.0,0.0
557,Satkhira,Shyamnagar,Kholpetua River,SW135,Shyamnagar,09-SEP-15,9,252,-0.9296,-0.3685,294,287,163,159,9853.0,30.2,0.308,0.324,0.411,22.33021,89.10254,SYNTHETIC_SAVENIJE_PHYSICS,12079.8,161.5,302.0,0.0,530.0,0.0,1701.0,1.0
558,Satkhira,Shyamnagar,Kholpetua River,SW135,Shyamnagar,16-SEP-15,9,259,-0.9672,-0.2541,304,294,169,163,8763.4,0.0,0.265,0.325,0.258,22.33021,89.10254,SYNTHETIC_SAVENIJE_PHYSICS,11988.3,146.4,311.0,0.0,653.0,0.0,1878.0,1.0
559,Satkhira,Shyamnagar,Kholpetua River,SW135,Shyamnagar,23-SEP-15,9,266,-0.9907,-0.1361,295,286,164,159,11267.1,8.1,0.278,0.303,0.098,22.33021,89.10254,SYNTHETIC_SAVENIJE_PHYSICS,11528.4,53.5,349.0,0.0,902.0,0.0,2107.0,1.0
560,Satkhira,Shyamnagar,Kholpetua River,SW135,Shyamnagar,30-SEP-15,9,273,-0.9999,-0.0161,295,288,164,160,9572.5,49.6,0.234,0.285,0.065,22.33021,89.10254,SYNTHETIC_SAVENIJE_PHYSICS,10789.1,87.9,430.0,0.0,1110.0,0.0,2189.0,1.0
561,Satkhira,Shyamnagar,Kholpetua River,SW135,Shyamnagar,07-OCT-15,10,280,-0.9946,0.1041,302,290,167,161,7974.5,33.3,0.283,0.235,0.226,22.33021,89.10254,SYNTHETIC_SAVENIJE_PHYSICS,9853.0,91.0,530.0,0.0,1420.0,0.0,2692.0,1.0
562,Satkhira,Shyamnagar,Kholpetua River,SW135,Shyamnagar,14-OCT-15,10,287,-0.9749,0.2228,311,303,172,168,6614.8,0.0,0.265,0.232,0.381,22.33021,89.10254,SYNTHETIC_SAVENIJE_PHYSICS,8763.4,91.0,653.0,0.0,1701.0,1.0,2830.0,1.0
563,Satkhira,Shyamnagar,Kholpetua River,SW135,Shyamnagar,21-OCT-15,10,294,-0.941,0.3383,349,335,194,186,5350.2,14.4,0.24,0.27,0.525,22.33021,89.10254,SYNTHETIC_SAVENIJE_PHYSICS,11267.1,97.3,902.0,0.0,1878.0,1.0,3381.0,2.0
564,Satkhira,Shyamnagar,Kholpetua River,SW135,Shyamnagar,28-OCT-15,10,301,-0.8936,0.4489,430,421,239,234,4334.7,0.0,0.191,0.166,0.656,22.33021,89.10254,SYNTHETIC_SAVENIJE_PHYSICS,9572.5,47.7,1110.0,0.0,2107.0,1.0,4181.0,2.0
565,Satkhira,Shyamnagar,Kholpetua River,SW135,Shyamnagar,04-NOV-15,11,308,-0.8332,0.553,530,516,294,286,3469.2,0.0,0.133,0.145,0.77,22.33021,89.10254,SYNTHETIC_SAVENIJE_PHYSICS,7974.5,14.4,1420.0,0.0,2189.0,1.0,4442.0,2.0
566,Satkhira,Shyamnagar,Kholpetua River,SW135,Shyamnagar,11-NOV-15,11,315,-0.7607,0.6491,653,633,363,351,2849.2,0.0,0.15,0.179,0.863,22.33021,89.10254,SYNTHETIC_SAVENIJE_PHYSICS,6614.8,14.4,1701.0,1.0,2692.0,1.0,4990.0,2.0
567,Satkhira,Shyamnagar,Kholpetua River,SW135,Shyamnagar,18-NOV-15,11,322,-0.6772,0.7358,902,875,501,486,2352.7,0.0,0.109,0.139,0.934,22.33021,89.10254,SYNTHETIC_SAVENIJE_PHYSICS,5350.2,0.0,1878.0,1.0,2830.0,1.0,5488.0,2.0
568,Satkhira,Shyamnagar,Kholpetua River,SW135,Shyamnagar,25-NOV-15,11,329,-0.584,0.8118,1110,1070,617,594,1945.7,0.0,0.075,0.119,0.979,22.33021,89.10254,SYNTHETIC_SAVENIJE_PHYSICS,4334.7,0.0,2107.0,1.0,3381.0,2.0,5983.0,2.0
569,Satkhira,Shyamnagar,Kholpetua River,SW135,Shyamnagar,02-DEC-15,12,336,-0.4822,0.8761,1420,1374,789,763,1632.4,17.6,0.142,0.178,0.999,22.33021,89.10254,SYNTHETIC_SAVENIJE_PHYSICS,3469.2,17.6,2189.0,1.0,4181.0,2.0,5797.0,2.0
570,Satkhira,Shyamnagar,Kholpetua River,SW135,Shyamnagar,09-DEC-15,12,343,-0.3735,0.9276,1701,1660,945,922,1452.9,0.0,0.132,0.155,0.993,22.33021,89.10254,SYNTHETIC_SAVENIJE_PHYSICS,2849.2,17.6,2692.0,1.0,4442.0,2.0,5910.0,2.0
571,Satkhira,Shyamnagar,Kholpetua River,SW135,Shyamnagar,16-DEC-15,12,350,-0.2593,0.9658,1878,1825,1044,1014,1302.7,0.0,0.107,0.136,0.96,22.33021,89.10254,SYNTHETIC_SAVENIJE_PHYSICS,2352.7,17.6,2830.0,1.0,4990.0,2.0,5980.0,2.0
572,Satkhira,Shyamnagar,Kholpetua River,SW135,Shyamnagar,23-DEC-15,12,357,-0.1414,0.9899,2107,2047,1171,1138,1182.5,0.0,0.081,0.12,0.902,22.33021,89.10254,SYNTHETIC_SAVENIJE_PHYSICS,1945.7,17.6,3381.0,2.0,5488.0,2.0,5848.0,2.0
573,Satkhira,Shyamnagar,Kholpetua River,SW135,Shyamnagar,30-DEC-15,12,364,-0.0215,0.9998,2189,2110,1217,1173,1122.3,0.0,0.083,0.174,0.82,22.33021,89.10254,SYNTHETIC_SAVENIJE_PHYSICS,1632.4,0.0,4181.0,2.0,5983.0,2.0,5534.0,2.0
574,Satkhira,Shyamnagar,Kholpetua River,SW135,Shyamnagar,06-JAN-16,1,6,0.103,0.9947,2692,2625,1496,1459,697.6,0.0,0.053,0.128,0.555,22.33021,89.10254,SYNTHETIC_SAVENIJE_PHYSICS,1452.9,0.0,4442.0,2.0,5797.0,2.0,5391.0,2.0
575,Satkhira,Shyamnagar,Kholpetua River,SW135,Shyamnagar,13-JAN-16,1,13,0.2218,0.9751,2830,2741,1573,1523,720.9,0.0,0.109,0.156,0.682,22.33021,89.10254,SYNTHETIC_SAVENIJE_PHYSICS,1302.7,0.0,4990.0,2.0,5910.0,2.0,4949.0,2.0
576,Satkhira,Shyamnagar,Kholpetua River,SW135,Shyamnagar,20-JAN-16,1,20,0.3373,0.9414,3381,3259,1879,1812,589.3,0.0,0.056,0.145,0.792,22.33021,89.10254,SYNTHETIC_SAVENIJE_PHYSICS,1182.5,0.0,5488.0,2.0,5980.0,2.0,4089.0,2.0
577,Satkhira,Shyamnagar,Kholpetua River,SW135,Shyamnagar,27-JAN-16,1,27,0.4479,0.8941,4181,4100,2324,2279,444.2,0.0,0.092,0.115,0.88,22.33021,89.10254,SYNTHETIC_SAVENIJE_PHYSICS,1122.3,0.0,5983.0,2.0,5848.0,2.0,3474.0,2.0
578,Satkhira,Shyamnagar,Kholpetua River,SW135,Shyamnagar,03-FEB-16,2,34,0.5521,0.8338,4442,4313,2469,2398,485.6,0.0,0.07,0.115,0.946,22.33021,89.10254,SYNTHETIC_SAVENIJE_PHYSICS,697.6,0.0,5797.0,2.0,5534.0,2.0,2929.0,1.0
579,Satkhira,Shyamnagar,Kholpetua River,SW135,Shyamnagar,10-FEB-16,2,41,0.6483,0.7614,4990,4848,2774,2695,424.9,0.0,0.057,0.154,0.986,22.33021,89.10254,SYNTHETIC_SAVENIJE_PHYSICS,720.9,0.0,5910.0,2.0,5391.0,2.0,2303.0,1.0
580,Satkhira,Shyamnagar,Kholpetua River,SW135,Shyamnagar,17-FEB-16,2,48,0.735,0.678,5488,5386,3051,2994,327.6,0.0,0.089,0.153,1.0,22.33021,89.10254,SYNTHETIC_SAVENIJE_PHYSICS,589.3,0.0,5980.0,2.0,4949.0,2.0,2111.0,1.0
581,Satkhira,Shyamnagar,Kholpetua River,SW135,Shyamnagar,24-FEB-16,2,55,0.8112,0.5848,5983,5791,3326,3219,359.2,0.0,0.078,0.087,0.988,22.33021,89.10254,SYNTHETIC_SAVENIJE_PHYSICS,444.2,0.0,5848.0,2.0,4089.0,2.0,1731.0,1.0
582,Satkhira,Shyamnagar,Kholpetua River,SW135,Shyamnagar,02-MAR-16,3,62,0.8755,0.4831,5797,5685,3223,3160,427.3,0.0,0.102,0.136,0.949,22.33021,89.10254,SYNTHETIC_SAVENIJE_PHYSICS,485.6,0.0,5534.0,2.0,3474.0,2.0,1445.0,0.0
583,Satkhira,Shyamnagar,Kholpetua River,SW135,Shyamnagar,09-MAR-16,3,69,0.9272,0.3745,5910,5763,3285,3204,317.3,0.0,0.059,0.121,0.886,22.33021,89.10254,SYNTHETIC_SAVENIJE_PHYSICS,424.9,0.0,5391.0,2.0,2929.0,1.0,1154.0,0.0
584,Satkhira,Shyamnagar,Kholpetua River,SW135,Shyamnagar,16-MAR-16,3,76,0.9655,0.2604,5980,5824,3324,3238,330.8,22.7,0.082,0.115,0.799,22.33021,89.10254,SYNTHETIC_SAVENIJE_PHYSICS,327.6,22.7,4949.0,2.0,2303.0,1.0,912.0,0.0
585,Satkhira,Shyamnagar,Kholpetua River,SW135,Shyamnagar,23-MAR-16,3,83,0.9898,0.1425,5848,5644,3251,3138,360.4,0.0,0.05,0.141,0.691,22.33021,89.10254,SYNTHETIC_SAVENIJE_PHYSICS,359.2,22.7,4089.0,2.0,2111.0,1.0,735.0,0.0
586,Satkhira,Shyamnagar,Kholpetua River,SW135,Shyamnagar,30-MAR-16,3,90,0.9997,0.0226,5534,5318,3076,2956,321.8,0.0,0.054,0.108,0.565,22.33021,89.10254,SYNTHETIC_SAVENIJE_PHYSICS,427.3,22.7,3474.0,2.0,1731.0,1.0,581.0,0.0
587,Satkhira,Shyamnagar,Kholpetua River,SW135,Shyamnagar,06-APR-16,4,97,0.9952,-0.0977,5391,5227,2997,2906,318.8,0.0,0.133,0.126,0.423,22.33021,89.10254,SYNTHETIC_SAVENIJE_PHYSICS,317.3,22.7,2929.0,1.0,1445.0,0.0,511.0,0.0
588,Satkhira,Shyamnagar,Kholpetua River,SW135,Shyamnagar,13-APR-16,4,104,0.9763,-0.2165,4949,4752,2751,2642,453.0,0.0,0.128,0.109,0.271,22.33021,89.10254,SYNTHETIC_SAVENIJE_PHYSICS,330.8,0.0,2303.0,1.0,1154.0,0.0,443.0,0.0
589,Satkhira,Shyamnagar,Kholpetua River,SW135,Shyamnagar,20-APR-16,4,111,0.9432,-0.3322,4089,3931,2273,2185,549.6,0.0,0.089,0.116,0.111,22.33021,89.10254,SYNTHETIC_SAVENIJE_PHYSICS,360.4,0.0,2111.0,1.0,912.0,0.0,400.0,0.0
590,Satkhira,Shyamnagar,Kholpetua River,SW135,Shyamnagar,27-APR-16,4,118,0.8965,-0.4431,3474,3380,1931,1879,604.8,0.0,0.072,0.126,0.051,22.33021,89.10254,SYNTHETIC_SAVENIJE_PHYSICS,321.8,0.0,1731.0,1.0,735.0,0.0,373.0,0.0
591,Satkhira,Shyamnagar,Kholpetua River,SW135,Shyamnagar,04-MAY-16,5,125,0.8367,-0.5476,2929,2858,1628,1589,843.7,11.1,0.092,0.115,0.212,22.33021,89.10254,SYNTHETIC_SAVENIJE_PHYSICS,318.8,11.1,1445.0,0.0,581.0,0.0,324.0,0.0
592,Satkhira,Shyamnagar,Kholpetua River,SW135,Shyamnagar,11-MAY-16,5,132,0.7649,-0.6442,2303,2219,1280,1233,1155.4,0.0,0.119,0.171,0.368,22.33021,89.10254,SYNTHETIC_SAVENIJE_PHYSICS,453.0,11.1,1154.0,0.0,511.0,0.0,317.0,0.0
593,Satkhira,Shyamnagar,Kholpetua River,SW135,Shyamnagar,18-MAY-16,5,139,0.682,-0.7314,2111,2060,1173,1145,1276.6,0.0,0.093,0.15,0.514,22.33021,89.10254,SYNTHETIC_SAVENIJE_PHYSICS,549.6,11.1,912.0,0.0,443.0,0.0,305.0,0.0
594,Satkhira,Shyamnagar,Kholpetua River,SW135,Shyamnagar,25-MAY-16,5,146,0.5892,-0.808,1731,1697,962,943,1806.3,0.0,0.115,0.183,0.646,22.33021,89.10254,SYNTHETIC_SAVENIJE_PHYSICS,604.8,11.1,735.0,0.0,400.0,0.0,303.0,0.0
595,Satkhira,Shyamnagar,Kholpetua River,SW135,Shyamnagar,01-JUN-16,6,153,0.4878,-0.8729,1445,1410,803,783,2456.0,0.0,0.112,0.145,0.761,22.33021,89.10254,SYNTHETIC_SAVENIJE_PHYSICS,843.7,0.0,581.0,0.0,373.0,0.0,298.0,0.0
596,Satkhira,Shyamnagar,Kholpetua River,SW135,Shyamnagar,08-JUN-16,6,160,0.3795,-0.9252,1154,1127,641,626,3247.7,56.9,0.144,0.175,0.856,22.33021,89.10254,SYNTHETIC_SAVENIJE_PHYSICS,1155.4,56.9,511.0,0.0,324.0,0.0,294.0,0.0
597,Satkhira,Shyamnagar,Kholpetua River,SW135,Shyamnagar,15-JUN-16,6,167,0.2656,-0.9641,912,889,507,494,4175.4,0.0,0.158,0.232,0.929,22.33021,89.10254,SYNTHETIC_SAVENIJE_PHYSICS,1276.6,56.9,443.0,0.0,317.0,0.0,305.0,0.0
598,Satkhira,Shyamnagar,Kholpetua River,SW135,Shyamnagar,22-JUN-16,6,174,0.1478,-0.989,735,709,408,394,5131.4,0.0,0.187,0.197,0.976,22.33021,89.10254,SYNTHETIC_SAVENIJE_PHYSICS,1806.3,56.9,400.0,0.0,305.0,0.0,290.0,0.0
599,Satkhira,Shyamnagar,Kholpetua River,SW135,Shyamnagar,29-JUN-16,6,181,0.028,-0.9996,581,562,323,312,6283.7,50.3,0.205,0.243,0.998,22.33021,89.10254,SYNTHETIC_SAVENIJE_PHYSICS,2456.0,107.2,373.0,0.0,303.0,0.0,297.0,0.0
600,Satkhira,Shyamnagar,Kholpetua River,SW135,Shyamnagar,06-JUL-16,7,188,-0.0923,-0.9957,511,501,284,278,7369.1,0.0,0.216,0.246,0.994,22.33021,89.10254,SYNTHETIC_SAVENIJE_PHYSICS,3247.7,50.3,324.0,0.0,298.0,0.0,314.0,0.0
601,Satkhira,Shyamnagar,Kholpetua River,SW135,Shyamnagar,13-JUL-16,7,195,-0.2113,-0.9774,443,431,246,239,8421.7,0.0,0.212,0.219,0.964,22.33021,89.10254,SYNTHETIC_SAVENIJE_PHYSICS,4175.4,50.3,317.0,0.0,294.0,0.0,353.0,0.0
602,Satkhira,Shyamnagar,Kholpetua River,SW135,Shyamnagar,20-JUL-16,7,202,-0.3272,-0.945,400,390,222,216,9394.7,0.0,0.237,0.269,0.907,22.33021,89.10254,SYNTHETIC_SAVENIJE_PHYSICS,5131.4,50.3,305.0,0.0,305.0,0.0,405.0,0.0
603,Satkhira,Shyamnagar,Kholpetua River,SW135,Shyamnagar,27-JUL-16,7,209,-0.4383,-0.8988,373,366,207,203,10122.5,77.5,0.287,0.289,0.827,22.33021,89.10254,SYNTHETIC_SAVENIJE_PHYSICS,6283.7,77.5,303.0,0.0,290.0,0.0,508.0,0.0
604,Satkhira,Shyamnagar,Kholpetua River,SW135,Shyamnagar,03-AUG-16,8,216,-0.5431,-0.8397,324,312,180,173,10656.6,31.5,0.281,0.324,0.725,22.33021,89.10254,SYNTHETIC_SAVENIJE_PHYSICS,7369.1,109.0,298.0,0.0,297.0,0.0,641.0,0.0
605,Satkhira,Shyamnagar,Kholpetua River,SW135,Shyamnagar,10-AUG-16,8,223,-0.64,-0.7683,317,306,176,170,10891.9,52.6,0.336,0.346,0.604,22.33021,89.10254,SYNTHETIC_SAVENIJE_PHYSICS,8421.7,161.6,294.0,0.0,314.0,0.0,813.0,0.0
606,Satkhira,Shyamnagar,Kholpetua River,SW135,Shyamnagar,17-AUG-16,8,230,-0.7277,-0.6859,305,297,169,165,10860.9,39.7,0.304,0.373,0.467,22.33021,89.10254,SYNTHETIC_SAVENIJE_PHYSICS,9394.7,201.3,305.0,0.0,353.0,0.0,1062.0,0.0
607,Satkhira,Shyamnagar,Kholpetua River,SW135,Shyamnagar,24-AUG-16,8,237,-0.8048,-0.5935,303,291,168,161,10478.4,34.1,0.301,0.319,0.318,22.33021,89.10254,SYNTHETIC_SAVENIJE_PHYSICS,10122.5,157.9,290.0,0.0,405.0,0.0,1292.0,0.0
608,Satkhira,Shyamnagar,Kholpetua River,SW135,Shyamnagar,31-AUG-16,8,244,-0.8703,-0.4925,298,289,165,160,9860.9,50.0,0.313,0.306,0.16,22.33021,89.10254,SYNTHETIC_SAVENIJE_PHYSICS,10656.6,176.4,297.0,0.0,508.0,0.0,1564.0,1.0
609,Satkhira,Shyamnagar,Kholpetua River,SW135,Shyamnagar,07-SEP-16,9,251,-0.9232,-0.3844,294,287,163,159,9014.0,16.3,0.319,0.337,0.002,22.33021,89.10254,SYNTHETIC_SAVENIJE_PHYSICS,10891.9,140.1,314.0,0.0,641.0,0.0,1745.0,1.0
610,Satkhira,Shyamnagar,Kholpetua River,SW135,Shyamnagar,14-SEP-16,9,258,-0.9627,-0.2707,305,296,169,164,8022.0,74.7,0.248,0.271,0.164,22.33021,89.10254,SYNTHETIC_SAVENIJE_PHYSICS,10860.9,175.1,353.0,0.0,813.0,0.0,1924.0,1.0
611,Satkhira,Shyamnagar,Kholpetua River,SW135,Shyamnagar,21-SEP-16,9,265,-0.9882,-0.1531,290,280,161,155,10327.9,24.9,0.311,0.295,0.322,22.33021,89.10254,SYNTHETIC_SAVENIJE_PHYSICS,10478.4,165.9,405.0,0.0,1062.0,0.0,2017.0,1.0
612,Satkhira,Shyamnagar,Kholpetua River,SW135,Shyamnagar,28-SEP-16,9,272,-0.9994,-0.0333,297,289,165,160,8768.4,57.3,0.325,0.32,0.471,22.33021,89.10254,SYNTHETIC_SAVENIJE_PHYSICS,9860.9,173.2,508.0,0.0,1292.0,0.0,2111.0,1.0
613,Satkhira,Shyamnagar,Kholpetua River,SW135,Shyamnagar,05-OCT-16,10,279,-0.9962,0.087,314,302,174,167,7371.7,0.0,0.252,0.317,0.608,22.33021,89.10254,SYNTHETIC_SAVENIJE_PHYSICS,9014.0,156.9,641.0,0.0,1564.0,1.0,2585.0,1.0
614,Satkhira,Shyamnagar,Kholpetua River,SW135,Shyamnagar,12-OCT-16,10,286,-0.9785,0.206,353,345,196,191,6063.2,0.0,0.204,0.236,0.728,22.33021,89.10254,SYNTHETIC_SAVENIJE_PHYSICS,8022.0,82.2,813.0,0.0,1745.0,1.0,2927.0,1.0
615,Satkhira,Shyamnagar,Kholpetua River,SW135,Shyamnagar,19-OCT-16,10,293,-0.9467,0.3221,405,389,225,216,4965.7,0.0,0.186,0.227,0.83,22.33021,89.10254,SYNTHETIC_SAVENIJE_PHYSICS,10327.9,57.3,1062.0,0.0,1924.0,1.0,3453.0,2.0
616,Satkhira,Shyamnagar,Kholpetua River,SW135,Shyamnagar,26-OCT-16,10,300,-0.9012,0.4335,508,497,282,276,4017.5,0.0,0.137,0.127,0.909,22.33021,89.10254,SYNTHETIC_SAVENIJE_PHYSICS,8768.4,0.0,1292.0,0.0,2017.0,1.0,3639.0,2.0
617,Satkhira,Shyamnagar,Kholpetua River,SW135,Shyamnagar,02-NOV-16,11,307,-0.8426,0.5386,641,622,356,345,3243.6,0.0,0.155,0.148,0.965,22.33021,89.10254,SYNTHETIC_SAVENIJE_PHYSICS,7371.7,0.0,1564.0,1.0,2111.0,1.0,3931.0,2.0
618,Satkhira,Shyamnagar,Kholpetua River,SW135,Shyamnagar,09-NOV-16,11,314,-0.7718,0.6359,813,788,452,438,2598.5,0.0,0.124,0.113,0.995,22.33021,89.10254,SYNTHETIC_SAVENIJE_PHYSICS,6063.2,0.0,1745.0,1.0,2585.0,1.0,4151.0,2.0
619,Satkhira,Shyamnagar,Kholpetua River,SW135,Shyamnagar,16-NOV-16,11,321,-0.6898,0.724,1062,1031,590,573,2130.1,0.0,0.135,0.16,0.998,22.33021,89.10254,SYNTHETIC_SAVENIJE_PHYSICS,4965.7,0.0,1924.0,1.0,2927.0,1.0,4450.0,2.0
620,Satkhira,Shyamnagar,Kholpetua River,SW135,Shyamnagar,23-NOV-16,11,328,-0.5978,0.8016,1292,1246,718,692,1752.2,0.0,0.096,0.109,0.975,22.33021,89.10254,SYNTHETIC_SAVENIJE_PHYSICS,4017.5,0.0,2017.0,1.0,3453.0,2.0,4349.0,2.0
621,Satkhira,Shyamnagar,Kholpetua River,SW135,Shyamnagar,30-NOV-16,11,335,-0.4972,0.8676,1564,1517,869,843,1508.0,0.0,0.085,0.112,0.927,22.33021,89.10254,SYNTHETIC_SAVENIJE_PHYSICS,3243.6,0.0,2111.0,1.0,3639.0,2.0,4688.0,2.0
622,Satkhira,Shyamnagar,Kholpetua River,SW135,Shyamnagar,07-DEC-16,12,342,-0.3894,0.9211,1745,1707,970,949,1313.8,0.0,0.093,0.146,0.854,22.33021,89.10254,SYNTHETIC_SAVENIJE_PHYSICS,2598.5,0.0,2585.0,1.0,3931.0,2.0,4687.0,2.0
623,Satkhira,Shyamnagar,Kholpetua River,SW135,Shyamnagar,14-DEC-16,12,349,-0.2759,0.9612,1924,1880,1069,1045,1183.5,0.0,0.073,0.155,0.758,22.33021,89.10254,SYNTHETIC_SAVENIJE_PHYSICS,2130.1,0.0,2927.0,1.0,4151.0,2.0,4487.0,2.0
624,Satkhira,Shyamnagar,Kholpetua River,SW135,Shyamnagar,21-DEC-16,12,356,-0.1585,0.9874,2017,1943,1121,1080,1091.0,0.0,0.104,0.13,0.643,22.33021,89.10254,SYNTHETIC_SAVENIJE_PHYSICS,1752.2,0.0,3453.0,2.0,4450.0,2.0,4602.0,2.0
625,Satkhira,Shyamnagar,Kholpetua River,SW135,Shyamnagar,28-DEC-16,12,363,-0.0387,0.9993,2111,2057,1173,1143,1007.1,0.0,0.086,0.143,0.51,22.33021,89.10254,SYNTHETIC_SAVENIJE_PHYSICS,1508.0,0.0,3639.0,2.0,4349.0,2.0,4849.0,2.0
626,Satkhira,Shyamnagar,Kholpetua River,SW135,Shyamnagar,04-JAN-17,1,4,0.0688,0.9976,2585,2530,1437,1406,892.1,0.0,0.078,0.141,0.991,22.33021,89.10254,SYNTHETIC_SAVENIJE_PHYSICS,1313.8,0.0,3931.0,2.0,4688.0,2.0,4857.0,2.0
627,Satkhira,Shyamnagar,Kholpetua River,SW135,Shyamnagar,11-JAN-17,1,11,0.1881,0.9821,2927,2862,1627,1591,786.8,0.0,0.1,0.125,1.0,22.33021,89.10254,SYNTHETIC_SAVENIJE_PHYSICS,1183.5,0.0,4151.0,2.0,4687.0,2.0,4762.0,2.0
628,Satkhira,Shyamnagar,Kholpetua River,SW135,Shyamnagar,18-JAN-17,1,18,0.3047,0.9524,3453,3347,1919,1860,648.0,0.0,0.066,0.106,0.981,22.33021,89.10254,SYNTHETIC_SAVENIJE_PHYSICS,1091.0,0.0,4450.0,2.0,4487.0,2.0,4528.0,2.0
629,Satkhira,Shyamnagar,Kholpetua River,SW135,Shyamnagar,25-JAN-17,1,25,0.4169,0.9089,3639,3497,2023,1944,624.1,0.0,0.104,0.139,0.937,22.33021,89.10254,SYNTHETIC_SAVENIJE_PHYSICS,1007.1,0.0,4349.0,2.0,4602.0,2.0,4117.0,2.0
630,Satkhira,Shyamnagar,Kholpetua River,SW135,Shyamnagar,01-FEB-17,2,32,0.5231,0.8523,3931,3854,2185,2142,596.0,0.0,0.078,0.139,0.868,22.33021,89.10254,SYNTHETIC_SAVENIJE_PHYSICS,892.1,0.0,4688.0,2.0,4849.0,2.0,3554.0,2.0
631,Satkhira,Shyamnagar,Kholpetua River,SW135,Shyamnagar,08-FEB-17,2,39,0.6217,0.7833,4151,4021,2307,2235,481.9,0.0,0.11,0.144,0.776,22.33021,89.10254,SYNTHETIC_SAVENIJE_PHYSICS,786.8,0.0,4687.0,2.0,4857.0,2.0,3007.0,2.0
632,Satkhira,Shyamnagar,Kholpetua River,SW135,Shyamnagar,15-FEB-17,2,46,0.7113,0.7029,4450,4307,2474,2394,456.8,0.0,0.078,0.132,0.664,22.33021,89.10254,SYNTHETIC_SAVENIJE_PHYSICS,648.0,0.0,4487.0,2.0,4762.0,2.0,2719.0,1.0
633,Satkhira,Shyamnagar,Kholpetua River,SW135,Shyamnagar,22-FEB-17,2,53,0.7906,0.6124,4349,4247,2418,2361,466.4,0.0,0.099,0.102,0.534,22.33021,89.10254,SYNTHETIC_SAVENIJE_PHYSICS,624.1,0.0,4602.0,2.0,4528.0,2.0,2081.0,1.0
634,Satkhira,Shyamnagar,Kholpetua River,SW135,Shyamnagar,01-MAR-17,3,60,0.8584,0.513,4688,4527,2606,2517,367.8,4.8,0.091,0.141,0.389,22.33021,89.10254,SYNTHETIC_SAVENIJE_PHYSICS,596.0,4.8,4849.0,2.0,4117.0,2.0,1600.0,1.0
635,Satkhira,Shyamnagar,Kholpetua River,SW135,Shyamnagar,08-MAR-17,3,67,0.9138,0.4061,4687,4585,2605,2549,307.4,0.0,0.102,0.126,0.235,22.33021,89.10254,SYNTHETIC_SAVENIJE_PHYSICS,481.9,4.8,4857.0,2.0,3554.0,2.0,1275.0,0.0
636,Satkhira,Shyamnagar,Kholpetua River,SW135,Shyamnagar,15-MAR-17,3,74,0.956,0.2934,4487,4315,2494,2399,345.3,0.0,0.09,0.117,0.074,22.33021,89.10254,SYNTHETIC_SAVENIJE_PHYSICS,456.8,4.8,4762.0,2.0,3007.0,2.0,944.0,0.0
637,Satkhira,Shyamnagar,Kholpetua River,SW135,Shyamnagar,22-MAR-17,3,81,0.9843,0.1765,4602,4492,2558,2497,317.3,0.0,0.054,0.12,0.088,22.33021,89.10254,SYNTHETIC_SAVENIJE_PHYSICS,466.4,4.8,4528.0,2.0,2719.0,1.0,754.0,0.0
638,Satkhira,Shyamnagar,Kholpetua River,SW135,Shyamnagar,29-MAR-17,3,88,0.9984,0.057,4849,4758,2696,2645,285.0,0.0,0.104,0.11,0.248,22.33021,89.10254,SYNTHETIC_SAVENIJE_PHYSICS,367.8,0.0,4117.0,2.0,2081.0,1.0,561.0,0.0
639,Satkhira,Shyamnagar,Kholpetua River,SW135,Shyamnagar,05-APR-17,4,95,0.998,-0.0634,4857,4769,2700,2651,349.8,0.0,0.083,0.142,0.402,22.33021,89.10254,SYNTHETIC_SAVENIJE_PHYSICS,307.4,0.0,3554.0,2.0,1600.0,1.0,469.0,0.0
640,Satkhira,Shyamnagar,Kholpetua River,SW135,Shyamnagar,12-APR-17,4,102,0.9831,-0.1828,4762,4668,2647,2595,465.0,0.0,0.102,0.097,0.545,22.33021,89.10254,SYNTHETIC_SAVENIJE_PHYSICS,345.3,0.0,3007.0,2.0,1275.0,0.0,401.0,0.0
641,Satkhira,Shyamnagar,Kholpetua River,SW135,Shyamnagar,19-APR-17,4,109,0.9541,-0.2996,4528,4433,2517,2464,503.1,0.0,0.101,0.106,0.674,22.33021,89.10254,SYNTHETIC_SAVENIJE_PHYSICS,317.3,0.0,2719.0,1.0,944.0,0.0,345.0,0.0
642,Satkhira,Shyamnagar,Kholpetua River,SW135,Shyamnagar,26-APR-17,4,116,0.9112,-0.412,4117,3977,2289,2211,653.1,0.0,0.073,0.121,0.785,22.33021,89.10254,SYNTHETIC_SAVENIJE_PHYSICS,285.0,0.0,2081.0,1.0,754.0,0.0,317.0,0.0
643,Satkhira,Shyamnagar,Kholpetua River,SW135,Shyamnagar,03-MAY-17,5,123,0.8551,-0.5185,3554,3487,1976,1938,928.6,0.0,0.074,0.163,0.875,22.33021,89.10254,SYNTHETIC_SAVENIJE_PHYSICS,349.8,0.0,1600.0,1.0,561.0,0.0,310.0,0.0
644,Satkhira,Shyamnagar,Kholpetua River,SW135,Shyamnagar,10-MAY-17,5,130,0.7866,-0.6175,3007,2948,1671,1639,1178.6,0.0,0.109,0.155,0.942,22.33021,89.10254,SYNTHETIC_SAVENIJE_PHYSICS,465.0,0.0,1275.0,0.0,469.0,0.0,300.0,0.0
645,Satkhira,Shyamnagar,Kholpetua River,SW135,Shyamnagar,17-MAY-17,5,137,0.7067,-0.7075,2719,2642,1511,1468,1350.7,0.0,0.092,0.103,0.984,22.33021,89.10254,SYNTHETIC_SAVENIJE_PHYSICS,503.1,0.0,944.0,0.0,401.0,0.0,284.0,0.0
646,Satkhira,Shyamnagar,Kholpetua River,SW135,Shyamnagar,24-MAY-17,5,144,0.6166,-0.7873,2081,2016,1157,1120,1958.6,0.0,0.125,0.17,1.0,22.33021,89.10254,SYNTHETIC_SAVENIJE_PHYSICS,653.1,0.0,754.0,0.0,345.0,0.0,286.0,0.0
647,Satkhira,Shyamnagar,Kholpetua River,SW135,Shyamnagar,31-MAY-17,5,151,0.5176,-0.8556,1600,1539,889,855,2618.9,45.0,0.137,0.2,0.989,22.33021,89.10254,SYNTHETIC_SAVENIJE_PHYSICS,928.6,45.0,561.0,0.0,317.0,0.0,280.0,0.0
648,Satkhira,Shyamnagar,Kholpetua River,SW135,Shyamnagar,07-JUN-17,6,158,0.4111,-0.9116,1275,1240,708,689,3427.0,0.0,0.172,0.159,0.953,22.33021,89.10254,SYNTHETIC_SAVENIJE_PHYSICS,1178.6,45.0,469.0,0.0,310.0,0.0,304.0,0.0
649,Satkhira,Shyamnagar,Kholpetua River,SW135,Shyamnagar,14-JUN-17,6,165,0.2986,-0.9544,944,920,524,511,4475.9,97.8,0.23,0.193,0.891,22.33021,89.10254,SYNTHETIC_SAVENIJE_PHYSICS,1350.7,142.8,401.0,0.0,300.0,0.0,310.0,0.0
650,Satkhira,Shyamnagar,Kholpetua River,SW135,Shyamnagar,21-JUN-17,6,172,0.1818,-0.9833,754,730,419,405,5598.5,0.0,0.242,0.255,0.806,22.33021,89.10254,SYNTHETIC_SAVENIJE_PHYSICS,1958.6,142.8,345.0,0.0,284.0,0.0,307.0,0.0
651,Satkhira,Shyamnagar,Kholpetua River,SW135,Shyamnagar,28-JUN-17,6,179,0.0623,-0.9981,561,543,311,301,6829.6,0.0,0.219,0.271,0.699,22.33021,89.10254,SYNTHETIC_SAVENIJE_PHYSICS,2618.9,97.8,317.0,0.0,286.0,0.0,303.0,0.0
652,Satkhira,Shyamnagar,Kholpetua River,SW135,Shyamnagar,05-JUL-17,7,186,-0.058,-0.9983,469,456,260,253,8085.1,51.5,0.278,0.321,0.574,22.33021,89.10254,SYNTHETIC_SAVENIJE_PHYSICS,3427.0,149.3,310.0,0.0,280.0,0.0,321.0,0.0
653,Satkhira,Shyamnagar,Kholpetua River,SW135,Shyamnagar,12-JUL-17,7,193,-0.1775,-0.9841,401,385,222,214,9326.1,0.0,0.258,0.237,0.434,22.33021,89.10254,SYNTHETIC_SAVENIJE_PHYSICS,4475.9,51.5,300.0,0.0,304.0,0.0,351.0,0.0
654,Satkhira,Shyamnagar,Kholpetua River,SW135,Shyamnagar,19-JUL-17,7,200,-0.2945,-0.9557,345,338,191,187,10440.4,118.2,0.315,0.362,0.282,22.33021,89.10254,SYNTHETIC_SAVENIJE_PHYSICS,5598.5,169.7,284.0,0.0,310.0,0.0,390.0,0.0
655,Satkhira,Shyamnagar,Kholpetua River,SW135,Shyamnagar,26-JUL-17,7,207,-0.4071,-0.9134,317,306,176,170,11380.4,30.9,0.357,0.308,0.123,22.33021,89.10254,SYNTHETIC_SAVENIJE_PHYSICS,6829.6,200.6,286.0,0.0,307.0,0.0,455.0,0.0
656,Satkhira,Shyamnagar,Kholpetua River,SW135,Shyamnagar,02-AUG-17,8,214,-0.5139,-0.8578,310,298,172,165,12058.5,17.4,0.337,0.337,0.039,22.33021,89.10254,SYNTHETIC_SAVENIJE_PHYSICS,8085.1,166.5,280.0,0.0,303.0,0.0,540.0,0.0
657,Satkhira,Shyamnagar,Kholpetua River,SW135,Shyamnagar,09-AUG-17,8,221,-0.6132,-0.7899,300,288,166,160,12433.2,17.3,0.353,0.349,0.201,22.33021,89.10254,SYNTHETIC_SAVENIJE_PHYSICS,9326.1,183.8,304.0,0.0,321.0,0.0,659.0,0.0
658,Satkhira,Shyamnagar,Kholpetua River,SW135,Shyamnagar,16-AUG-17,8,228,-0.7037,-0.7105,284,277,157,154,12443.2,27.3,0.333,0.335,0.357,22.33021,89.10254,SYNTHETIC_SAVENIJE_PHYSICS,10440.4,92.9,310.0,0.0,351.0,0.0,734.0,0.0
659,Satkhira,Shyamnagar,Kholpetua River,SW135,Shyamnagar,23-AUG-17,8,235,-0.7839,-0.6208,286,279,159,155,12125.2,0.0,0.301,0.318,0.504,22.33021,89.10254,SYNTHETIC_SAVENIJE_PHYSICS,11380.4,62.0,307.0,0.0,390.0,0.0,861.0,0.0
660,Satkhira,Shyamnagar,Kholpetua River,SW135,Shyamnagar,30-AUG-17,8,242,-0.8528,-0.5222,280,269,155,149,11478.1,36.0,0.281,0.313,0.637,22.33021,89.10254,SYNTHETIC_SAVENIJE_PHYSICS,12058.5,80.6,303.0,0.0,455.0,0.0,929.0,0.0
661,Satkhira,Shyamnagar,Kholpetua River,SW135,Shyamnagar,06-SEP-17,9,249,-0.9094,-0.4159,304,292,169,162,10600.8,69.2,0.301,0.283,0.753,22.33021,89.10254,SYNTHETIC_SAVENIJE_PHYSICS,12433.2,132.5,321.0,0.0,540.0,0.0,1009.0,0.0
662,Satkhira,Shyamnagar,Kholpetua River,SW135,Shyamnagar,13-SEP-17,9,256,-0.9528,-0.3037,310,300,172,166,9523.6,0.0,0.253,0.301,0.85,22.33021,89.10254,SYNTHETIC_SAVENIJE_PHYSICS,12443.2,105.2,351.0,0.0,659.0,0.0,1094.0,0.0
663,Satkhira,Shyamnagar,Kholpetua River,SW135,Shyamnagar,20-SEP-17,9,263,-0.9824,-0.187,307,295,170,164,12340.0,0.0,0.301,0.327,0.924,22.33021,89.10254,SYNTHETIC_SAVENIJE_PHYSICS,12125.2,105.2,390.0,0.0,734.0,0.0,1242.0,0.0
664,Satkhira,Shyamnagar,Kholpetua River,SW135,Shyamnagar,27-SEP-17,9,270,-0.9977,-0.0677,303,295,168,164,10527.6,7.5,0.27,0.248,0.974,22.33021,89.10254,SYNTHETIC_SAVENIJE_PHYSICS,11478.1,76.7,455.0,0.0,861.0,0.0,1507.0,1.0
665,Satkhira,Shyamnagar,Kholpetua River,SW135,Shyamnagar,04-OCT-17,10,277,-0.9986,0.0527,321,308,178,171,8821.0,0.0,0.219,0.185,0.998,22.33021,89.10254,SYNTHETIC_SAVENIJE_PHYSICS,10600.8,7.5,540.0,0.0,929.0,0.0,2281.0,1.0
666,Satkhira,Shyamnagar,Kholpetua River,SW135,Shyamnagar,11-OCT-17,10,284,-0.9851,0.1722,351,341,195,189,7313.5,12.2,0.204,0.236,0.995,22.33021,89.10254,SYNTHETIC_SAVENIJE_PHYSICS,9523.6,19.7,659.0,0.0,1009.0,0.0,2829.0,1.0
667,Satkhira,Shyamnagar,Kholpetua River,SW135,Shyamnagar,18-OCT-17,10,291,-0.9572,0.2893,390,377,216,209,5933.0,0.0,0.148,0.195,0.967,22.33021,89.10254,SYNTHETIC_SAVENIJE_PHYSICS,12340.0,19.7,734.0,0.0,1094.0,0.0,3685.0,2.0
668,Satkhira,Shyamnagar,Kholpetua River,SW135,Shyamnagar,25-OCT-17,10,298,-0.9155,0.4022,455,441,252,245,4776.2,0.0,0.17,0.156,0.912,22.33021,89.10254,SYNTHETIC_SAVENIJE_PHYSICS,10527.6,12.2,861.0,0.0,1242.0,0.0,3757.0,2.0
669,Satkhira,Shyamnagar,Kholpetua River,SW135,Shyamnagar,01-NOV-17,11,305,-0.8606,0.5093,540,523,300,290,3823.5,0.0,0.136,0.167,0.834,22.33021,89.10254,SYNTHETIC_SAVENIJE_PHYSICS,8821.0,12.2,929.0,0.0,1507.0,1.0,3814.0,2.0
670,Satkhira,Shyamnagar,Kholpetua River,SW135,Shyamnagar,08-NOV-17,11,312,-0.7932,0.609,659,634,366,352,3087.7,9.8,0.107,0.168,0.733,22.33021,89.10254,SYNTHETIC_SAVENIJE_PHYSICS,7313.5,9.8,1009.0,0.0,2281.0,1.0,4313.0,2.0
671,Satkhira,Shyamnagar,Kholpetua River,SW135,Shyamnagar,15-NOV-17,11,319,-0.7143,0.6998,734,708,408,393,2551.2,0.0,0.146,0.153,0.614,22.33021,89.10254,SYNTHETIC_SAVENIJE_PHYSICS,5933.0,9.8,1094.0,0.0,2829.0,1.0,4185.0,2.0
672,Satkhira,Shyamnagar,Kholpetua River,SW135,Shyamnagar,22-NOV-17,11,326,-0.625,0.7806,861,827,478,459,2122.0,0.0,0.143,0.119,0.478,22.33021,89.10254,SYNTHETIC_SAVENIJE_PHYSICS,4776.2,9.8,1242.0,0.0,3685.0,2.0,4214.0,2.0
673,Satkhira,Shyamnagar,Kholpetua River,SW135,Shyamnagar,29-NOV-17,11,333,-0.5268,0.85,929,894,516,497,1790.4,0.0,0.115,0.183,0.329,22.33021,89.10254,SYNTHETIC_SAVENIJE_PHYSICS,3823.5,9.8,1507.0,1.0,3757.0,2.0,4210.0,2.0
674,Satkhira,Shyamnagar,Kholpetua River,SW135,Shyamnagar,06-DEC-17,12,340,-0.4208,0.9071,1009,990,561,550,1512.8,0.0,0.114,0.158,0.171,22.33021,89.10254,SYNTHETIC_SAVENIJE_PHYSICS,3087.7,0.0,2281.0,1.0,3814.0,2.0,4677.0,2.0
675,Satkhira,Shyamnagar,Kholpetua River,SW135,Shyamnagar,13-DEC-17,12,347,-0.3088,0.9511,1094,1056,608,587,1361.2,0.0,0.113,0.129,0.01,22.33021,89.10254,SYNTHETIC_SAVENIJE_PHYSICS,2551.2,0.0,2829.0,1.0,4313.0,2.0,4820.0,2.0
676,Satkhira,Shyamnagar,Kholpetua River,SW135,Shyamnagar,20-DEC-17,12,354,-0.1923,0.9813,1242,1200,690,667,1180.3,0.0,0.124,0.128,0.153,22.33021,89.10254,SYNTHETIC_SAVENIJE_PHYSICS,2122.0,0.0,3685.0,2.0,4185.0,2.0,5186.0,2.0
677,Satkhira,Shyamnagar,Kholpetua River,SW135,Shyamnagar,27-DEC-17,12,361,-0.073,0.9973,1507,1450,837,806,1104.8,0.0,0.109,0.14,0.311,22.33021,89.10254,SYNTHETIC_SAVENIJE_PHYSICS,1790.4,0.0,3757.0,2.0,4214.0,2.0,5888.0,2.0
678,Satkhira,Shyamnagar,Kholpetua River,SW135,Shyamnagar,03-JAN-18,1,3,0.0516,0.9987,2281,2227,1268,1238,802.0,0.0,0.064,0.107,0.957,22.33021,89.10254,SYNTHETIC_SAVENIJE_PHYSICS,1512.8,0.0,3814.0,2.0,4210.0,2.0,5742.0,2.0
679,Satkhira,Shyamnagar,Kholpetua River,SW135,Shyamnagar,10-JAN-18,1,10,0.1712,0.9852,2829,2773,1572,1541,678.9,0.0,0.129,0.134,0.897,22.33021,89.10254,SYNTHETIC_SAVENIJE_PHYSICS,1361.2,0.0,4313.0,2.0,4677.0,2.0,5752.0,2.0
680,Satkhira,Shyamnagar,Kholpetua River,SW135,Shyamnagar,17-JAN-18,1,17,0.2883,0.9575,3685,3601,2048,2002,534.5,0.0,0.108,0.1,0.814,22.33021,89.10254,SYNTHETIC_SAVENIJE_PHYSICS,1180.3,0.0,4185.0,2.0,4820.0,2.0,5709.0,2.0
681,Satkhira,Shyamnagar,Kholpetua River,SW135,Shyamnagar,24-JAN-18,1,24,0.4012,0.916,3757,3657,2088,2033,547.3,6.5,0.081,0.128,0.709,22.33021,89.10254,SYNTHETIC_SAVENIJE_PHYSICS,1104.8,6.5,4214.0,2.0,5186.0,2.0,5073.0,2.0
682,Satkhira,Shyamnagar,Kholpetua River,SW135,Shyamnagar,31-JAN-18,1,31,0.5084,0.8611,3814,3729,2120,2073,507.4,0.0,0.07,0.106,0.586,22.33021,89.10254,SYNTHETIC_SAVENIJE_PHYSICS,802.0,6.5,4210.0,2.0,5888.0,2.0,4218.0,2.0
683,Satkhira,Shyamnagar,Kholpetua River,SW135,Shyamnagar,07-FEB-18,2,38,0.6081,0.7938,4313,4178,2398,2322,403.9,0.0,0.099,0.106,0.446,22.33021,89.10254,SYNTHETIC_SAVENIJE_PHYSICS,678.9,6.5,4677.0,2.0,5742.0,2.0,3435.0,2.0
684,Satkhira,Shyamnagar,Kholpetua River,SW135,Shyamnagar,14-FEB-18,2,45,0.6991,0.715,4185,4096,2326,2277,412.8,0.0,0.084,0.161,0.296,22.33021,89.10254,SYNTHETIC_SAVENIJE_PHYSICS,534.5,6.5,4820.0,2.0,5752.0,2.0,3007.0,2.0
685,Satkhira,Shyamnagar,Kholpetua River,SW135,Shyamnagar,21-FEB-18,2,52,0.7799,0.6259,4214,4119,2342,2290,412.2,0.0,0.092,0.126,0.137,22.33021,89.10254,SYNTHETIC_SAVENIJE_PHYSICS,547.3,0.0,5186.0,2.0,5709.0,2.0,2312.0,1.0
686,Satkhira,Shyamnagar,Kholpetua River,SW135,Shyamnagar,28-FEB-18,2,59,0.8495,0.5277,4210,4041,2340,2246,328.6,31.7,0.117,0.144,0.026,22.33021,89.10254,SYNTHETIC_SAVENIJE_PHYSICS,507.4,31.7,5888.0,2.0,5073.0,2.0,1731.0,1.0
687,Satkhira,Shyamnagar,Kholpetua River,SW135,Shyamnagar,07-MAR-18,3,66,0.9067,0.4218,4677,4540,2600,2524,282.4,0.0,0.091,0.099,0.187,22.33021,89.10254,SYNTHETIC_SAVENIJE_PHYSICS,403.9,31.7,5742.0,2.0,4218.0,2.0,1322.0,0.0
688,Satkhira,Shyamnagar,Kholpetua River,SW135,Shyamnagar,14-MAR-18,3,73,0.9508,0.3098,4820,4655,2679,2588,352.9,0.0,0.081,0.128,0.344,22.33021,89.10254,SYNTHETIC_SAVENIJE_PHYSICS,412.8,31.7,5752.0,2.0,3435.0,2.0,925.0,0.0
689,Satkhira,Shyamnagar,Kholpetua River,SW135,Shyamnagar,21-MAR-18,3,80,0.9811,0.1934,5186,4988,2883,2773,314.1,0.0,0.11,0.149,0.492,22.33021,89.10254,SYNTHETIC_SAVENIJE_PHYSICS,412.2,31.7,5709.0,2.0,3007.0,2.0,736.0,0.0
690,Satkhira,Shyamnagar,Kholpetua River,SW135,Shyamnagar,28-MAR-18,3,87,0.9972,0.0741,5888,5762,3273,3203,250.1,0.0,0.073,0.127,0.626,22.33021,89.10254,SYNTHETIC_SAVENIJE_PHYSICS,328.6,0.0,5073.0,2.0,2312.0,1.0,549.0,0.0
691,Satkhira,Shyamnagar,Kholpetua River,SW135,Shyamnagar,04-APR-18,4,94,0.9989,-0.0462,5742,5513,3192,3065,346.6,0.0,0.088,0.081,0.744,22.33021,89.10254,SYNTHETIC_SAVENIJE_PHYSICS,282.4,0.0,4218.0,2.0,1731.0,1.0,447.0,0.0
692,Satkhira,Shyamnagar,Kholpetua River,SW135,Shyamnagar,11-APR-18,4,101,0.9861,-0.1659,5752,5614,3198,3121,372.7,1.4,0.059,0.129,0.843,22.33021,89.10254,SYNTHETIC_SAVENIJE_PHYSICS,352.9,1.4,3435.0,2.0,1322.0,0.0,375.0,0.0
693,Satkhira,Shyamnagar,Kholpetua River,SW135,Shyamnagar,18-APR-18,4,108,0.9591,-0.2831,5709,5604,3174,3115,396.0,0.0,0.081,0.133,0.919,22.33021,89.10254,SYNTHETIC_SAVENIJE_PHYSICS,314.1,1.4,3007.0,2.0,925.0,0.0,329.0,0.0
694,Satkhira,Shyamnagar,Kholpetua River,SW135,Shyamnagar,25-APR-18,4,115,0.9181,-0.3963,5073,4923,2820,2737,583.1,0.0,0.103,0.153,0.971,22.33021,89.10254,SYNTHETIC_SAVENIJE_PHYSICS,250.1,1.4,2312.0,1.0,736.0,0.0,318.0,0.0
695,Satkhira,Shyamnagar,Kholpetua River,SW135,Shyamnagar,02-MAY-18,5,122,0.8639,-0.5037,4218,4083,2345,2270,869.0,0.0,0.105,0.118,0.997,22.33021,89.10254,SYNTHETIC_SAVENIJE_PHYSICS,346.6,1.4,1731.0,1.0,549.0,0.0,310.0,0.0
696,Satkhira,Shyamnagar,Kholpetua River,SW135,Shyamnagar,09-MAY-18,5,129,0.7971,-0.6038,3435,3343,1909,1858,1067.0,0.0,0.078,0.088,0.997,22.33021,89.10254,SYNTHETIC_SAVENIJE_PHYSICS,372.7,0.0,1322.0,0.0,447.0,0.0,306.0,0.0
697,Satkhira,Shyamnagar,Kholpetua River,SW135,Shyamnagar,16-MAY-18,5,136,0.7188,-0.6952,3007,2939,1671,1634,1255.5,0.0,0.073,0.115,0.97,22.33021,89.10254,SYNTHETIC_SAVENIJE_PHYSICS,396.0,0.0,925.0,0.0,375.0,0.0,300.0,0.0
698,Satkhira,Shyamnagar,Kholpetua River,SW135,Shyamnagar,23-MAY-18,5,143,0.6301,-0.7765,2312,2231,1285,1240,1855.4,0.0,0.105,0.12,0.918,22.33021,89.10254,SYNTHETIC_SAVENIJE_PHYSICS,583.1,0.0,736.0,0.0,329.0,0.0,289.0,0.0
699,Satkhira,Shyamnagar,Kholpetua River,SW135,Shyamnagar,30-MAY-18,5,150,0.5322,-0.8466,1731,1671,962,929,2474.8,0.0,0.124,0.164,0.841,22.33021,89.10254,SYNTHETIC_SAVENIJE_PHYSICS,869.0,0.0,549.0,0.0,318.0,0.0,297.0,0.0
700,Satkhira,Shyamnagar,Kholpetua River,SW135,Shyamnagar,06-JUN-18,6,157,0.4267,-0.9044,1322,1286,735,715,3288.2,20.3,0.144,0.114,0.743,22.33021,89.10254,SYNTHETIC_SAVENIJE_PHYSICS,1067.0,20.3,447.0,0.0,310.0,0.0,327.0,0.0
701,Satkhira,Shyamnagar,Kholpetua River,SW135,Shyamnagar,13-JUN-18,6,164,0.3149,-0.9491,925,907,514,504,4154.9,0.0,0.137,0.17,0.624,22.33021,89.10254,SYNTHETIC_SAVENIJE_PHYSICS,1255.5,20.3,375.0,0.0,306.0,0.0,318.0,0.0
702,Satkhira,Shyamnagar,Kholpetua River,SW135,Shyamnagar,20-JUN-18,6,171,0.1986,-0.9801,736,711,409,395,5212.2,0.0,0.167,0.219,0.49,22.33021,89.10254,SYNTHETIC_SAVENIJE_PHYSICS,1855.4,20.3,329.0,0.0,300.0,0.0,327.0,0.0
703,Satkhira,Shyamnagar,Kholpetua River,SW135,Shyamnagar,27-JUN-18,6,178,0.0795,-0.9968,549,531,305,295,6364.9,38.3,0.228,0.224,0.342,22.33021,89.10254,SYNTHETIC_SAVENIJE_PHYSICS,2474.8,58.6,318.0,0.0,289.0,0.0,314.0,0.0
704,Satkhira,Shyamnagar,Kholpetua River,SW135,Shyamnagar,04-JUL-18,7,185,-0.0408,-0.9992,447,438,248,243,7517.3,0.0,0.206,0.245,0.185,22.33021,89.10254,SYNTHETIC_SAVENIJE_PHYSICS,3288.2,38.3,310.0,0.0,297.0,0.0,330.0,0.0
705,Satkhira,Shyamnagar,Kholpetua River,SW135,Shyamnagar,11-JUL-18,7,192,-0.1606,-0.987,375,361,208,200,8684.0,69.4,0.225,0.242,0.023,22.33021,89.10254,SYNTHETIC_SAVENIJE_PHYSICS,4154.9,107.7,306.0,0.0,327.0,0.0,356.0,0.0
706,Satkhira,Shyamnagar,Kholpetua River,SW135,Shyamnagar,18-JUL-18,7,199,-0.278,-0.9606,329,316,182,175,9778.6,38.5,0.298,0.275,0.139,22.33021,89.10254,SYNTHETIC_SAVENIJE_PHYSICS,5212.2,146.2,300.0,0.0,318.0,0.0,375.0,0.0
707,Satkhira,Shyamnagar,Kholpetua River,SW135,Shyamnagar,25-JUL-18,7,206,-0.3914,-0.9202,318,309,176,171,10685.2,25.8,0.34,0.34,0.298,22.33021,89.10254,SYNTHETIC_SAVENIJE_PHYSICS,6364.9,133.7,289.0,0.0,327.0,0.0,438.0,0.0
708,Satkhira,Shyamnagar,Kholpetua River,SW135,Shyamnagar,01-AUG-18,8,213,-0.4991,-0.8666,310,297,172,165,11384.1,44.9,0.308,0.344,0.448,22.33021,89.10254,SYNTHETIC_SAVENIJE_PHYSICS,7517.3,178.6,297.0,0.0,314.0,0.0,481.0,0.0
709,Satkhira,Shyamnagar,Kholpetua River,SW135,Shyamnagar,08-AUG-18,8,220,-0.5996,-0.8003,306,294,170,163,11735.3,8.6,0.304,0.318,0.587,22.33021,89.10254,SYNTHETIC_SAVENIJE_PHYSICS,8684.0,117.8,327.0,0.0,330.0,0.0,556.0,0.0
710,Satkhira,Shyamnagar,Kholpetua River,SW135,Shyamnagar,15-AUG-18,8,227,-0.6914,-0.7225,300,292,166,162,11829.7,30.4,0.296,0.291,0.711,22.33021,89.10254,SYNTHETIC_SAVENIJE_PHYSICS,9778.6,109.7,318.0,0.0,356.0,0.0,625.0,0.0
711,Satkhira,Shyamnagar,Kholpetua River,SW135,Shyamnagar,22-AUG-18,8,234,-0.7731,-0.6342,289,281,160,156,11531.4,108.4,0.346,0.353,0.815,22.33021,89.10254,SYNTHETIC_SAVENIJE_PHYSICS,10685.2,192.3,327.0,0.0,375.0,0.0,711.0,0.0
712,Satkhira,Shyamnagar,Kholpetua River,SW135,Shyamnagar,29-AUG-18,8,241,-0.8437,-0.5368,297,288,165,160,10958.9,43.7,0.339,0.32,0.898,22.33021,89.10254,SYNTHETIC_SAVENIJE_PHYSICS,11384.1,191.1,314.0,0.0,438.0,0.0,854.0,0.0
713,Satkhira,Shyamnagar,Kholpetua River,SW135,Shyamnagar,05-SEP-18,9,248,-0.9021,-0.4315,327,316,181,175,10162.6,56.4,0.375,0.382,0.958,22.33021,89.10254,SYNTHETIC_SAVENIJE_PHYSICS,11735.3,238.9,330.0,0.0,481.0,0.0,1014.0,0.0
714,Satkhira,Shyamnagar,Kholpetua River,SW135,Shyamnagar,12-SEP-18,9,255,-0.9474,-0.32,318,309,176,171,9187.0,11.1,0.33,0.392,0.992,22.33021,89.10254,SYNTHETIC_SAVENIJE_PHYSICS,11829.7,219.6,356.0,0.0,556.0,0.0,1314.0,0.0
715,Satkhira,Shyamnagar,Kholpetua River,SW135,Shyamnagar,19-SEP-18,9,262,-0.979,-0.2039,327,318,181,176,12017.3,0.0,0.329,0.325,0.999,22.33021,89.10254,SYNTHETIC_SAVENIJE_PHYSICS,11531.4,111.2,375.0,0.0,625.0,0.0,1539.0,1.0
716,Satkhira,Shyamnagar,Kholpetua River,SW135,Shyamnagar,26-SEP-18,9,269,-0.9964,-0.0848,314,306,174,170,10257.1,28.3,0.269,0.275,0.981,22.33021,89.10254,SYNTHETIC_SAVENIJE_PHYSICS,10958.9,95.8,438.0,0.0,711.0,0.0,1880.0,1.0
717,Satkhira,Shyamnagar,Kholpetua River,SW135,Shyamnagar,03-OCT-18,10,276,-0.9994,0.0355,330,322,183,179,8649.9,0.0,0.211,0.19,0.936,22.33021,89.10254,SYNTHETIC_SAVENIJE_PHYSICS,10162.6,39.4,481.0,0.0,854.0,0.0,2518.0,1.0
718,Satkhira,Shyamnagar,Kholpetua River,SW135,Shyamnagar,10-OCT-18,10,283,-0.9879,0.1553,356,346,197,192,7158.1,36.1,0.199,0.202,0.867,22.33021,89.10254,SYNTHETIC_SAVENIJE_PHYSICS,9187.0,64.4,556.0,0.0,1014.0,0.0,2940.0,1.0
719,Satkhira,Shyamnagar,Kholpetua River,SW135,Shyamnagar,17-OCT-18,10,290,-0.9621,0.2728,375,367,208,204,5817.4,0.0,0.158,0.251,0.775,22.33021,89.10254,SYNTHETIC_SAVENIJE_PHYSICS,12017.3,64.4,625.0,0.0,1314.0,0.0,3409.0,2.0
720,Satkhira,Shyamnagar,Kholpetua River,SW135,Shyamnagar,24-OCT-18,10,297,-0.9223,0.3864,438,428,243,237,4672.8,0.0,0.168,0.172,0.662,22.33021,89.10254,SYNTHETIC_SAVENIJE_PHYSICS,10257.1,36.1,711.0,0.0,1539.0,1.0,3499.0,2.0
721,Satkhira,Shyamnagar,Kholpetua River,SW135,Shyamnagar,31-OCT-18,10,304,-0.8692,0.4944,481,463,267,257,3740.8,14.3,0.2,0.181,0.532,22.33021,89.10254,SYNTHETIC_SAVENIJE_PHYSICS,8649.9,50.4,854.0,0.0,1880.0,1.0,3599.0,2.0
722,Satkhira,Shyamnagar,Kholpetua River,SW135,Shyamnagar,07-NOV-18,11,311,-0.8035,0.5952,556,545,309,303,2978.0,0.0,0.137,0.175,0.387,22.33021,89.10254,SYNTHETIC_SAVENIJE_PHYSICS,7158.1,14.3,1014.0,0.0,2518.0,1.0,3916.0,2.0
723,Satkhira,Shyamnagar,Kholpetua River,SW135,Shyamnagar,14-NOV-18,11,318,-0.7262,0.6875,625,612,347,340,2407.6,0.0,0.134,0.185,0.233,22.33021,89.10254,SYNTHETIC_SAVENIJE_PHYSICS,5817.4,14.3,1314.0,0.0,2940.0,1.0,4002.0,2.0
724,Satkhira,Shyamnagar,Kholpetua River,SW135,Shyamnagar,21-NOV-18,11,325,-0.6384,0.7697,711,687,395,381,2013.6,0.0,0.107,0.147,0.072,22.33021,89.10254,SYNTHETIC_SAVENIJE_PHYSICS,4672.8,14.3,1539.0,1.0,3409.0,2.0,4445.0,2.0
725,Satkhira,Shyamnagar,Kholpetua River,SW135,Shyamnagar,28-NOV-18,11,332,-0.5413,0.8408,854,820,474,455,1674.5,0.0,0.097,0.131,0.09,22.33021,89.10254,SYNTHETIC_SAVENIJE_PHYSICS,3740.8,0.0,1880.0,1.0,3499.0,2.0,5316.0,2.0
726,Satkhira,Shyamnagar,Kholpetua River,SW135,Shyamnagar,05-DEC-18,12,339,-0.4364,0.8998,1014,986,563,548,1485.5,0.0,0.119,0.139,0.251,22.33021,89.10254,SYNTHETIC_SAVENIJE_PHYSICS,2978.0,0.0,2518.0,1.0,3599.0,2.0,5778.0,2.0
727,Satkhira,Shyamnagar,Kholpetua River,SW135,Shyamnagar,12-DEC-18,12,346,-0.3251,0.9457,1314,1274,730,708,1305.1,0.0,0.138,0.123,0.404,22.33021,89.10254,SYNTHETIC_SAVENIJE_PHYSICS,2407.6,0.0,2940.0,1.0,3916.0,2.0,6054.0,2.0
728,Satkhira,Shyamnagar,Kholpetua River,SW135,Shyamnagar,19-DEC-18,12,353,-0.2092,0.9779,1539,1502,855,835,1178.2,0.0,0.125,0.122,0.547,22.33021,89.10254,SYNTHETIC_SAVENIJE_PHYSICS,2013.6,0.0,3409.0,2.0,4002.0,2.0,6849.0,2.0
729,Satkhira,Shyamnagar,Kholpetua River,SW135,Shyamnagar,26-DEC-18,12,360,-0.0902,0.9959,1880,1826,1045,1015,1090.6,0.0,0.111,0.141,0.675,22.33021,89.10254,SYNTHETIC_SAVENIJE_PHYSICS,1674.5,0.0,3499.0,2.0,4445.0,2.0,7070.0,2.0
730,Satkhira,Shyamnagar,Kholpetua River,SW135,Shyamnagar,02-JAN-19,1,2,0.0344,0.9994,2518,2421,1400,1346,731.9,0.0,0.09,0.132,0.752,22.33021,89.10254,SYNTHETIC_SAVENIJE_PHYSICS,1485.5,0.0,3599.0,2.0,5316.0,2.0,7066.0,2.0
731,Satkhira,Shyamnagar,Kholpetua River,SW135,Shyamnagar,09-JAN-19,1,9,0.1542,0.988,2940,2838,1634,1577,609.7,0.0,0.092,0.17,0.635,22.33021,89.10254,SYNTHETIC_SAVENIJE_PHYSICS,1305.1,0.0,3916.0,2.0,5778.0,2.0,6348.0,2.0
732,Satkhira,Shyamnagar,Kholpetua River,SW135,Shyamnagar,16-JAN-19,1,16,0.2718,0.9624,3409,3338,1895,1855,523.2,0.0,0.072,0.135,0.502,22.33021,89.10254,SYNTHETIC_SAVENIJE_PHYSICS,1178.2,0.0,4002.0,2.0,6054.0,2.0,6173.0,2.0
733,Satkhira,Shyamnagar,Kholpetua River,SW135,Shyamnagar,23-JAN-19,1,23,0.3854,0.9227,3499,3361,1945,1868,525.4,0.0,0.058,0.149,0.355,22.33021,89.10254,SYNTHETIC_SAVENIJE_PHYSICS,1090.6,0.0,4445.0,2.0,6849.0,2.0,5566.0,2.0
734,Satkhira,Shyamnagar,Kholpetua River,SW135,Shyamnagar,30-JAN-19,1,30,0.4935,0.8698,3599,3513,2001,1953,442.3,0.0,0.063,0.104,0.199,22.33021,89.10254,SYNTHETIC_SAVENIJE_PHYSICS,731.9,0.0,5316.0,2.0,7070.0,2.0,4983.0,2.0
735,Satkhira,Shyamnagar,Kholpetua River,SW135,Shyamnagar,06-FEB-19,2,37,0.5944,0.8042,3916,3784,2177,2103,362.1,0.0,0.086,0.135,0.037,22.33021,89.10254,SYNTHETIC_SAVENIJE_PHYSICS,609.7,0.0,5778.0,2.0,7066.0,2.0,3941.0,2.0
736,Satkhira,Shyamnagar,Kholpetua River,SW135,Shyamnagar,13-FEB-19,2,44,0.6867,0.727,4002,3881,2225,2157,389.6,0.0,0.079,0.11,0.125,22.33021,89.10254,SYNTHETIC_SAVENIJE_PHYSICS,523.2,0.0,6054.0,2.0,6348.0,2.0,3245.0,2.0
737,Satkhira,Shyamnagar,Kholpetua River,SW135,Shyamnagar,20-FEB-19,2,51,0.769,0.6392,4445,4319,2471,2401,323.5,0.0,0.055,0.132,0.284,22.33021,89.10254,SYNTHETIC_SAVENIJE_PHYSICS,525.4,0.0,6849.0,2.0,6173.0,2.0,2471.0,1.0
738,Satkhira,Shyamnagar,Kholpetua River,SW135,Shyamnagar,27-FEB-19,2,58,0.8402,0.5422,5316,5132,2955,2853,239.0,0.0,0.082,0.137,0.436,22.33021,89.10254,SYNTHETIC_SAVENIJE_PHYSICS,442.3,0.0,7070.0,2.0,5566.0,2.0,1907.0,1.0
739,Satkhira,Shyamnagar,Kholpetua River,SW135,Shyamnagar,06-MAR-19,3,65,0.8993,0.4373,5778,5629,3212,3129,262.1,0.0,0.077,0.124,0.576,22.33021,89.10254,SYNTHETIC_SAVENIJE_PHYSICS,362.1,0.0,7066.0,2.0,4983.0,2.0,1443.0,0.0
740,Satkhira,Shyamnagar,Kholpetua River,SW135,Shyamnagar,13-MAR-19,3,72,0.9453,0.3261,6054,5904,3366,3282,271.9,0.0,0.06,0.171,0.701,22.33021,89.10254,SYNTHETIC_SAVENIJE_PHYSICS,389.6,0.0,6348.0,2.0,3941.0,2.0,1054.0,0.0
741,Satkhira,Shyamnagar,Kholpetua River,SW135,Shyamnagar,20-MAR-19,3,79,0.9777,0.2102,6849,6587,3808,3662,206.1,0.0,0.075,0.151,0.807,22.33021,89.10254,SYNTHETIC_SAVENIJE_PHYSICS,323.5,0.0,6173.0,2.0,3245.0,2.0,751.0,0.0
742,Satkhira,Shyamnagar,Kholpetua River,SW135,Shyamnagar,27-MAR-19,3,86,0.9958,0.0913,7070,6845,3930,3805,225.3,0.0,0.077,0.146,0.892,22.33021,89.10254,SYNTHETIC_SAVENIJE_PHYSICS,239.0,0.0,5566.0,2.0,2471.0,1.0,585.0,0.0
743,Satkhira,Shyamnagar,Kholpetua River,SW135,Shyamnagar,03-APR-19,4,93,0.9996,-0.029,7066,6899,3928,3835,341.6,0.0,0.072,0.139,0.954,22.33021,89.10254,SYNTHETIC_SAVENIJE_PHYSICS,262.1,0.0,4983.0,2.0,1907.0,1.0,460.0,0.0
744,Satkhira,Shyamnagar,Kholpetua River,SW135,Shyamnagar,10-APR-19,4,100,0.9889,-0.1489,6348,6194,3529,3443,331.9,0.0,0.103,0.159,0.99,22.33021,89.10254,SYNTHETIC_SAVENIJE_PHYSICS,271.9,0.0,3941.0,2.0,1443.0,0.0,416.0,0.0
745,Satkhira,Shyamnagar,Kholpetua River,SW135,Shyamnagar,17-APR-19,4,107,0.9638,-0.2666,6173,6000,3432,3336,374.9,12.5,0.054,0.102,1.0,22.33021,89.10254,SYNTHETIC_SAVENIJE_PHYSICS,206.1,12.5,3245.0,2.0,1054.0,0.0,371.0,0.0
746,Satkhira,Shyamnagar,Kholpetua River,SW135,Shyamnagar,24-APR-19,4,114,0.9248,-0.3804,5566,5438,3094,3023,502.5,0.0,0.054,0.16,0.983,22.33021,89.10254,SYNTHETIC_SAVENIJE_PHYSICS,225.3,12.5,2471.0,1.0,751.0,0.0,354.0,0.0
747,Satkhira,Shyamnagar,Kholpetua River,SW135,Shyamnagar,01-MAY-19,5,121,0.8724,-0.4888,4983,4795,2770,2666,698.5,0.0,0.097,0.115,0.941,22.33021,89.10254,SYNTHETIC_SAVENIJE_PHYSICS,341.6,12.5,1907.0,1.0,585.0,0.0,331.0,0.0
748,Satkhira,Shyamnagar,Kholpetua River,SW135,Shyamnagar,08-MAY-19,5,128,0.8074,-0.59,3941,3793,2191,2108,840.5,0.0,0.1,0.125,0.874,22.33021,89.10254,SYNTHETIC_SAVENIJE_PHYSICS,331.9,12.5,1443.0,0.0,460.0,0.0,338.0,0.0
749,Satkhira,Shyamnagar,Kholpetua River,SW135,Shyamnagar,15-MAY-19,5,135,0.7306,-0.6828,3245,3162,1804,1758,1190.2,0.0,0.104,0.145,0.783,22.33021,89.10254,SYNTHETIC_SAVENIJE_PHYSICS,374.9,0.0,1054.0,0.0,416.0,0.0,322.0,0.0
750,Satkhira,Shyamnagar,Kholpetua River,SW135,Shyamnagar,22-MAY-19,5,142,0.6433,-0.7656,2471,2409,1373,1339,1607.2,0.0,0.091,0.163,0.672,22.33021,89.10254,SYNTHETIC_SAVENIJE_PHYSICS,502.5,0.0,751.0,0.0,371.0,0.0,336.0,0.0
751,Satkhira,Shyamnagar,Kholpetua River,SW135,Shyamnagar,29-MAY-19,5,149,0.5467,-0.8373,1907,1864,1060,1036,1866.8,0.0,0.087,0.119,0.543,22.33021,89.10254,SYNTHETIC_SAVENIJE_PHYSICS,698.5,0.0,585.0,0.0,354.0,0.0,331.0,0.0
752,Satkhira,Shyamnagar,Kholpetua River,SW135,Shyamnagar,05-JUN-19,6,156,0.4422,-0.8969,1443,1391,802,773,2466.1,0.0,0.113,0.139,0.4,22.33021,89.10254,SYNTHETIC_SAVENIJE_PHYSICS,840.5,0.0,460.0,0.0,331.0,0.0,341.0,0.0
753,Satkhira,Shyamnagar,Kholpetua River,SW135,Shyamnagar,12-JUN-19,6,163,0.3312,-0.9436,1054,1023,586,568,3208.1,0.0,0.114,0.159,0.246,22.33021,89.10254,SYNTHETIC_SAVENIJE_PHYSICS,1190.2,0.0,416.0,0.0,338.0,0.0,367.0,0.0
754,Satkhira,Shyamnagar,Kholpetua River,SW135,Shyamnagar,19-JUN-19,6,170,0.2155,-0.9765,751,731,417,406,4018.2,32.8,0.183,0.18,0.086,22.33021,89.10254,SYNTHETIC_SAVENIJE_PHYSICS,1607.2,32.8,371.0,0.0,322.0,0.0,347.0,0.0
755,Satkhira,Shyamnagar,Kholpetua River,SW135,Shyamnagar,26-JUN-19,6,177,0.0966,-0.9953,585,564,325,313,4951.2,35.4,0.179,0.229,0.077,22.33021,89.10254,SYNTHETIC_SAVENIJE_PHYSICS,1866.8,68.2,354.0,0.0,336.0,0.0,349.0,0.0
756,Satkhira,Shyamnagar,Kholpetua River,SW135,Shyamnagar,03-JUL-19,7,184,-0.0237,-0.9997,460,446,255,247,5937.2,51.3,0.226,0.318,0.237,22.33021,89.10254,SYNTHETIC_SAVENIJE_PHYSICS,2466.1,119.5,331.0,0.0,331.0,0.0,359.0,0.0
757,Satkhira,Shyamnagar,Kholpetua River,SW135,Shyamnagar,10-JUL-19,7,191,-0.1436,-0.9896,416,405,231,225,6877.1,61.5,0.325,0.299,0.391,22.33021,89.10254,SYNTHETIC_SAVENIJE_PHYSICS,3208.1,181.0,338.0,0.0,341.0,0.0,359.0,0.0
758,Satkhira,Shyamnagar,Kholpetua River,SW135,Shyamnagar,17-JUL-19,7,198,-0.2614,-0.9652,371,357,206,198,7754.9,25.2,0.279,0.282,0.535,22.33021,89.10254,SYNTHETIC_SAVENIJE_PHYSICS,4018.2,173.4,322.0,0.0,367.0,0.0,401.0,0.0
759,Satkhira,Shyamnagar,Kholpetua River,SW135,Shyamnagar,24-JUL-19,7,205,-0.3755,-0.9268,354,342,196,190,8501.2,16.6,0.293,0.271,0.665,22.33021,89.10254,SYNTHETIC_SAVENIJE_PHYSICS,4951.2,154.6,336.0,0.0,347.0,0.0,409.0,0.0
760,Satkhira,Shyamnagar,Kholpetua River,SW135,Shyamnagar,31-JUL-19,7,212,-0.4841,-0.875,331,319,184,177,9097.1,19.5,0.284,0.281,0.777,22.33021,89.10254,SYNTHETIC_SAVENIJE_PHYSICS,5937.2,122.8,331.0,0.0,349.0,0.0,470.0,0.0
761,Satkhira,Shyamnagar,Kholpetua River,SW135,Shyamnagar,07-AUG-19,8,219,-0.5857,-0.8105,338,331,187,184,9476.1,110.5,0.319,0.298,0.869,22.33021,89.10254,SYNTHETIC_SAVENIJE_PHYSICS,6877.1,171.8,341.0,0.0,359.0,0.0,515.0,0.0
762,Satkhira,Shyamnagar,Kholpetua River,SW135,Shyamnagar,14-AUG-19,8,226,-0.6788,-0.7343,322,310,179,172,9511.2,41.3,0.32,0.334,0.938,22.33021,89.10254,SYNTHETIC_SAVENIJE_PHYSICS,7754.9,187.9,367.0,0.0,359.0,0.0,637.0,0.0
763,Satkhira,Shyamnagar,Kholpetua River,SW135,Shyamnagar,21-AUG-19,8,233,-0.7621,-0.6474,336,323,186,179,9370.5,84.8,0.355,0.366,0.982,22.33021,89.10254,SYNTHETIC_SAVENIJE_PHYSICS,8501.2,256.1,347.0,0.0,401.0,0.0,851.0,0.0
764,Satkhira,Shyamnagar,Kholpetua River,SW135,Shyamnagar,28-AUG-19,8,240,-0.8344,-0.5512,331,318,184,176,8946.3,77.0,0.381,0.372,1.0,22.33021,89.10254,SYNTHETIC_SAVENIJE_PHYSICS,9097.1,313.6,349.0,0.0,409.0,0.0,1131.0,0.0
765,Satkhira,Shyamnagar,Kholpetua River,SW135,Shyamnagar,04-SEP-19,9,247,-0.8945,-0.447,341,327,189,181,8340.5,0.0,0.296,0.359,0.991,22.33021,89.10254,SYNTHETIC_SAVENIJE_PHYSICS,9476.1,203.1,359.0,0.0,470.0,0.0,1451.0,0.0
766,Satkhira,Shyamnagar,Kholpetua River,SW135,Shyamnagar,11-SEP-19,9,254,-0.9418,-0.3363,367,353,204,196,7553.6,19.6,0.291,0.284,0.956,22.33021,89.10254,SYNTHETIC_SAVENIJE_PHYSICS,9511.2,181.4,359.0,0.0,515.0,0.0,1817.0,1.0
767,Satkhira,Shyamnagar,Kholpetua River,SW135,Shyamnagar,18-SEP-19,9,261,-0.9753,-0.2207,347,337,192,187,9931.0,61.8,0.343,0.313,0.896,22.33021,89.10254,SYNTHETIC_SAVENIJE_PHYSICS,9370.5,158.4,401.0,0.0,637.0,0.0,2187.0,1.0
768,Satkhira,Shyamnagar,Kholpetua River,SW135,Shyamnagar,25-SEP-19,9,268,-0.9948,-0.102,349,335,194,186,8493.6,33.1,0.283,0.289,0.813,22.33021,89.10254,SYNTHETIC_SAVENIJE_PHYSICS,8946.3,114.5,409.0,0.0,851.0,0.0,2524.0,1.0
769,Satkhira,Shyamnagar,Kholpetua River,SW135,Shyamnagar,02-OCT-19,10,275,-0.9998,0.0183,359,346,199,192,7164.1,0.0,0.247,0.279,0.708,22.33021,89.10254,SYNTHETIC_SAVENIJE_PHYSICS,8340.5,114.5,470.0,0.0,1131.0,0.0,2361.0,1.0
770,Satkhira,Shyamnagar,Kholpetua River,SW135,Shyamnagar,09-OCT-19,10,282,-0.9904,0.1383,359,345,199,191,5930.7,17.5,0.24,0.271,0.584,22.33021,89.10254,SYNTHETIC_SAVENIJE_PHYSICS,7553.6,112.4,515.0,0.0,1451.0,0.0,2341.0,1.0
771,Satkhira,Shyamnagar,Kholpetua River,SW135,Shyamnagar,16-OCT-19,10,289,-0.9666,0.2562,401,388,222,215,4854.0,0.0,0.156,0.21,0.445,22.33021,89.10254,SYNTHETIC_SAVENIJE_PHYSICS,9931.0,50.6,637.0,0.0,1817.0,1.0,2323.0,1.0
772,Satkhira,Shyamnagar,Kholpetua River,SW135,Shyamnagar,23-OCT-19,10,296,-0.9288,0.3705,409,393,227,218,3954.5,13.6,0.145,0.203,0.293,22.33021,89.10254,SYNTHETIC_SAVENIJE_PHYSICS,8493.6,31.1,851.0,0.0,2187.0,1.0,2288.0,1.0
773,Satkhira,Shyamnagar,Kholpetua River,SW135,Shyamnagar,30-OCT-19,10,303,-0.8776,0.4794,470,457,261,254,3181.1,0.0,0.159,0.159,0.135,22.33021,89.10254,SYNTHETIC_SAVENIJE_PHYSICS,7164.1,31.1,1131.0,0.0,2524.0,1.0,2590.0,1.0
774,Satkhira,Shyamnagar,Kholpetua River,SW135,Shyamnagar,06-NOV-19,11,310,-0.8137,0.5813,515,502,286,279,2581.3,13.3,0.16,0.182,0.028,22.33021,89.10254,SYNTHETIC_SAVENIJE_PHYSICS,5930.7,26.9,1451.0,0.0,2361.0,1.0,3172.0,2.0
775,Satkhira,Shyamnagar,Kholpetua River,SW135,Shyamnagar,13-NOV-19,11,317,-0.7379,0.6749,637,621,354,345,2121.1,0.0,0.108,0.176,0.189,22.33021,89.10254,SYNTHETIC_SAVENIJE_PHYSICS,4854.0,26.9,1817.0,1.0,2341.0,1.0,3267.0,2.0
776,Satkhira,Shyamnagar,Kholpetua River,SW135,Shyamnagar,20-NOV-19,11,324,-0.6515,0.7586,851,821,473,456,1796.7,0.0,0.102,0.178,0.346,22.33021,89.10254,SYNTHETIC_SAVENIJE_PHYSICS,3954.5,13.3,2187.0,1.0,2323.0,1.0,4080.0,2.0
777,Satkhira,Shyamnagar,Kholpetua River,SW135,Shyamnagar,27-NOV-19,11,331,-0.5557,0.8314,1131,1107,628,615,1496.4,0.0,0.151,0.111,0.493,22.33021,89.10254,SYNTHETIC_SAVENIJE_PHYSICS,3181.1,13.3,2524.0,1.0,2288.0,1.0,4852.0,2.0
778,Satkhira,Shyamnagar,Kholpetua River,SW135,Shyamnagar,04-DEC-19,12,338,-0.4518,0.8921,1451,1414,806,786,1296.5,0.0,0.099,0.117,0.628,22.33021,89.10254,SYNTHETIC_SAVENIJE_PHYSICS,2581.3,0.0,2361.0,1.0,2590.0,1.0,5081.0,2.0
779,Satkhira,Shyamnagar,Kholpetua River,SW135,Shyamnagar,11-DEC-19,12,345,-0.3413,0.9399,1817,1746,1010,970,1094.2,0.0,0.131,0.149,0.746,22.33021,89.10254,SYNTHETIC_SAVENIJE_PHYSICS,2121.1,0.0,2341.0,1.0,3172.0,2.0,5378.0,2.0
780,Satkhira,Shyamnagar,Kholpetua River,SW135,Shyamnagar,18-DEC-19,12,352,-0.226,0.9741,2187,2120,1215,1178,988.4,0.0,0.097,0.079,0.844,22.33021,89.10254,SYNTHETIC_SAVENIJE_PHYSICS,1796.7,0.0,2323.0,1.0,3267.0,2.0,5964.0,2.0
781,Satkhira,Shyamnagar,Kholpetua River,SW135,Shyamnagar,25-DEC-19,12,359,-0.1073,0.9942,2524,2465,1403,1370,930.2,20.4,0.109,0.151,0.92,22.33021,89.10254,SYNTHETIC_SAVENIJE_PHYSICS,1496.4,20.4,2288.0,1.0,4080.0,2.0,5600.0,2.0
782,Satkhira,Shyamnagar,Kholpetua River,SW135,Shyamnagar,01-JAN-20,1,1,0.0172,0.9999,2361,2282,1312,1268,975.1,0.0,0.099,0.163,0.413,22.33021,89.10254,SYNTHETIC_SAVENIJE_PHYSICS,1296.5,20.4,2590.0,1.0,4852.0,2.0,5546.0,2.0
783,Satkhira,Shyamnagar,Kholpetua River,SW135,Shyamnagar,08-JAN-20,1,8,0.1372,0.9905,2341,2267,1301,1260,843.5,7.1,0.126,0.132,0.26,22.33021,89.10254,SYNTHETIC_SAVENIJE_PHYSICS,1094.2,27.5,3172.0,2.0,5081.0,2.0,5600.0,2.0
784,Satkhira,Shyamnagar,Kholpetua River,SW135,Shyamnagar,15-JAN-20,1,15,0.2552,0.9669,2323,2262,1291,1257,753.4,0.0,0.133,0.134,0.1,22.33021,89.10254,SYNTHETIC_SAVENIJE_PHYSICS,988.4,27.5,3267.0,2.0,5378.0,2.0,5055.0,2.0
785,Satkhira,Shyamnagar,Kholpetua River,SW135,Shyamnagar,22-JAN-20,1,22,0.3695,0.9292,2288,2199,1272,1222,785.6,0.0,0.074,0.111,0.063,22.33021,89.10254,SYNTHETIC_SAVENIJE_PHYSICS,930.2,7.1,4080.0,2.0,5964.0,2.0,4261.0,2.0
786,Satkhira,Shyamnagar,Kholpetua River,SW135,Shyamnagar,29-JAN-20,1,29,0.4784,0.8781,2590,2541,1440,1412,562.5,0.0,0.085,0.12,0.224,22.33021,89.10254,SYNTHETIC_SAVENIJE_PHYSICS,975.1,7.1,4852.0,2.0,5600.0,2.0,3882.0,2.0
787,Satkhira,Shyamnagar,Kholpetua River,SW135,Shyamnagar,05-FEB-20,2,36,0.5805,0.8143,3172,3057,1763,1699,499.6,0.0,0.105,0.116,0.379,22.33021,89.10254,SYNTHETIC_SAVENIJE_PHYSICS,843.5,0.0,5081.0,2.0,5546.0,2.0,3215.0,2.0
788,Satkhira,Shyamnagar,Kholpetua River,SW135,Shyamnagar,12-FEB-20,2,43,0.6741,0.7387,3267,3138,1816,1744,586.7,0.0,0.085,0.113,0.524,22.33021,89.10254,SYNTHETIC_SAVENIJE_PHYSICS,753.4,0.0,5378.0,2.0,5600.0,2.0,2415.0,1.0
789,Satkhira,Shyamnagar,Kholpetua River,SW135,Shyamnagar,19-FEB-20,2,50,0.7579,0.6523,4080,3917,2268,2177,409.7,0.0,0.076,0.11,0.655,22.33021,89.10254,SYNTHETIC_SAVENIJE_PHYSICS,785.6,0.0,5964.0,2.0,5055.0,2.0,1856.0,1.0
790,Satkhira,Shyamnagar,Kholpetua River,SW135,Shyamnagar,26-FEB-20,2,57,0.8308,0.5566,4852,4700,2697,2613,369.2,0.0,0.105,0.119,0.769,22.33021,89.10254,SYNTHETIC_SAVENIJE_PHYSICS,562.5,0.0,5600.0,2.0,4261.0,2.0,1342.0,0.0
791,Satkhira,Shyamnagar,Kholpetua River,SW135,Shyamnagar,04-MAR-20,3,64,0.8916,0.4527,5081,4976,2825,2766,370.0,0.0,0.107,0.119,0.862,22.33021,89.10254,SYNTHETIC_SAVENIJE_PHYSICS,499.6,0.0,5546.0,2.0,3882.0,2.0,971.0,0.0
792,Satkhira,Shyamnagar,Kholpetua River,SW135,Shyamnagar,11-MAR-20,3,71,0.9396,0.3424,5378,5259,2990,2924,385.2,0.0,0.076,0.162,0.933,22.33021,89.10254,SYNTHETIC_SAVENIJE_PHYSICS,586.7,0.0,5600.0,2.0,3215.0,2.0,719.0,0.0
793,Satkhira,Shyamnagar,Kholpetua River,SW135,Shyamnagar,18-MAR-20,3,78,0.9739,0.227,5964,5845,3315,3249,311.2,0.0,0.088,0.116,0.979,22.33021,89.10254,SYNTHETIC_SAVENIJE_PHYSICS,409.7,0.0,5055.0,2.0,2415.0,1.0,575.0,0.0
794,Satkhira,Shyamnagar,Kholpetua River,SW135,Shyamnagar,25-MAR-20,3,85,0.9941,0.1084,5600,5441,3113,3025,383.4,0.0,0.061,0.131,0.999,22.33021,89.10254,SYNTHETIC_SAVENIJE_PHYSICS,369.2,0.0,4261.0,2.0,1856.0,1.0,471.0,0.0
795,Satkhira,Shyamnagar,Kholpetua River,SW135,Shyamnagar,01-APR-20,4,92,0.9999,-0.0118,5546,5378,3083,2990,439.7,0.0,0.068,0.114,0.993,22.33021,89.10254,SYNTHETIC_SAVENIJE_PHYSICS,370.0,0.0,3882.0,2.0,1342.0,0.0,425.0,0.0
796,Satkhira,Shyamnagar,Kholpetua River,SW135,Shyamnagar,08-APR-20,4,99,0.9913,-0.1319,5600,5423,3113,3015,408.5,0.0,0.088,0.113,0.96,22.33021,89.10254,SYNTHETIC_SAVENIJE_PHYSICS,385.2,0.0,3215.0,2.0,971.0,0.0,386.0,0.0
797,Satkhira,Shyamnagar,Kholpetua River,SW135,Shyamnagar,15-APR-20,4,106,0.9683,-0.25,5055,4857,2810,2700,443.0,0.0,0.087,0.091,0.903,22.33021,89.10254,SYNTHETIC_SAVENIJE_PHYSICS,311.2,0.0,2415.0,1.0,719.0,0.0,358.0,0.0
798,Satkhira,Shyamnagar,Kholpetua River,SW135,Shyamnagar,22-APR-20,4,113,0.9312,-0.3645,4261,4175,2369,2321,836.1,0.0,0.072,0.098,0.821,22.33021,89.10254,SYNTHETIC_SAVENIJE_PHYSICS,383.4,0.0,1856.0,1.0,575.0,0.0,329.0,0.0
799,Satkhira,Shyamnagar,Kholpetua River,SW135,Shyamnagar,29-APR-20,4,120,0.8807,-0.4737,3882,3769,2158,2095,776.3,15.0,0.085,0.112,0.717,22.33021,89.10254,SYNTHETIC_SAVENIJE_PHYSICS,439.7,15.0,1342.0,0.0,471.0,0.0,314.0,0.0
800,Satkhira,Shyamnagar,Kholpetua River,SW135,Shyamnagar,06-MAY-20,5,127,0.8174,-0.5761,3215,3118,1787,1733,995.7,0.0,0.081,0.143,0.595,22.33021,89.10254,SYNTHETIC_SAVENIJE_PHYSICS,408.5,15.0,971.0,0.0,425.0,0.0,321.0,0.0
801,Satkhira,Shyamnagar,Kholpetua River,SW135,Shyamnagar,13-MAY-20,5,134,0.7423,-0.6701,2415,2345,1342,1303,1482.0,0.0,0.117,0.166,0.457,22.33021,89.10254,SYNTHETIC_SAVENIJE_PHYSICS,443.0,15.0,719.0,0.0,386.0,0.0,312.0,0.0
802,Satkhira,Shyamnagar,Kholpetua River,SW135,Shyamnagar,20-MAY-20,5,141,0.6564,-0.7544,1856,1814,1031,1008,1742.1,0.0,0.072,0.112,0.307,22.33021,89.10254,SYNTHETIC_SAVENIJE_PHYSICS,836.1,15.0,575.0,0.0,358.0,0.0,308.0,0.0
803,Satkhira,Shyamnagar,Kholpetua River,SW135,Shyamnagar,27-MAY-20,5,148,0.561,-0.8278,1342,1294,746,719,2326.2,0.0,0.091,0.136,0.148,22.33021,89.10254,SYNTHETIC_SAVENIJE_PHYSICS,776.3,0.0,471.0,0.0,329.0,0.0,302.0,0.0
804,Satkhira,Shyamnagar,Kholpetua River,SW135,Shyamnagar,03-JUN-20,6,155,0.4575,-0.8892,971,947,539,526,3174.9,19.4,0.096,0.139,0.014,22.33021,89.10254,SYNTHETIC_SAVENIJE_PHYSICS,995.7,19.4,425.0,0.0,314.0,0.0,309.0,0.0
805,Satkhira,Shyamnagar,Kholpetua River,SW135,Shyamnagar,10-JUN-20,6,162,0.3474,-0.9377,719,701,399,389,4124.6,32.1,0.173,0.189,0.176,22.33021,89.10254,SYNTHETIC_SAVENIJE_PHYSICS,1482.0,51.5,386.0,0.0,321.0,0.0,302.0,0.0
806,Satkhira,Shyamnagar,Kholpetua River,SW135,Shyamnagar,17-JUN-20,6,169,0.2322,-0.9727,575,562,319,312,5223.3,68.3,0.182,0.262,0.333,22.33021,89.10254,SYNTHETIC_SAVENIJE_PHYSICS,1742.1,119.8,358.0,0.0,312.0,0.0,316.0,0.0
807,Satkhira,Shyamnagar,Kholpetua River,SW135,Shyamnagar,24-JUN-20,6,176,0.1137,-0.9935,471,452,261,251,6475.1,0.0,0.235,0.247,0.481,22.33021,89.10254,SYNTHETIC_SAVENIJE_PHYSICS,2326.2,119.8,329.0,0.0,308.0,0.0,312.0,0.0
808,Satkhira,Shyamnagar,Kholpetua River,SW135,Shyamnagar,01-JUL-20,7,183,-0.0065,-1.0,425,409,236,227,7808.9,15.5,0.283,0.268,0.617,22.33021,89.10254,SYNTHETIC_SAVENIJE_PHYSICS,3174.9,115.9,314.0,0.0,302.0,0.0,311.0,0.0
809,Satkhira,Shyamnagar,Kholpetua River,SW135,Shyamnagar,08-JUL-20,7,190,-0.1265,-0.992,386,374,214,207,9085.4,0.0,0.283,0.297,0.736,22.33021,89.10254,SYNTHETIC_SAVENIJE_PHYSICS,4124.6,83.8,321.0,0.0,309.0,0.0,306.0,0.0
810,Satkhira,Shyamnagar,Kholpetua River,SW135,Shyamnagar,15-JUL-20,7,197,-0.2448,-0.9696,358,350,199,194,10259.9,0.0,0.19,0.257,0.836,22.33021,89.10254,SYNTHETIC_SAVENIJE_PHYSICS,5223.3,15.5,312.0,0.0,302.0,0.0,298.0,0.0
811,Satkhira,Shyamnagar,Kholpetua River,SW135,Shyamnagar,22-JUL-20,7,204,-0.3595,-0.9332,329,322,182,179,11302.2,35.7,0.266,0.262,0.914,22.33021,89.10254,SYNTHETIC_SAVENIJE_PHYSICS,6475.1,51.2,308.0,0.0,316.0,0.0,325.0,0.0
812,Satkhira,Shyamnagar,Kholpetua River,SW135,Shyamnagar,29-JUL-20,7,211,-0.469,-0.8832,314,305,174,169,12153.7,48.5,0.27,0.307,0.968,22.33021,89.10254,SYNTHETIC_SAVENIJE_PHYSICS,7808.9,84.2,302.0,0.0,312.0,0.0,382.0,0.0
813,Satkhira,Shyamnagar,Kholpetua River,SW135,Shyamnagar,05-AUG-20,8,218,-0.5717,-0.8205,321,309,178,171,12654.3,28.7,0.289,0.307,0.996,22.33021,89.10254,SYNTHETIC_SAVENIJE_PHYSICS,9085.4,112.9,309.0,0.0,311.0,0.0,440.0,0.0
814,Satkhira,Shyamnagar,Kholpetua River,SW135,Shyamnagar,12-AUG-20,8,225,-0.6661,-0.7459,312,300,173,166,12818.2,43.7,0.338,0.356,0.997,22.33021,89.10254,SYNTHETIC_SAVENIJE_PHYSICS,10259.9,156.6,302.0,0.0,306.0,0.0,575.0,0.0
815,Satkhira,Shyamnagar,Kholpetua River,SW135,Shyamnagar,19-AUG-20,8,232,-0.7509,-0.6605,308,300,171,166,12625.3,33.1,0.361,0.355,0.973,22.33021,89.10254,SYNTHETIC_SAVENIJE_PHYSICS,11302.2,154.0,316.0,0.0,298.0,0.0,788.0,0.0
816,Satkhira,Shyamnagar,Kholpetua River,SW135,Shyamnagar,26-AUG-20,8,239,-0.8248,-0.5655,302,291,167,161,12128.0,0.0,0.314,0.287,0.922,22.33021,89.10254,SYNTHETIC_SAVENIJE_PHYSICS,12153.7,105.5,312.0,0.0,325.0,0.0,1025.0,0.0
817,Satkhira,Shyamnagar,Kholpetua River,SW135,Shyamnagar,02-SEP-20,9,246,-0.8867,-0.4623,309,300,171,166,11306.7,34.7,0.28,0.311,0.848,22.33021,89.10254,SYNTHETIC_SAVENIJE_PHYSICS,12654.3,111.5,311.0,0.0,382.0,0.0,1328.0,0.0
818,Satkhira,Shyamnagar,Kholpetua River,SW135,Shyamnagar,09-SEP-20,9,253,-0.9358,-0.3524,302,295,167,164,10254.3,115.3,0.335,0.329,0.751,22.33021,89.10254,SYNTHETIC_SAVENIJE_PHYSICS,12818.2,183.1,306.0,0.0,440.0,0.0,1516.0,1.0
819,Satkhira,Shyamnagar,Kholpetua River,SW135,Shyamnagar,16-SEP-20,9,260,-0.9714,-0.2375,316,306,175,170,9066.1,41.8,0.266,0.333,0.634,22.33021,89.10254,SYNTHETIC_SAVENIJE_PHYSICS,12625.3,191.8,298.0,0.0,575.0,0.0,1789.0,1.0
820,Satkhira,Shyamnagar,Kholpetua River,SW135,Shyamnagar,23-SEP-20,9,267,-0.9929,-0.1191,312,302,173,167,11741.8,0.0,0.331,0.37,0.5,22.33021,89.10254,SYNTHETIC_SAVENIJE_PHYSICS,12128.0,191.8,325.0,0.0,788.0,0.0,2133.0,1.0
821,Satkhira,Shyamnagar,Kholpetua River,SW135,Shyamnagar,30-SEP-20,9,274,-1.0,0.0011,311,298,172,165,9892.2,25.1,0.3,0.336,0.353,22.33021,89.10254,SYNTHETIC_SAVENIJE_PHYSICS,11306.7,182.2,382.0,0.0,1025.0,0.0,2224.0,1.0
822,Satkhira,Shyamnagar,Kholpetua River,SW135,Shyamnagar,07-OCT-20,10,281,-0.9926,0.1212,306,295,170,164,8249.2,0.0,0.23,0.244,0.197,22.33021,89.10254,SYNTHETIC_SAVENIJE_PHYSICS,10254.3,66.9,440.0,0.0,1328.0,0.0,2591.0,1.0
823,Satkhira,Shyamnagar,Kholpetua River,SW135,Shyamnagar,14-OCT-20,10,288,-0.9709,0.2396,298,290,165,161,6703.4,7.7,0.184,0.233,0.035,22.33021,89.10254,SYNTHETIC_SAVENIJE_PHYSICS,9066.1,32.8,575.0,0.0,1516.0,1.0,2854.0,1.0
824,Satkhira,Shyamnagar,Kholpetua River,SW135,Shyamnagar,21-OCT-20,10,295,-0.9351,0.3545,325,314,180,174,5505.1,0.0,0.169,0.183,0.127,22.33021,89.10254,SYNTHETIC_SAVENIJE_PHYSICS,11741.8,32.8,788.0,0.0,1789.0,1.0,3380.0,2.0
825,Satkhira,Shyamnagar,Kholpetua River,SW135,Shyamnagar,28-OCT-20,10,302,-0.8857,0.4642,382,368,212,204,4425.2,0.0,0.14,0.149,0.286,22.33021,89.10254,SYNTHETIC_SAVENIJE_PHYSICS,9892.2,7.7,1025.0,0.0,2133.0,1.0,4018.0,2.0
826,Satkhira,Shyamnagar,Kholpetua River,SW135,Shyamnagar,04-NOV-20,11,309,-0.8235,0.5672,440,423,244,235,3555.8,0.0,0.132,0.101,0.438,22.33021,89.10254,SYNTHETIC_SAVENIJE_PHYSICS,8249.2,7.7,1328.0,0.0,2224.0,1.0,4253.0,2.0
827,Satkhira,Shyamnagar,Kholpetua River,SW135,Shyamnagar,11-NOV-20,11,316,-0.7494,0.6621,575,553,319,307,2891.2,0.0,0.129,0.152,0.578,22.33021,89.10254,SYNTHETIC_SAVENIJE_PHYSICS,6703.4,0.0,1516.0,1.0,2591.0,1.0,4401.0,2.0
828,Satkhira,Shyamnagar,Kholpetua River,SW135,Shyamnagar,18-NOV-20,11,323,-0.6645,0.7473,788,767,438,426,2336.5,0.0,0.114,0.131,0.702,22.33021,89.10254,SYNTHETIC_SAVENIJE_PHYSICS,5505.1,0.0,1789.0,1.0,2854.0,1.0,5028.0,2.0
829,Satkhira,Shyamnagar,Kholpetua River,SW135,Shyamnagar,25-NOV-20,11,330,-0.5699,0.8217,1025,997,569,554,1928.3,0.0,0.1,0.15,0.808,22.33021,89.10254,SYNTHETIC_SAVENIJE_PHYSICS,4425.2,0.0,2133.0,1.0,3380.0,2.0,5500.0,2.0
830,Satkhira,Shyamnagar,Kholpetua River,SW135,Shyamnagar,02-DEC-20,12,337,-0.4671,0.8842,1328,1290,738,717,1703.8,0.0,0.111,0.1,0.893,22.33021,89.10254,SYNTHETIC_SAVENIJE_PHYSICS,3555.8,0.0,2224.0,1.0,4018.0,2.0,5200.0,2.0
831,Satkhira,Shyamnagar,Kholpetua River,SW135,Shyamnagar,09-DEC-20,12,344,-0.3575,0.9339,1516,1472,842,818,1489.1,0.0,0.116,0.124,0.954,22.33021,89.10254,SYNTHETIC_SAVENIJE_PHYSICS,2891.2,0.0,2591.0,1.0,4253.0,2.0,5348.0,2.0
832,Satkhira,Shyamnagar,Kholpetua River,SW135,Shyamnagar,16-DEC-20,12,351,-0.2427,0.9701,1789,1723,994,957,1303.6,0.0,0.086,0.145,0.99,22.33021,89.10254,SYNTHETIC_SAVENIJE_PHYSICS,2336.5,0.0,2854.0,1.0,4401.0,2.0,5491.0,2.0
833,Satkhira,Shyamnagar,Kholpetua River,SW135,Shyamnagar,23-DEC-20,12,358,-0.1244,0.9922,2133,2071,1185,1151,1186.9,0.0,0.095,0.113,1.0,22.33021,89.10254,SYNTHETIC_SAVENIJE_PHYSICS,1928.3,0.0,3380.0,2.0,5028.0,2.0,5323.0,2.0
834,Satkhira,Shyamnagar,Kholpetua River,SW135,Shyamnagar,30-DEC-20,12,365,-0.0043,1.0,2224,2137,1236,1188,1117.2,0.0,0.118,0.141,0.983,22.33021,89.10254,SYNTHETIC_SAVENIJE_PHYSICS,1703.8,0.0,4018.0,2.0,5500.0,2.0,5202.0,2.0
835,Satkhira,Shyamnagar,Kholpetua River,SW135,Shyamnagar,06-JAN-21,1,6,0.103,0.9947,2591,2540,1440,1412,735.7,0.0,0.068,0.117,0.555,22.33021,89.10254,SYNTHETIC_SAVENIJE_PHYSICS,1489.1,0.0,4253.0,2.0,5200.0,2.0,5054.0,2.0
836,Satkhira,Shyamnagar,Kholpetua River,SW135,Shyamnagar,13-JAN-21,1,13,0.2218,0.9751,2854,2743,1586,1525,739.0,0.0,0.126,0.128,0.682,22.33021,89.10254,SYNTHETIC_SAVENIJE_PHYSICS,1303.6,0.0,4401.0,2.0,5348.0,2.0,4592.0,2.0
837,Satkhira,Shyamnagar,Kholpetua River,SW135,Shyamnagar,20-JAN-21,1,20,0.3373,0.9414,3380,3276,1879,1821,612.1,14.1,0.069,0.146,0.792,22.33021,89.10254,SYNTHETIC_SAVENIJE_PHYSICS,1186.9,14.1,5028.0,2.0,5491.0,2.0,3605.0,2.0
838,Satkhira,Shyamnagar,Kholpetua River,SW135,Shyamnagar,27-JAN-21,1,27,0.4479,0.8941,4018,3857,2234,2144,480.5,0.0,0.088,0.152,0.88,22.33021,89.10254,SYNTHETIC_SAVENIJE_PHYSICS,1117.2,14.1,5500.0,2.0,5323.0,2.0,3083.0,2.0
839,Satkhira,Shyamnagar,Kholpetua River,SW135,Shyamnagar,03-FEB-21,2,34,0.5521,0.8338,4253,4156,2364,2310,540.6,0.0,0.076,0.135,0.946,22.33021,89.10254,SYNTHETIC_SAVENIJE_PHYSICS,735.7,14.1,5200.0,2.0,5202.0,2.0,2539.0,1.0
840,Satkhira,Shyamnagar,Kholpetua River,SW135,Shyamnagar,10-FEB-21,2,41,0.6483,0.7614,4401,4241,2446,2357,520.4,0.0,0.139,0.117,0.986,22.33021,89.10254,SYNTHETIC_SAVENIJE_PHYSICS,739.0,14.1,5348.0,2.0,5054.0,2.0,2050.0,1.0
841,Satkhira,Shyamnagar,Kholpetua River,SW135,Shyamnagar,17-FEB-21,2,48,0.735,0.678,5028,4929,2795,2740,415.9,0.0,0.075,0.116,1.0,22.33021,89.10254,SYNTHETIC_SAVENIJE_PHYSICS,612.1,0.0,5491.0,2.0,4592.0,2.0,1884.0,1.0
842,Satkhira,Shyamnagar,Kholpetua River,SW135,Shyamnagar,24-FEB-21,2,55,0.8112,0.5848,5500,5285,3058,2938,436.3,0.0,0.076,0.138,0.988,22.33021,89.10254,SYNTHETIC_SAVENIJE_PHYSICS,480.5,0.0,5323.0,2.0,3605.0,2.0,1518.0,1.0
843,Satkhira,Shyamnagar,Kholpetua River,SW135,Shyamnagar,03-MAR-21,3,62,0.8755,0.4831,5200,5085,2891,2827,445.8,0.0,0.079,0.105,0.949,22.33021,89.10254,SYNTHETIC_SAVENIJE_PHYSICS,540.6,0.0,5202.0,2.0,3083.0,2.0,1186.0,0.0
844,Satkhira,Shyamnagar,Kholpetua River,SW135,Shyamnagar,10-MAR-21,3,69,0.9272,0.3745,5348,5211,2973,2897,382.6,0.0,0.087,0.121,0.886,22.33021,89.10254,SYNTHETIC_SAVENIJE_PHYSICS,520.4,0.0,5054.0,2.0,2539.0,1.0,997.0,0.0
845,Satkhira,Shyamnagar,Kholpetua River,SW135,Shyamnagar,17-MAR-21,3,76,0.9655,0.2604,5491,5301,3052,2947,325.8,0.0,0.078,0.116,0.799,22.33021,89.10254,SYNTHETIC_SAVENIJE_PHYSICS,415.9,0.0,4592.0,2.0,2050.0,1.0,807.0,0.0
846,Satkhira,Shyamnagar,Kholpetua River,SW135,Shyamnagar,24-MAR-21,3,83,0.9898,0.1425,5323,5133,2959,2853,401.5,0.0,0.083,0.123,0.691,22.33021,89.10254,SYNTHETIC_SAVENIJE_PHYSICS,436.3,0.0,3605.0,2.0,1884.0,1.0,613.0,0.0
847,Satkhira,Shyamnagar,Kholpetua River,SW135,Shyamnagar,31-MAR-21,3,90,0.9997,0.0226,5202,5034,2892,2798,382.7,0.0,0.015,0.104,0.565,22.33021,89.10254,SYNTHETIC_SAVENIJE_PHYSICS,445.8,0.0,3083.0,2.0,1518.0,1.0,527.0,0.0
848,Satkhira,Shyamnagar,Kholpetua River,SW135,Shyamnagar,07-APR-21,4,97,0.9952,-0.0977,5054,4943,2810,2748,358.8,0.0,0.086,0.087,0.423,22.33021,89.10254,SYNTHETIC_SAVENIJE_PHYSICS,382.6,0.0,2539.0,1.0,1186.0,0.0,458.0,0.0
849,Satkhira,Shyamnagar,Kholpetua River,SW135,Shyamnagar,14-APR-21,4,104,0.9763,-0.2165,4592,4495,2553,2499,451.2,0.0,0.086,0.136,0.271,22.33021,89.10254,SYNTHETIC_SAVENIJE_PHYSICS,325.8,0.0,2050.0,1.0,997.0,0.0,410.0,0.0
850,Satkhira,Shyamnagar,Kholpetua River,SW135,Shyamnagar,21-APR-21,4,111,0.9432,-0.3322,3605,3474,2004,1931,851.4,5.4,0.115,0.152,0.111,22.33021,89.10254,SYNTHETIC_SAVENIJE_PHYSICS,401.5,5.4,1884.0,1.0,807.0,0.0,362.0,0.0
851,Satkhira,Shyamnagar,Kholpetua River,SW135,Shyamnagar,28-APR-21,4,118,0.8965,-0.4431,3083,2983,1714,1658,700.1,0.0,0.119,0.095,0.051,22.33021,89.10254,SYNTHETIC_SAVENIJE_PHYSICS,382.7,5.4,1518.0,1.0,613.0,0.0,334.0,0.0
852,Satkhira,Shyamnagar,Kholpetua River,SW135,Shyamnagar,05-MAY-21,5,125,0.8367,-0.5476,2539,2450,1411,1362,953.3,0.0,0.092,0.141,0.212,22.33021,89.10254,SYNTHETIC_SAVENIJE_PHYSICS,358.8,5.4,1186.0,0.0,527.0,0.0,327.0,0.0
853,Satkhira,Shyamnagar,Kholpetua River,SW135,Shyamnagar,12-MAY-21,5,132,0.7649,-0.6442,2050,1973,1139,1096,1325.9,0.0,0.117,0.16,0.368,22.33021,89.10254,SYNTHETIC_SAVENIJE_PHYSICS,451.2,5.4,997.0,0.0,458.0,0.0,307.0,0.0
854,Satkhira,Shyamnagar,Kholpetua River,SW135,Shyamnagar,19-MAY-21,5,139,0.682,-0.7314,1884,1835,1047,1020,1470.8,0.0,0.078,0.149,0.514,22.33021,89.10254,SYNTHETIC_SAVENIJE_PHYSICS,851.4,0.0,807.0,0.0,410.0,0.0,305.0,0.0
855,Satkhira,Shyamnagar,Kholpetua River,SW135,Shyamnagar,26-MAY-21,5,146,0.5892,-0.808,1518,1468,844,816,2067.4,0.0,0.123,0.136,0.646,22.33021,89.10254,SYNTHETIC_SAVENIJE_PHYSICS,700.1,0.0,613.0,0.0,362.0,0.0,290.0,0.0
856,Satkhira,Shyamnagar,Kholpetua River,SW135,Shyamnagar,02-JUN-21,6,153,0.4878,-0.8729,1186,1144,659,636,2786.2,21.0,0.118,0.144,0.761,22.33021,89.10254,SYNTHETIC_SAVENIJE_PHYSICS,953.3,21.0,527.0,0.0,334.0,0.0,285.0,0.0
857,Satkhira,Shyamnagar,Kholpetua River,SW135,Shyamnagar,09-JUN-21,6,160,0.3795,-0.9252,997,976,554,542,3667.5,0.0,0.117,0.175,0.856,22.33021,89.10254,SYNTHETIC_SAVENIJE_PHYSICS,1325.9,21.0,458.0,0.0,327.0,0.0,295.0,0.0
858,Satkhira,Shyamnagar,Kholpetua River,SW135,Shyamnagar,16-JUN-21,6,167,0.2656,-0.9641,807,788,448,438,4661.7,0.0,0.15,0.19,0.929,22.33021,89.10254,SYNTHETIC_SAVENIJE_PHYSICS,1470.8,21.0,410.0,0.0,307.0,0.0,295.0,0.0
859,Satkhira,Shyamnagar,Kholpetua River,SW135,Shyamnagar,23-JUN-21,6,174,0.1478,-0.989,613,598,340,332,5816.1,36.7,0.218,0.219,0.976,22.33021,89.10254,SYNTHETIC_SAVENIJE_PHYSICS,2067.4,57.7,362.0,0.0,305.0,0.0,297.0,0.0
860,Satkhira,Shyamnagar,Kholpetua River,SW135,Shyamnagar,30-JUN-21,6,181,0.028,-0.9996,527,506,293,281,6992.7,0.0,0.198,0.216,0.998,22.33021,89.10254,SYNTHETIC_SAVENIJE_PHYSICS,2786.2,36.7,334.0,0.0,290.0,0.0,294.0,0.0
861,Satkhira,Shyamnagar,Kholpetua River,SW135,Shyamnagar,07-JUL-21,7,188,-0.0923,-0.9957,458,448,254,249,8220.6,0.0,0.24,0.213,0.994,22.33021,89.10254,SYNTHETIC_SAVENIJE_PHYSICS,3667.5,36.7,327.0,0.0,285.0,0.0,306.0,0.0
862,Satkhira,Shyamnagar,Kholpetua River,SW135,Shyamnagar,14-JUL-21,7,195,-0.2113,-0.9774,410,398,227,221,9384.2,39.8,0.234,0.276,0.964,22.33021,89.10254,SYNTHETIC_SAVENIJE_PHYSICS,4661.7,76.5,307.0,0.0,295.0,0.0,348.0,0.0
863,Satkhira,Shyamnagar,Kholpetua River,SW135,Shyamnagar,21-JUL-21,7,202,-0.3272,-0.945,362,351,201,195,10383.1,116.7,0.329,0.329,0.907,22.33021,89.10254,SYNTHETIC_SAVENIJE_PHYSICS,5816.1,156.5,305.0,0.0,295.0,0.0,376.0,0.0
864,Satkhira,Shyamnagar,Kholpetua River,SW135,Shyamnagar,28-JUL-21,7,209,-0.4383,-0.8988,334,320,185,177,11241.2,20.2,0.318,0.344,0.827,22.33021,89.10254,SYNTHETIC_SAVENIJE_PHYSICS,6992.7,176.7,290.0,0.0,297.0,0.0,479.0,0.0
865,Satkhira,Shyamnagar,Kholpetua River,SW135,Shyamnagar,04-AUG-21,8,216,-0.5431,-0.8397,327,320,181,177,11799.2,37.8,0.364,0.367,0.725,22.33021,89.10254,SYNTHETIC_SAVENIJE_PHYSICS,8220.6,214.5,285.0,0.0,294.0,0.0,599.0,0.0
866,Satkhira,Shyamnagar,Kholpetua River,SW135,Shyamnagar,11-AUG-21,8,223,-0.64,-0.7683,307,298,170,165,12063.7,29.4,0.362,0.396,0.604,22.33021,89.10254,SYNTHETIC_SAVENIJE_PHYSICS,9384.2,204.1,295.0,0.0,306.0,0.0,750.0,0.0
867,Satkhira,Shyamnagar,Kholpetua River,SW135,Shyamnagar,18-AUG-21,8,230,-0.7277,-0.6859,305,298,169,165,11984.5,57.2,0.336,0.32,0.467,22.33021,89.10254,SYNTHETIC_SAVENIJE_PHYSICS,10383.1,144.6,295.0,0.0,348.0,0.0,919.0,0.0
868,Satkhira,Shyamnagar,Kholpetua River,SW135,Shyamnagar,25-AUG-21,8,237,-0.8048,-0.5935,290,282,161,156,11557.1,20.8,0.322,0.353,0.318,22.33021,89.10254,SYNTHETIC_SAVENIJE_PHYSICS,11241.2,145.2,297.0,0.0,376.0,0.0,1135.0,0.0
869,Satkhira,Shyamnagar,Kholpetua River,SW135,Shyamnagar,01-SEP-21,9,244,-0.8703,-0.4925,285,278,158,154,10897.7,12.6,0.279,0.292,0.16,22.33021,89.10254,SYNTHETIC_SAVENIJE_PHYSICS,11799.2,120.0,294.0,0.0,479.0,0.0,1373.0,0.0
870,Satkhira,Shyamnagar,Kholpetua River,SW135,Shyamnagar,08-SEP-21,9,251,-0.9232,-0.3844,295,287,164,159,9992.8,0.0,0.283,0.304,0.002,22.33021,89.10254,SYNTHETIC_SAVENIJE_PHYSICS,12063.7,90.6,306.0,0.0,599.0,0.0,1526.0,1.0
871,Satkhira,Shyamnagar,Kholpetua River,SW135,Shyamnagar,15-SEP-21,9,258,-0.9627,-0.2707,295,289,164,160,8870.4,11.5,0.259,0.271,0.164,22.33021,89.10254,SYNTHETIC_SAVENIJE_PHYSICS,11984.5,44.9,348.0,0.0,750.0,0.0,1685.0,1.0
872,Satkhira,Shyamnagar,Kholpetua River,SW135,Shyamnagar,22-SEP-21,9,265,-0.9882,-0.1531,297,286,165,159,11490.3,0.0,0.235,0.26,0.322,22.33021,89.10254,SYNTHETIC_SAVENIJE_PHYSICS,11557.1,24.1,376.0,0.0,919.0,0.0,1829.0,1.0
873,Satkhira,Shyamnagar,Kholpetua River,SW135,Shyamnagar,29-SEP-21,9,272,-0.9994,-0.0333,294,283,163,157,9760.7,0.0,0.18,0.273,0.471,22.33021,89.10254,SYNTHETIC_SAVENIJE_PHYSICS,10897.7,11.5,479.0,0.0,1135.0,0.0,1931.0,1.0
874,Satkhira,Shyamnagar,Kholpetua River,SW135,Shyamnagar,06-OCT-21,10,279,-0.9962,0.087,306,298,170,165,8165.9,0.0,0.205,0.23,0.608,22.33021,89.10254,SYNTHETIC_SAVENIJE_PHYSICS,9992.8,11.5,599.0,0.0,1373.0,0.0,2375.0,1.0
875,Satkhira,Shyamnagar,Kholpetua River,SW135,Shyamnagar,13-OCT-21,10,286,-0.9785,0.206,348,337,193,187,6709.5,0.0,0.163,0.181,0.728,22.33021,89.10254,SYNTHETIC_SAVENIJE_PHYSICS,8870.4,0.0,750.0,0.0,1526.0,1.0,2884.0,1.0
876,Satkhira,Shyamnagar,Kholpetua River,SW135,Shyamnagar,20-OCT-21,10,293,-0.9467,0.3221,376,365,209,202,5493.5,0.0,0.151,0.177,0.83,22.33021,89.10254,SYNTHETIC_SAVENIJE_PHYSICS,11490.3,0.0,919.0,0.0,1685.0,1.0,3532.0,2.0
877,Satkhira,Shyamnagar,Kholpetua River,SW135,Shyamnagar,27-OCT-21,10,300,-0.9012,0.4335,479,467,266,259,4432.9,0.0,0.15,0.194,0.909,22.33021,89.10254,SYNTHETIC_SAVENIJE_PHYSICS,9760.7,0.0,1135.0,0.0,1829.0,1.0,4152.0,2.0
878,Satkhira,Shyamnagar,Kholpetua River,SW135,Shyamnagar,03-NOV-21,11,307,-0.8426,0.5386,599,582,333,323,3573.3,0.0,0.119,0.18,0.965,22.33021,89.10254,SYNTHETIC_SAVENIJE_PHYSICS,8165.9,0.0,1373.0,0.0,1931.0,1.0,4276.0,2.0
879,Satkhira,Shyamnagar,Kholpetua River,SW135,Shyamnagar,10-NOV-21,11,314,-0.7718,0.6359,750,732,417,406,2914.7,0.0,0.113,0.133,0.995,22.33021,89.10254,SYNTHETIC_SAVENIJE_PHYSICS,6709.5,0.0,1526.0,1.0,2375.0,1.0,4609.0,2.0
880,Satkhira,Shyamnagar,Kholpetua River,SW135,Shyamnagar,17-NOV-21,11,321,-0.6898,0.724,919,888,510,493,2361.4,0.0,0.109,0.145,0.998,22.33021,89.10254,SYNTHETIC_SAVENIJE_PHYSICS,5493.5,0.0,1685.0,1.0,2884.0,1.0,5096.0,2.0
881,Satkhira,Shyamnagar,Kholpetua River,SW135,Shyamnagar,24-NOV-21,11,328,-0.5978,0.8016,1135,1111,631,617,1951.7,0.0,0.135,0.147,0.975,22.33021,89.10254,SYNTHETIC_SAVENIJE_PHYSICS,4432.9,0.0,1829.0,1.0,3532.0,2.0,5211.0,2.0
882,Satkhira,Shyamnagar,Kholpetua River,SW135,Shyamnagar,01-DEC-21,12,335,-0.4972,0.8676,1373,1321,763,734,1656.7,0.0,0.103,0.129,0.927,22.33021,89.10254,SYNTHETIC_SAVENIJE_PHYSICS,3573.3,0.0,1931.0,1.0,4152.0,2.0,5146.0,2.0
883,Satkhira,Shyamnagar,Kholpetua River,SW135,Shyamnagar,08-DEC-21,12,342,-0.3894,0.9211,1526,1486,848,826,1475.1,0.0,0.075,0.184,0.854,22.33021,89.10254,SYNTHETIC_SAVENIJE_PHYSICS,2914.7,0.0,2375.0,1.0,4276.0,2.0,5686.0,2.0
884,Satkhira,Shyamnagar,Kholpetua River,SW135,Shyamnagar,15-DEC-21,12,349,-0.2759,0.9612,1685,1650,936,917,1328.5,0.0,0.074,0.14,0.758,22.33021,89.10254,SYNTHETIC_SAVENIJE_PHYSICS,2361.4,0.0,2884.0,1.0,4609.0,2.0,5595.0,2.0
885,Satkhira,Shyamnagar,Kholpetua River,SW135,Shyamnagar,22-DEC-21,12,356,-0.1585,0.9874,1829,1766,1016,981,1246.0,21.5,0.112,0.144,0.643,22.33021,89.10254,SYNTHETIC_SAVENIJE_PHYSICS,1951.7,21.5,3532.0,2.0,5096.0,2.0,5074.0,2.0
886,Satkhira,Shyamnagar,Kholpetua River,SW135,Shyamnagar,29-DEC-21,12,363,-0.0387,0.9993,1931,1867,1073,1038,1091.1,0.0,0.084,0.167,0.51,22.33021,89.10254,SYNTHETIC_SAVENIJE_PHYSICS,1656.7,21.5,4152.0,2.0,5211.0,2.0,5309.0,2.0
887,Satkhira,Shyamnagar,Kholpetua River,SW135,Shyamnagar,05-JAN-22,1,5,0.0859,0.9963,2375,2295,1320,1276,836.0,0.0,0.072,0.133,0.849,22.33021,89.10254,SYNTHETIC_SAVENIJE_PHYSICS,1475.1,21.5,4276.0,2.0,5146.0,2.0,4974.0,2.0
888,Satkhira,Shyamnagar,Kholpetua River,SW135,Shyamnagar,12-JAN-22,1,12,0.205,0.9788,2884,2804,1603,1559,780.1,0.0,0.115,0.16,0.923,22.33021,89.10254,SYNTHETIC_SAVENIJE_PHYSICS,1328.5,21.5,4609.0,2.0,5686.0,2.0,4314.0,2.0
889,Satkhira,Shyamnagar,Kholpetua River,SW135,Shyamnagar,19-JAN-22,1,19,0.3211,0.9471,3532,3422,1963,1902,582.3,0.0,0.101,0.093,0.973,22.33021,89.10254,SYNTHETIC_SAVENIJE_PHYSICS,1246.0,0.0,5096.0,2.0,5595.0,2.0,3921.0,2.0
890,Satkhira,Shyamnagar,Kholpetua River,SW135,Shyamnagar,26-JAN-22,1,26,0.4325,0.9016,4152,3995,2308,2221,525.5,0.0,0.08,0.117,0.998,22.33021,89.10254,SYNTHETIC_SAVENIJE_PHYSICS,1091.1,0.0,5211.0,2.0,5074.0,2.0,3539.0,2.0
891,Satkhira,Shyamnagar,Kholpetua River,SW135,Shyamnagar,02-FEB-22,2,33,0.5377,0.8432,4276,4188,2377,2328,562.6,0.0,0.093,0.148,0.996,22.33021,89.10254,SYNTHETIC_SAVENIJE_PHYSICS,836.0,0.0,5146.0,2.0,5309.0,2.0,3186.0,2.0
892,Satkhira,Shyamnagar,Kholpetua River,SW135,Shyamnagar,09-FEB-22,2,40,0.6351,0.7725,4609,4445,2562,2471,491.7,0.0,0.09,0.157,0.967,22.33021,89.10254,SYNTHETIC_SAVENIJE_PHYSICS,780.1,0.0,5686.0,2.0,4974.0,2.0,2635.0,1.0
893,Satkhira,Shyamnagar,Kholpetua River,SW135,Shyamnagar,16-FEB-22,2,47,0.7233,0.6906,5096,4952,2833,2753,374.4,0.0,0.097,0.109,0.913,22.33021,89.10254,SYNTHETIC_SAVENIJE_PHYSICS,582.3,0.0,5595.0,2.0,4314.0,2.0,2098.0,1.0
894,Satkhira,Shyamnagar,Kholpetua River,SW135,Shyamnagar,23-FEB-22,2,54,0.801,0.5987,5211,5070,2897,2818,419.3,0.0,0.098,0.107,0.835,22.33021,89.10254,SYNTHETIC_SAVENIJE_PHYSICS,525.5,0.0,5074.0,2.0,3921.0,2.0,1795.0,1.0
895,Satkhira,Shyamnagar,Kholpetua River,SW135,Shyamnagar,02-MAR-22,3,61,0.8671,0.4981,5146,4944,2861,2748,364.2,6.5,0.036,0.139,0.735,22.33021,89.10254,SYNTHETIC_SAVENIJE_PHYSICS,562.6,6.5,5309.0,2.0,3539.0,2.0,1403.0,0.0
896,Satkhira,Shyamnagar,Kholpetua River,SW135,Shyamnagar,09-MAR-22,3,68,0.9207,0.3904,5686,5470,3161,3041,278.8,0.0,0.083,0.114,0.615,22.33021,89.10254,SYNTHETIC_SAVENIJE_PHYSICS,491.7,6.5,4974.0,2.0,3186.0,2.0,1149.0,0.0
897,Satkhira,Shyamnagar,Kholpetua River,SW135,Shyamnagar,16-MAR-22,3,75,0.9609,0.2769,5595,5490,3110,3052,319.5,0.0,0.098,0.122,0.479,22.33021,89.10254,SYNTHETIC_SAVENIJE_PHYSICS,374.4,6.5,4314.0,2.0,2635.0,1.0,896.0,0.0
898,Satkhira,Shyamnagar,Kholpetua River,SW135,Shyamnagar,23-MAR-22,3,82,0.9872,0.1595,5074,4945,2821,2749,395.6,0.0,0.081,0.145,0.331,22.33021,89.10254,SYNTHETIC_SAVENIJE_PHYSICS,419.3,6.5,3921.0,2.0,2098.0,1.0,701.0,0.0
899,Satkhira,Shyamnagar,Kholpetua River,SW135,Shyamnagar,30-MAR-22,3,89,0.9992,0.0398,5309,5100,2951,2835,267.2,0.0,0.084,0.112,0.174,22.33021,89.10254,SYNTHETIC_SAVENIJE_PHYSICS,364.2,0.0,3539.0,2.0,1795.0,1.0,589.0,0.0
900,Satkhira,Shyamnagar,Kholpetua River,SW135,Shyamnagar,06-APR-22,4,96,0.9968,-0.0805,4974,4861,2765,2702,325.6,0.0,0.099,0.084,0.012,22.33021,89.10254,SYNTHETIC_SAVENIJE_PHYSICS,278.8,0.0,3186.0,2.0,1403.0,0.0,463.0,0.0
901,Satkhira,Shyamnagar,Kholpetua River,SW135,Shyamnagar,13-APR-22,4,103,0.9799,-0.1997,4314,4189,2398,2329,490.8,18.6,0.099,0.109,0.15,22.33021,89.10254,SYNTHETIC_SAVENIJE_PHYSICS,319.5,18.6,2635.0,1.0,1149.0,0.0,413.0,0.0
902,Satkhira,Shyamnagar,Kholpetua River,SW135,Shyamnagar,20-APR-22,4,110,0.9488,-0.316,3921,3770,2180,2096,536.2,10.9,0.134,0.141,0.309,22.33021,89.10254,SYNTHETIC_SAVENIJE_PHYSICS,395.6,29.5,2098.0,1.0,896.0,0.0,379.0,0.0
903,Satkhira,Shyamnagar,Kholpetua River,SW135,Shyamnagar,27-APR-22,4,117,0.9039,-0.4276,3539,3450,1967,1918,660.1,0.0,0.128,0.105,0.459,22.33021,89.10254,SYNTHETIC_SAVENIJE_PHYSICS,267.2,29.5,1795.0,1.0,701.0,0.0,340.0,0.0
904,Satkhira,Shyamnagar,Kholpetua River,SW135,Shyamnagar,04-MAY-22,5,124,0.846,-0.5331,3186,3093,1771,1719,919.7,15.7,0.116,0.147,0.597,22.33021,89.10254,SYNTHETIC_SAVENIJE_PHYSICS,325.6,45.2,1403.0,0.0,589.0,0.0,314.0,0.0
905,Satkhira,Shyamnagar,Kholpetua River,SW135,Shyamnagar,11-MAY-22,5,131,0.7759,-0.6309,2635,2541,1465,1412,1256.2,0.0,0.108,0.12,0.719,22.33021,89.10254,SYNTHETIC_SAVENIJE_PHYSICS,490.8,26.6,1149.0,0.0,463.0,0.0,295.0,0.0
906,Satkhira,Shyamnagar,Kholpetua River,SW135,Shyamnagar,18-MAY-22,5,138,0.6945,-0.7195,2098,2054,1166,1142,1693.8,0.0,0.055,0.18,0.822,22.33021,89.10254,SYNTHETIC_SAVENIJE_PHYSICS,536.2,15.7,896.0,0.0,413.0,0.0,286.0,0.0
907,Satkhira,Shyamnagar,Kholpetua River,SW135,Shyamnagar,25-MAY-22,5,145,0.603,-0.7978,1795,1734,998,964,1965.8,0.0,0.109,0.194,0.903,22.33021,89.10254,SYNTHETIC_SAVENIJE_PHYSICS,660.1,15.7,701.0,0.0,379.0,0.0,288.0,0.0
908,Satkhira,Shyamnagar,Kholpetua River,SW135,Shyamnagar,01-JUN-22,6,152,0.5028,-0.8644,1403,1355,780,753,2664.2,0.0,0.088,0.13,0.961,22.33021,89.10254,SYNTHETIC_SAVENIJE_PHYSICS,919.7,0.0,589.0,0.0,340.0,0.0,286.0,0.0
909,Satkhira,Shyamnagar,Kholpetua River,SW135,Shyamnagar,08-JUN-22,6,159,0.3953,-0.9185,1149,1109,638,616,3507.2,13.3,0.139,0.173,0.993,22.33021,89.10254,SYNTHETIC_SAVENIJE_PHYSICS,1256.2,13.3,463.0,0.0,314.0,0.0,289.0,0.0
910,Satkhira,Shyamnagar,Kholpetua River,SW135,Shyamnagar,15-JUN-22,6,166,0.2821,-0.9594,896,875,498,486,4513.4,45.1,0.177,0.183,0.999,22.33021,89.10254,SYNTHETIC_SAVENIJE_PHYSICS,1693.8,58.4,413.0,0.0,295.0,0.0,300.0,0.0
911,Satkhira,Shyamnagar,Kholpetua River,SW135,Shyamnagar,22-JUN-22,6,173,0.1648,-0.9863,701,683,389,379,5667.7,0.0,0.203,0.209,0.978,22.33021,89.10254,SYNTHETIC_SAVENIJE_PHYSICS,1965.8,58.4,379.0,0.0,286.0,0.0,299.0,0.0
912,Satkhira,Shyamnagar,Kholpetua River,SW135,Shyamnagar,29-JUN-22,6,180,0.0451,-0.999,589,577,327,320,6870.8,0.0,0.233,0.265,0.932,22.33021,89.10254,SYNTHETIC_SAVENIJE_PHYSICS,2664.2,58.4,340.0,0.0,288.0,0.0,309.0,0.0
913,Satkhira,Shyamnagar,Kholpetua River,SW135,Shyamnagar,06-JUL-22,7,187,-0.0752,-0.9972,463,446,257,247,8093.2,18.7,0.224,0.237,0.861,22.33021,89.10254,SYNTHETIC_SAVENIJE_PHYSICS,3507.2,63.8,314.0,0.0,286.0,0.0,315.0,0.0
914,Satkhira,Shyamnagar,Kholpetua River,SW135,Shyamnagar,13-JUL-22,7,194,-0.1944,-0.9809,413,403,229,224,9246.1,19.3,0.271,0.241,0.767,22.33021,89.10254,SYNTHETIC_SAVENIJE_PHYSICS,4513.4,38.0,295.0,0.0,289.0,0.0,348.0,0.0
915,Satkhira,Shyamnagar,Kholpetua River,SW135,Shyamnagar,20-JUL-22,7,201,-0.3109,-0.9505,379,368,210,204,10375.5,0.0,0.245,0.241,0.653,22.33021,89.10254,SYNTHETIC_SAVENIJE_PHYSICS,5667.7,38.0,286.0,0.0,300.0,0.0,401.0,0.0
916,Satkhira,Shyamnagar,Kholpetua River,SW135,Shyamnagar,27-JUL-22,7,208,-0.4228,-0.9062,340,328,189,182,11242.8,0.0,0.225,0.293,0.522,22.33021,89.10254,SYNTHETIC_SAVENIJE_PHYSICS,6870.8,38.0,288.0,0.0,299.0,0.0,472.0,0.0
917,Satkhira,Shyamnagar,Kholpetua River,SW135,Shyamnagar,03-AUG-22,8,215,-0.5286,-0.8489,314,301,174,167,11873.0,52.9,0.268,0.229,0.377,22.33021,89.10254,SYNTHETIC_SAVENIJE_PHYSICS,8093.2,72.2,286.0,0.0,309.0,0.0,599.0,0.0
918,Satkhira,Shyamnagar,Kholpetua River,SW135,Shyamnagar,10-AUG-22,8,222,-0.6267,-0.7792,295,288,164,160,12148.7,43.1,0.289,0.301,0.222,22.33021,89.10254,SYNTHETIC_SAVENIJE_PHYSICS,9246.1,96.0,289.0,0.0,315.0,0.0,708.0,0.0
919,Satkhira,Shyamnagar,Kholpetua River,SW135,Shyamnagar,17-AUG-22,8,229,-0.7158,-0.6983,286,276,159,153,12152.8,41.7,0.333,0.33,0.061,22.33021,89.10254,SYNTHETIC_SAVENIJE_PHYSICS,10375.5,137.7,300.0,0.0,348.0,0.0,826.0,0.0
920,Satkhira,Shyamnagar,Kholpetua River,SW135,Shyamnagar,24-AUG-22,8,236,-0.7945,-0.6073,288,280,160,155,11756.7,10.7,0.303,0.318,0.102,22.33021,89.10254,SYNTHETIC_SAVENIJE_PHYSICS,11242.8,148.4,299.0,0.0,401.0,0.0,1016.0,0.0
921,Satkhira,Shyamnagar,Kholpetua River,SW135,Shyamnagar,31-AUG-22,8,243,-0.8617,-0.5074,286,278,159,154,11170.5,0.0,0.278,0.315,0.262,22.33021,89.10254,SYNTHETIC_SAVENIJE_PHYSICS,11873.0,95.5,309.0,0.0,472.0,0.0,1166.0,0.0
922,Satkhira,Shyamnagar,Kholpetua River,SW135,Shyamnagar,07-SEP-22,9,250,-0.9164,-0.4002,289,277,160,154,10249.4,59.0,0.277,0.319,0.415,22.33021,89.10254,SYNTHETIC_SAVENIJE_PHYSICS,12148.7,111.4,315.0,0.0,599.0,0.0,1282.0,0.0
923,Satkhira,Shyamnagar,Kholpetua River,SW135,Shyamnagar,14-SEP-22,9,257,-0.9579,-0.2873,300,294,166,163,9167.0,101.3,0.291,0.284,0.557,22.33021,89.10254,SYNTHETIC_SAVENIJE_PHYSICS,12152.8,171.0,348.0,0.0,708.0,0.0,1374.0,0.0
924,Satkhira,Shyamnagar,Kholpetua River,SW135,Shyamnagar,21-SEP-22,9,264,-0.9854,-0.1701,299,292,166,162,11878.8,0.0,0.346,0.381,0.684,22.33021,89.10254,SYNTHETIC_SAVENIJE_PHYSICS,11756.7,160.3,401.0,0.0,826.0,0.0,1527.0,1.0
925,Satkhira,Shyamnagar,Kholpetua River,SW135,Shyamnagar,28-SEP-22,9,271,-0.9987,-0.0505,309,299,171,166,10130.2,0.0,0.32,0.29,0.793,22.33021,89.10254,SYNTHETIC_SAVENIJE_PHYSICS,11170.5,160.3,472.0,0.0,1016.0,0.0,1490.0,0.0
926,Satkhira,Shyamnagar,Kholpetua River,SW135,Shyamnagar,05-OCT-22,10,278,-0.9976,0.0698,315,307,175,170,8481.5,0.0,0.274,0.295,0.881,22.33021,89.10254,SYNTHETIC_SAVENIJE_PHYSICS,10249.4,101.3,599.0,0.0,1166.0,0.0,2593.0,1.0
927,Satkhira,Shyamnagar,Kholpetua River,SW135,Shyamnagar,12-OCT-22,10,285,-0.9819,0.1892,348,337,193,187,7029.1,0.0,0.167,0.205,0.946,22.33021,89.10254,SYNTHETIC_SAVENIJE_PHYSICS,9167.0,0.0,708.0,0.0,1282.0,0.0,3327.0,2.0
928,Satkhira,Shyamnagar,Kholpetua River,SW135,Shyamnagar,19-OCT-22,10,292,-0.9521,0.3057,401,391,222,217,5729.5,0.0,0.18,0.177,0.986,22.33021,89.10254,SYNTHETIC_SAVENIJE_PHYSICS,11878.8,0.0,826.0,0.0,1374.0,0.0,4136.0,2.0
929,Satkhira,Shyamnagar,Kholpetua River,SW135,Shyamnagar,26-OCT-22,10,299,-0.9085,0.4179,472,454,262,252,4657.2,0.0,0.115,0.166,1.0,22.33021,89.10254,SYNTHETIC_SAVENIJE_PHYSICS,10130.2,0.0,1016.0,0.0,1527.0,1.0,4729.0,2.0
930,Satkhira,Shyamnagar,Kholpetua River,SW135,Shyamnagar,02-NOV-22,11,306,-0.8517,0.524,599,580,333,322,3725.1,0.0,0.102,0.163,0.987,22.33021,89.10254,SYNTHETIC_SAVENIJE_PHYSICS,8481.5,0.0,1166.0,0.0,1490.0,0.0,4995.0,2.0
931,Satkhira,Shyamnagar,Kholpetua River,SW135,Shyamnagar,09-NOV-22,11,313,-0.7826,0.6225,708,684,393,380,3039.8,0.0,0.096,0.16,0.949,22.33021,89.10254,SYNTHETIC_SAVENIJE_PHYSICS,7029.1,0.0,1282.0,0.0,2593.0,1.0,5366.0,2.0
932,Satkhira,Shyamnagar,Kholpetua River,SW135,Shyamnagar,16-NOV-22,11,320,-0.7021,0.712,826,801,459,445,2495.0,0.0,0.113,0.131,0.885,22.33021,89.10254,SYNTHETIC_SAVENIJE_PHYSICS,5729.5,0.0,1374.0,0.0,3327.0,2.0,5987.0,2.0
933,Satkhira,Shyamnagar,Kholpetua River,SW135,Shyamnagar,23-NOV-22,11,327,-0.6115,0.7912,1016,985,564,547,2094.4,0.0,0.132,0.14,0.798,22.33021,89.10254,SYNTHETIC_SAVENIJE_PHYSICS,4657.2,0.0,1527.0,1.0,4136.0,2.0,5471.0,2.0
934,Satkhira,Shyamnagar,Kholpetua River,SW135,Shyamnagar,30-NOV-22,11,334,-0.5121,0.859,1166,1123,648,624,1795.4,0.0,0.092,0.126,0.689,22.33021,89.10254,SYNTHETIC_SAVENIJE_PHYSICS,3725.1,0.0,1490.0,0.0,4729.0,2.0,5759.0,2.0
935,Satkhira,Shyamnagar,Kholpetua River,SW135,Shyamnagar,07-DEC-22,12,341,-0.4052,0.9142,1282,1258,712,699,1554.1,0.0,0.091,0.114,0.563,22.33021,89.10254,SYNTHETIC_SAVENIJE_PHYSICS,3039.8,0.0,2593.0,1.0,4995.0,2.0,5965.0,2.0
936,Satkhira,Shyamnagar,Kholpetua River,SW135,Shyamnagar,14-DEC-22,12,348,-0.2924,0.9563,1374,1319,763,733,1339.8,0.0,0.094,0.119,0.422,22.33021,89.10254,SYNTHETIC_SAVENIJE_PHYSICS,2495.0,0.0,3327.0,2.0,5366.0,2.0,5644.0,2.0
937,Satkhira,Shyamnagar,Kholpetua River,SW135,Shyamnagar,21-DEC-22,12,355,-0.1754,0.9845,1527,1466,849,815,1230.9,0.0,0.108,0.111,0.269,22.33021,89.10254,SYNTHETIC_SAVENIJE_PHYSICS,2094.4,0.0,4136.0,2.0,5987.0,2.0,5558.0,2.0
938,Satkhira,Shyamnagar,Kholpetua River,SW135,Shyamnagar,28-DEC-22,12,362,-0.0559,0.9984,1490,1442,828,801,1102.0,0.0,0.085,0.124,0.109,22.33021,89.10254,SYNTHETIC_SAVENIJE_PHYSICS,1795.4,0.0,4729.0,2.0,5471.0,2.0,5717.0,2.0
939,Satkhira,Shyamnagar,Kholpetua River,SW135,Shyamnagar,04-JAN-23,1,4,0.0688,0.9976,2593,2524,1441,1403,680.1,0.0,0.078,0.137,0.991,22.33021,89.10254,SYNTHETIC_SAVENIJE_PHYSICS,1554.1,0.0,4995.0,2.0,5759.0,2.0,5312.0,2.0
940,Satkhira,Shyamnagar,Kholpetua River,SW135,Shyamnagar,11-JAN-23,1,11,0.1881,0.9821,3327,3207,1849,1783,600.8,0.0,0.061,0.129,1.0,22.33021,89.10254,SYNTHETIC_SAVENIJE_PHYSICS,1339.8,0.0,5366.0,2.0,5965.0,2.0,5209.0,2.0
941,Satkhira,Shyamnagar,Kholpetua River,SW135,Shyamnagar,18-JAN-23,1,18,0.3047,0.9524,4136,4019,2299,2234,467.5,0.0,0.075,0.165,0.981,22.33021,89.10254,SYNTHETIC_SAVENIJE_PHYSICS,1230.9,0.0,5987.0,2.0,5644.0,2.0,4964.0,2.0
942,Satkhira,Shyamnagar,Kholpetua River,SW135,Shyamnagar,25-JAN-23,1,25,0.4169,0.9089,4729,4615,2629,2565,441.6,0.0,0.109,0.081,0.937,22.33021,89.10254,SYNTHETIC_SAVENIJE_PHYSICS,1102.0,0.0,5471.0,2.0,5558.0,2.0,4991.0,2.0
943,Satkhira,Shyamnagar,Kholpetua River,SW135,Shyamnagar,01-FEB-23,2,32,0.5231,0.8523,4995,4805,2777,2671,400.7,0.0,0.087,0.134,0.868,22.33021,89.10254,SYNTHETIC_SAVENIJE_PHYSICS,680.1,0.0,5759.0,2.0,5717.0,2.0,4246.0,2.0
944,Satkhira,Shyamnagar,Kholpetua River,SW135,Shyamnagar,08-FEB-23,2,39,0.6217,0.7833,5366,5267,2983,2928,319.5,0.0,0.069,0.124,0.776,22.33021,89.10254,SYNTHETIC_SAVENIJE_PHYSICS,600.8,0.0,5965.0,2.0,5312.0,2.0,3609.0,2.0
945,Satkhira,Shyamnagar,Kholpetua River,SW135,Shyamnagar,15-FEB-23,2,46,0.7113,0.7029,5987,5791,3328,3219,273.0,0.0,0.108,0.139,0.664,22.33021,89.10254,SYNTHETIC_SAVENIJE_PHYSICS,467.5,0.0,5644.0,2.0,5209.0,2.0,3266.0,2.0
946,Satkhira,Shyamnagar,Kholpetua River,SW135,Shyamnagar,22-FEB-23,2,53,0.7906,0.6124,5471,5329,3041,2962,362.5,0.0,0.073,0.139,0.534,22.33021,89.10254,SYNTHETIC_SAVENIJE_PHYSICS,441.6,0.0,5558.0,2.0,4964.0,2.0,2573.0,1.0
947,Satkhira,Shyamnagar,Kholpetua River,SW135,Shyamnagar,01-MAR-23,3,60,0.8584,0.513,5759,5542,3202,3081,262.3,0.0,0.112,0.12,0.389,22.33021,89.10254,SYNTHETIC_SAVENIJE_PHYSICS,400.7,0.0,5717.0,2.0,4991.0,2.0,2104.0,1.0
948,Satkhira,Shyamnagar,Kholpetua River,SW135,Shyamnagar,08-MAR-23,3,67,0.9138,0.4061,5965,5819,3316,3235,202.7,0.0,0.111,0.126,0.235,22.33021,89.10254,SYNTHETIC_SAVENIJE_PHYSICS,319.5,0.0,5312.0,2.0,4246.0,2.0,1571.0,1.0
949,Satkhira,Shyamnagar,Kholpetua River,SW135,Shyamnagar,15-MAR-23,3,74,0.956,0.2934,5644,5522,3138,3070,263.7,0.0,0.085,0.108,0.074,22.33021,89.10254,SYNTHETIC_SAVENIJE_PHYSICS,273.0,0.0,5209.0,2.0,3609.0,2.0,1190.0,0.0
950,Satkhira,Shyamnagar,Kholpetua River,SW135,Shyamnagar,22-MAR-23,3,81,0.9843,0.1765,5558,5348,3090,2973,267.5,0.0,0.054,0.135,0.088,22.33021,89.10254,SYNTHETIC_SAVENIJE_PHYSICS,362.5,0.0,4964.0,2.0,3266.0,2.0,917.0,0.0
951,Satkhira,Shyamnagar,Kholpetua River,SW135,Shyamnagar,29-MAR-23,3,88,0.9984,0.057,5717,5504,3178,3060,252.7,0.0,0.129,0.085,0.248,22.33021,89.10254,SYNTHETIC_SAVENIJE_PHYSICS,262.3,0.0,4991.0,2.0,2573.0,1.0,685.0,0.0
952,Satkhira,Shyamnagar,Kholpetua River,SW135,Shyamnagar,05-APR-23,4,95,0.998,-0.0634,5312,5132,2953,2853,323.5,0.0,0.092,0.139,0.402,22.33021,89.10254,SYNTHETIC_SAVENIJE_PHYSICS,202.7,0.0,4246.0,2.0,2104.0,1.0,539.0,0.0
953,Satkhira,Shyamnagar,Kholpetua River,SW135,Shyamnagar,12-APR-23,4,102,0.9831,-0.1828,5209,5002,2896,2781,412.5,0.0,0.079,0.124,0.545,22.33021,89.10254,SYNTHETIC_SAVENIJE_PHYSICS,263.7,0.0,3609.0,2.0,1571.0,1.0,459.0,0.0
954,Satkhira,Shyamnagar,Kholpetua River,SW135,Shyamnagar,19-APR-23,4,109,0.9541,-0.2996,4964,4873,2759,2709,418.8,0.0,0.105,0.115,0.674,22.33021,89.10254,SYNTHETIC_SAVENIJE_PHYSICS,267.5,0.0,3266.0,2.0,1190.0,0.0,382.0,0.0
955,Satkhira,Shyamnagar,Kholpetua River,SW135,Shyamnagar,26-APR-23,4,116,0.9112,-0.412,4991,4857,2774,2700,481.3,0.0,0.1,0.121,0.785,22.33021,89.10254,SYNTHETIC_SAVENIJE_PHYSICS,252.7,0.0,2573.0,1.0,917.0,0.0,341.0,0.0
956,Satkhira,Shyamnagar,Kholpetua River,SW135,Shyamnagar,03-MAY-23,5,123,0.8551,-0.5185,4246,4132,2360,2297,723.2,0.0,0.116,0.125,0.875,22.33021,89.10254,SYNTHETIC_SAVENIJE_PHYSICS,323.5,0.0,2104.0,1.0,685.0,0.0,329.0,0.0
957,Satkhira,Shyamnagar,Kholpetua River,SW135,Shyamnagar,10-MAY-23,5,130,0.7866,-0.6175,3609,3540,2006,1968,924.0,0.0,0.079,0.157,0.942,22.33021,89.10254,SYNTHETIC_SAVENIJE_PHYSICS,412.5,0.0,1571.0,1.0,539.0,0.0,314.0,0.0
958,Satkhira,Shyamnagar,Kholpetua River,SW135,Shyamnagar,17-MAY-23,5,137,0.7067,-0.7075,3266,3195,1815,1776,1035.2,0.0,0.1,0.197,0.984,22.33021,89.10254,SYNTHETIC_SAVENIJE_PHYSICS,418.8,0.0,1190.0,0.0,459.0,0.0,298.0,0.0
959,Satkhira,Shyamnagar,Kholpetua River,SW135,Shyamnagar,24-MAY-23,5,144,0.6166,-0.7873,2573,2516,1430,1398,1589.7,0.0,0.077,0.163,1.0,22.33021,89.10254,SYNTHETIC_SAVENIJE_PHYSICS,481.3,0.0,917.0,0.0,382.0,0.0,303.0,0.0
960,Satkhira,Shyamnagar,Kholpetua River,SW135,Shyamnagar,31-MAY-23,5,151,0.5176,-0.8556,2104,2035,1169,1131,2111.1,0.0,0.121,0.133,0.989,22.33021,89.10254,SYNTHETIC_SAVENIJE_PHYSICS,723.2,0.0,685.0,0.0,341.0,0.0,307.0,0.0
961,Satkhira,Shyamnagar,Kholpetua River,SW135,Shyamnagar,07-JUN-23,6,158,0.4111,-0.9116,1571,1519,873,844,2780.3,0.0,0.117,0.165,0.953,22.33021,89.10254,SYNTHETIC_SAVENIJE_PHYSICS,924.0,0.0,539.0,0.0,329.0,0.0,336.0,0.0
962,Satkhira,Shyamnagar,Kholpetua River,SW135,Shyamnagar,14-JUN-23,6,165,0.2986,-0.9544,1190,1150,661,639,3532.3,0.0,0.133,0.175,0.891,22.33021,89.10254,SYNTHETIC_SAVENIJE_PHYSICS,1035.2,0.0,459.0,0.0,314.0,0.0,351.0,0.0
963,Satkhira,Shyamnagar,Kholpetua River,SW135,Shyamnagar,21-JUN-23,6,172,0.1818,-0.9833,917,887,509,493,4430.1,0.0,0.136,0.153,0.806,22.33021,89.10254,SYNTHETIC_SAVENIJE_PHYSICS,1589.7,0.0,382.0,0.0,298.0,0.0,335.0,0.0
964,Satkhira,Shyamnagar,Kholpetua River,SW135,Shyamnagar,28-JUN-23,6,179,0.0623,-0.9981,685,663,380,368,5355.2,0.0,0.146,0.157,0.699,22.33021,89.10254,SYNTHETIC_SAVENIJE_PHYSICS,2111.1,0.0,341.0,0.0,303.0,0.0,351.0,0.0
965,Satkhira,Shyamnagar,Kholpetua River,SW135,Shyamnagar,05-JUL-23,7,186,-0.058,-0.9983,539,519,299,288,6370.1,33.9,0.167,0.21,0.574,22.33021,89.10254,SYNTHETIC_SAVENIJE_PHYSICS,2780.3,33.9,329.0,0.0,307.0,0.0,363.0,0.0
966,Satkhira,Shyamnagar,Kholpetua River,SW135,Shyamnagar,12-JUL-23,7,193,-0.1775,-0.9841,459,444,255,246,7293.9,0.0,0.212,0.238,0.434,22.33021,89.10254,SYNTHETIC_SAVENIJE_PHYSICS,3532.3,33.9,314.0,0.0,336.0,0.0,411.0,0.0
967,Satkhira,Shyamnagar,Kholpetua River,SW135,Shyamnagar,19-JUL-23,7,200,-0.2945,-0.9557,382,370,212,205,8150.3,26.9,0.253,0.213,0.282,22.33021,89.10254,SYNTHETIC_SAVENIJE_PHYSICS,4430.1,60.8,298.0,0.0,351.0,0.0,482.0,0.0
968,Satkhira,Shyamnagar,Kholpetua River,SW135,Shyamnagar,26-JUL-23,7,207,-0.4071,-0.9134,341,329,189,182,8851.7,25.0,0.236,0.252,0.123,22.33021,89.10254,SYNTHETIC_SAVENIJE_PHYSICS,5355.2,85.8,303.0,0.0,335.0,0.0,569.0,0.0
969,Satkhira,Shyamnagar,Kholpetua River,SW135,Shyamnagar,02-AUG-23,8,214,-0.5139,-0.8578,329,317,182,176,9386.1,83.7,0.294,0.309,0.039,22.33021,89.10254,SYNTHETIC_SAVENIJE_PHYSICS,6370.1,135.6,307.0,0.0,351.0,0.0,677.0,0.0
970,Satkhira,Shyamnagar,Kholpetua River,SW135,Shyamnagar,09-AUG-23,8,221,-0.6132,-0.7899,314,304,174,169,9667.2,118.9,0.363,0.361,0.201,22.33021,89.10254,SYNTHETIC_SAVENIJE_PHYSICS,7293.9,254.5,336.0,0.0,363.0,0.0,816.0,0.0
971,Satkhira,Shyamnagar,Kholpetua River,SW135,Shyamnagar,16-AUG-23,8,228,-0.7037,-0.7105,298,289,165,160,9670.5,38.7,0.361,0.394,0.357,22.33021,89.10254,SYNTHETIC_SAVENIJE_PHYSICS,8150.3,266.3,351.0,0.0,411.0,0.0,959.0,0.0
972,Satkhira,Shyamnagar,Kholpetua River,SW135,Shyamnagar,23-AUG-23,8,235,-0.7839,-0.6208,303,295,168,164,9365.0,59.9,0.346,0.352,0.504,22.33021,89.10254,SYNTHETIC_SAVENIJE_PHYSICS,8851.7,301.2,335.0,0.0,482.0,0.0,1102.0,0.0
973,Satkhira,Shyamnagar,Kholpetua River,SW135,Shyamnagar,30-AUG-23,8,242,-0.8528,-0.5222,307,299,170,166,8885.4,45.1,0.322,0.402,0.637,22.33021,89.10254,SYNTHETIC_SAVENIJE_PHYSICS,9386.1,262.6,351.0,0.0,569.0,0.0,1234.0,0.0
974,Satkhira,Shyamnagar,Kholpetua River,SW135,Shyamnagar,06-SEP-23,9,249,-0.9094,-0.4159,336,324,186,180,8152.8,7.6,0.26,0.26,0.753,22.33021,89.10254,SYNTHETIC_SAVENIJE_PHYSICS,9667.2,151.3,363.0,0.0,677.0,0.0,1354.0,0.0
975,Satkhira,Shyamnagar,Kholpetua River,SW135,Shyamnagar,13-SEP-23,9,256,-0.9528,-0.3037,351,337,195,187,7297.1,30.3,0.216,0.236,0.85,22.33021,89.10254,SYNTHETIC_SAVENIJE_PHYSICS,9670.5,142.9,411.0,0.0,816.0,0.0,1422.0,0.0
976,Satkhira,Shyamnagar,Kholpetua River,SW135,Shyamnagar,20-SEP-23,9,263,-0.9824,-0.187,335,323,186,179,9546.2,5.0,0.286,0.274,0.924,22.33021,89.10254,SYNTHETIC_SAVENIJE_PHYSICS,9365.0,88.0,482.0,0.0,959.0,0.0,1610.0,1.0
977,Satkhira,Shyamnagar,Kholpetua River,SW135,Shyamnagar,27-SEP-23,9,270,-0.9977,-0.0677,351,338,195,187,8161.3,20.8,0.233,0.224,0.974,22.33021,89.10254,SYNTHETIC_SAVENIJE_PHYSICS,8885.4,63.7,569.0,0.0,1102.0,0.0,1874.0,1.0
978,Satkhira,Shyamnagar,Kholpetua River,SW135,Shyamnagar,04-OCT-23,10,277,-0.9986,0.0527,363,351,201,195,6833.5,0.0,0.203,0.227,0.998,22.33021,89.10254,SYNTHETIC_SAVENIJE_PHYSICS,8152.8,56.1,677.0,0.0,1234.0,0.0,2434.0,1.0
979,Satkhira,Shyamnagar,Kholpetua River,SW135,Shyamnagar,11-OCT-23,10,284,-0.9851,0.1722,411,403,228,224,5653.0,0.0,0.126,0.197,0.995,22.33021,89.10254,SYNTHETIC_SAVENIJE_PHYSICS,7297.1,25.8,816.0,0.0,1354.0,0.0,2983.0,1.0
980,Satkhira,Shyamnagar,Kholpetua River,SW135,Shyamnagar,18-OCT-23,10,291,-0.9572,0.2893,482,464,267,257,4598.7,0.0,0.117,0.18,0.967,22.33021,89.10254,SYNTHETIC_SAVENIJE_PHYSICS,9546.2,20.8,959.0,0.0,1422.0,0.0,3498.0,2.0
981,Satkhira,Shyamnagar,Kholpetua River,SW135,Shyamnagar,25-OCT-23,10,298,-0.9155,0.4022,569,550,316,305,3782.1,0.0,0.13,0.147,0.912,22.33021,89.10254,SYNTHETIC_SAVENIJE_PHYSICS,8161.3,0.0,1102.0,0.0,1610.0,1.0,3701.0,2.0
982,Satkhira,Shyamnagar,Kholpetua River,SW135,Shyamnagar,01-NOV-23,11,305,-0.8606,0.5093,677,660,376,366,3003.2,7.5,0.164,0.167,0.834,22.33021,89.10254,SYNTHETIC_SAVENIJE_PHYSICS,6833.5,7.5,1234.0,0.0,1874.0,1.0,3884.0,2.0
983,Satkhira,Shyamnagar,Kholpetua River,SW135,Shyamnagar,08-NOV-23,11,312,-0.7932,0.609,816,792,453,440,2433.5,0.0,0.103,0.146,0.733,22.33021,89.10254,SYNTHETIC_SAVENIJE_PHYSICS,5653.0,7.5,1354.0,0.0,2434.0,1.0,4212.0,2.0
984,Satkhira,Shyamnagar,Kholpetua River,SW135,Shyamnagar,15-NOV-23,11,319,-0.7143,0.6998,959,921,533,512,1989.8,0.0,0.128,0.169,0.614,22.33021,89.10254,SYNTHETIC_SAVENIJE_PHYSICS,4598.7,7.5,1422.0,0.0,2983.0,1.0,4403.0,2.0
985,Satkhira,Shyamnagar,Kholpetua River,SW135,Shyamnagar,22-NOV-23,11,326,-0.625,0.7806,1102,1061,612,589,1649.7,1.5,0.098,0.14,0.478,22.33021,89.10254,SYNTHETIC_SAVENIJE_PHYSICS,3782.1,9.0,1610.0,1.0,3498.0,2.0,4136.0,2.0
986,Satkhira,Shyamnagar,Kholpetua River,SW135,Shyamnagar,29-NOV-23,11,333,-0.5268,0.85,1234,1210,686,672,1396.9,0.0,0.101,0.118,0.329,22.33021,89.10254,SYNTHETIC_SAVENIJE_PHYSICS,3003.2,1.5,1874.0,1.0,3701.0,2.0,4648.0,2.0
987,Satkhira,Shyamnagar,Kholpetua River,SW135,Shyamnagar,06-DEC-23,12,340,-0.4208,0.9071,1354,1302,752,723,1186.3,0.0,0.121,0.101,0.171,22.33021,89.10254,SYNTHETIC_SAVENIJE_PHYSICS,2433.5,1.5,2434.0,1.0,3884.0,2.0,5167.0,2.0
988,Satkhira,Shyamnagar,Kholpetua River,SW135,Shyamnagar,13-DEC-23,12,347,-0.3088,0.9511,1422,1384,790,769,1102.7,0.0,0.089,0.13,0.01,22.33021,89.10254,SYNTHETIC_SAVENIJE_PHYSICS,1989.8,1.5,2983.0,1.0,4212.0,2.0,5113.0,2.0
989,Satkhira,Shyamnagar,Kholpetua River,SW135,Shyamnagar,20-DEC-23,12,354,-0.1923,0.9813,1610,1573,895,874,985.7,0.0,0.079,0.106,0.153,22.33021,89.10254,SYNTHETIC_SAVENIJE_PHYSICS,1649.7,0.0,3498.0,2.0,4403.0,2.0,5750.0,2.0
990,Satkhira,Shyamnagar,Kholpetua River,SW135,Shyamnagar,27-DEC-23,12,361,-0.073,0.9973,1874,1809,1041,1005,895.8,0.0,0.12,0.103,0.311,22.33021,89.10254,SYNTHETIC_SAVENIJE_PHYSICS,1396.9,0.0,3701.0,2.0,4136.0,2.0,6106.0,2.0
991,Satkhira,Shyamnagar,Kholpetua River,SW135,Shyamnagar,03-JAN-24,1,3,0.0516,0.9987,2434,2375,1353,1320,819.6,0.0,0.092,0.14,0.957,22.33021,89.10254,SYNTHETIC_SAVENIJE_PHYSICS,1186.3,0.0,3884.0,2.0,4648.0,2.0,6292.0,2.0
992,Satkhira,Shyamnagar,Kholpetua River,SW135,Shyamnagar,10-JAN-24,1,10,0.1712,0.9852,2983,2874,1658,1597,678.4,0.0,0.111,0.092,0.897,22.33021,89.10254,SYNTHETIC_SAVENIJE_PHYSICS,1102.7,0.0,4212.0,2.0,5167.0,2.0,5969.0,2.0
993,Satkhira,Shyamnagar,Kholpetua River,SW135,Shyamnagar,17-JAN-24,1,17,0.2883,0.9575,3498,3379,1944,1878,594.6,0.0,0.074,0.155,0.814,22.33021,89.10254,SYNTHETIC_SAVENIJE_PHYSICS,985.7,0.0,4403.0,2.0,5113.0,2.0,6268.0,2.0
994,Satkhira,Shyamnagar,Kholpetua River,SW135,Shyamnagar,24-JAN-24,1,24,0.4012,0.916,3701,3578,2057,1989,613.4,0.0,0.116,0.13,0.709,22.33021,89.10254,SYNTHETIC_SAVENIJE_PHYSICS,895.8,0.0,4136.0,2.0,5750.0,2.0,5601.0,2.0
995,Satkhira,Shyamnagar,Kholpetua River,SW135,Shyamnagar,31-JAN-24,1,31,0.5084,0.8611,3884,3813,2159,2120,491.8,33.7,0.111,0.142,0.586,22.33021,89.10254,SYNTHETIC_SAVENIJE_PHYSICS,819.6,33.7,4648.0,2.0,6106.0,2.0,4544.0,2.0
996,Satkhira,Shyamnagar,Kholpetua River,SW135,Shyamnagar,07-FEB-24,2,38,0.6081,0.7938,4212,4063,2341,2259,390.3,0.0,0.113,0.121,0.446,22.33021,89.10254,SYNTHETIC_SAVENIJE_PHYSICS,678.4,33.7,5167.0,2.0,6292.0,2.0,3882.0,2.0
997,Satkhira,Shyamnagar,Kholpetua River,SW135,Shyamnagar,14-FEB-24,2,45,0.6991,0.715,4403,4239,2448,2356,376.2,0.0,0.107,0.157,0.296,22.33021,89.10254,SYNTHETIC_SAVENIJE_PHYSICS,594.6,33.7,5113.0,2.0,5969.0,2.0,3318.0,2.0
998,Satkhira,Shyamnagar,Kholpetua River,SW135,Shyamnagar,21-FEB-24,2,52,0.7799,0.6259,4136,4054,2299,2254,402.6,0.0,0.095,0.142,0.137,22.33021,89.10254,SYNTHETIC_SAVENIJE_PHYSICS,613.4,33.7,5750.0,2.0,6268.0,2.0,2515.0,1.0
999,Satkhira,Shyamnagar,Kholpetua River,SW135,Shyamnagar,28-FEB-24,2,59,0.8495,0.5277,4648,4478,2584,2489,287.2,0.0,0.084,0.11,0.026,22.33021,89.10254,SYNTHETIC_SAVENIJE_PHYSICS,491.8,0.0,6106.0,2.0,5601.0,2.0,1991.0,1.0
1000,Satkhira,Shyamnagar,Kholpetua River,SW135,Shyamnagar,06-MAR-24,3,66,0.9067,0.4218,5167,5060,2872,2813,236.8,0.0,0.074,0.127,0.187,22.33021,89.10254,SYNTHETIC_SAVENIJE_PHYSICS,390.3,0.0,6292.0,2.0,4544.0,2.0,1457.0,0.0
1001,Satkhira,Shyamnagar,Kholpetua River,SW135,Shyamnagar,13-MAR-24,3,73,0.9508,0.3098,5113,4981,2842,2769,317.1,0.0,0.103,0.09,0.344,22.33021,89.10254,SYNTHETIC_SAVENIJE_PHYSICS,376.2,0.0,5969.0,2.0,3882.0,2.0,1071.0,0.0
1002,Satkhira,Shyamnagar,Kholpetua River,SW135,Shyamnagar,20-MAR-24,3,80,0.9811,0.1934,5750,5592,3197,3109,241.1,0.0,0.079,0.09,0.492,22.33021,89.10254,SYNTHETIC_SAVENIJE_PHYSICS,402.6,0.0,6268.0,2.0,3318.0,2.0,791.0,0.0
1003,Satkhira,Shyamnagar,Kholpetua River,SW135,Shyamnagar,27-MAR-24,3,87,0.9972,0.0741,6106,5962,3394,3314,248.4,0.0,0.053,0.1,0.626,22.33021,89.10254,SYNTHETIC_SAVENIJE_PHYSICS,287.2,0.0,5601.0,2.0,2515.0,1.0,604.0,0.0
1004,Satkhira,Shyamnagar,Kholpetua River,SW135,Shyamnagar,03-APR-24,4,94,0.9989,-0.0462,6292,6140,3498,3413,311.3,0.0,0.051,0.131,0.744,22.33021,89.10254,SYNTHETIC_SAVENIJE_PHYSICS,236.8,0.0,4544.0,2.0,1991.0,1.0,489.0,0.0
1005,Satkhira,Shyamnagar,Kholpetua River,SW135,Shyamnagar,10-APR-24,4,101,0.9861,-0.1659,5969,5744,3318,3193,352.2,0.0,0.05,0.124,0.843,22.33021,89.10254,SYNTHETIC_SAVENIJE_PHYSICS,317.1,0.0,3882.0,2.0,1457.0,0.0,389.0,0.0
1006,Satkhira,Shyamnagar,Kholpetua River,SW135,Shyamnagar,17-APR-24,4,108,0.9591,-0.2831,6268,6155,3485,3422,298.1,0.0,0.096,0.144,0.919,22.33021,89.10254,SYNTHETIC_SAVENIJE_PHYSICS,241.1,0.0,3318.0,2.0,1071.0,0.0,351.0,0.0
1007,Satkhira,Shyamnagar,Kholpetua River,SW135,Shyamnagar,24-APR-24,4,115,0.9181,-0.3963,5601,5493,3114,3054,529.9,0.0,0.064,0.108,0.971,22.33021,89.10254,SYNTHETIC_SAVENIJE_PHYSICS,248.4,0.0,2515.0,1.0,791.0,0.0,333.0,0.0
1008,Satkhira,Shyamnagar,Kholpetua River,SW135,Shyamnagar,01-MAY-24,5,122,0.8639,-0.5037,4544,4451,2526,2474,794.0,0.0,0.097,0.141,0.997,22.33021,89.10254,SYNTHETIC_SAVENIJE_PHYSICS,311.3,0.0,1991.0,1.0,604.0,0.0,318.0,0.0
1009,Satkhira,Shyamnagar,Kholpetua River,SW135,Shyamnagar,08-MAY-24,5,129,0.7971,-0.6038,3882,3779,2158,2101,960.3,0.0,0.096,0.129,0.997,22.33021,89.10254,SYNTHETIC_SAVENIJE_PHYSICS,352.2,0.0,1457.0,0.0,489.0,0.0,311.0,0.0
1010,Satkhira,Shyamnagar,Kholpetua River,SW135,Shyamnagar,15-MAY-24,5,136,0.7188,-0.6952,3318,3223,1844,1791,1087.2,0.0,0.093,0.114,0.97,22.33021,89.10254,SYNTHETIC_SAVENIJE_PHYSICS,298.1,0.0,1071.0,0.0,389.0,0.0,324.0,0.0
1011,Satkhira,Shyamnagar,Kholpetua River,SW135,Shyamnagar,22-MAY-24,5,143,0.6301,-0.7765,2515,2444,1398,1358,1616.6,0.0,0.11,0.147,0.918,22.33021,89.10254,SYNTHETIC_SAVENIJE_PHYSICS,529.9,0.0,791.0,0.0,351.0,0.0,313.0,0.0
1012,Satkhira,Shyamnagar,Kholpetua River,SW135,Shyamnagar,29-MAY-24,5,150,0.5322,-0.8466,1991,1912,1106,1063,2153.0,0.0,0.112,0.144,0.841,22.33021,89.10254,SYNTHETIC_SAVENIJE_PHYSICS,794.0,0.0,604.0,0.0,333.0,0.0,321.0,0.0
1013,Satkhira,Shyamnagar,Kholpetua River,SW135,Shyamnagar,05-JUN-24,6,157,0.4267,-0.9044,1457,1414,810,786,2958.8,14.0,0.073,0.149,0.743,22.33021,89.10254,SYNTHETIC_SAVENIJE_PHYSICS,960.3,14.0,489.0,0.0,318.0,0.0,322.0,0.0
1014,Satkhira,Shyamnagar,Kholpetua River,SW135,Shyamnagar,12-JUN-24,6,164,0.3149,-0.9491,1071,1042,595,579,3794.9,7.7,0.137,0.176,0.624,22.33021,89.10254,SYNTHETIC_SAVENIJE_PHYSICS,1087.2,21.7,389.0,0.0,311.0,0.0,331.0,0.0
1015,Satkhira,Shyamnagar,Kholpetua River,SW135,Shyamnagar,19-JUN-24,6,171,0.1986,-0.9801,791,770,439,428,4751.9,11.7,0.171,0.19,0.49,22.33021,89.10254,SYNTHETIC_SAVENIJE_PHYSICS,1616.6,33.4,351.0,0.0,324.0,0.0,327.0,0.0
1016,Satkhira,Shyamnagar,Kholpetua River,SW135,Shyamnagar,26-JUN-24,6,178,0.0795,-0.9968,604,584,335,324,5829.1,60.6,0.244,0.232,0.342,22.33021,89.10254,SYNTHETIC_SAVENIJE_PHYSICS,2153.0,94.0,333.0,0.0,313.0,0.0,337.0,0.0
1017,Satkhira,Shyamnagar,Kholpetua River,SW135,Shyamnagar,03-JUL-24,7,185,-0.0408,-0.9992,489,474,271,263,6898.9,18.6,0.262,0.242,0.185,22.33021,89.10254,SYNTHETIC_SAVENIJE_PHYSICS,2958.8,98.6,318.0,0.0,321.0,0.0,348.0,0.0
1018,Satkhira,Shyamnagar,Kholpetua River,SW135,Shyamnagar,10-JUL-24,7,192,-0.1606,-0.987,389,378,216,210,7963.5,13.0,0.218,0.239,0.023,22.33021,89.10254,SYNTHETIC_SAVENIJE_PHYSICS,3794.9,103.9,311.0,0.0,322.0,0.0,373.0,0.0
1019,Satkhira,Shyamnagar,Kholpetua River,SW135,Shyamnagar,17-JUL-24,7,199,-0.278,-0.9606,351,340,195,189,8946.5,88.3,0.295,0.316,0.139,22.33021,89.10254,SYNTHETIC_SAVENIJE_PHYSICS,4751.9,180.5,324.0,0.0,331.0,0.0,403.0,0.0
1020,Satkhira,Shyamnagar,Kholpetua River,SW135,Shyamnagar,24-JUL-24,7,206,-0.3914,-0.9202,333,326,185,181,9805.6,0.0,0.248,0.278,0.298,22.33021,89.10254,SYNTHETIC_SAVENIJE_PHYSICS,5829.1,119.9,313.0,0.0,327.0,0.0,451.0,0.0
1021,Satkhira,Shyamnagar,Kholpetua River,SW135,Shyamnagar,31-JUL-24,7,213,-0.4991,-0.8666,318,310,176,172,10378.7,132.4,0.382,0.338,0.448,22.33021,89.10254,SYNTHETIC_SAVENIJE_PHYSICS,6898.9,233.7,321.0,0.0,337.0,0.0,513.0,0.0
1022,Satkhira,Shyamnagar,Kholpetua River,SW135,Shyamnagar,07-AUG-24,8,220,-0.5996,-0.8003,311,298,172,165,10786.5,126.7,0.42,0.395,0.587,22.33021,89.10254,SYNTHETIC_SAVENIJE_PHYSICS,7963.5,347.4,322.0,0.0,348.0,0.0,594.0,0.0
1023,Satkhira,Shyamnagar,Kholpetua River,SW135,Shyamnagar,14-AUG-24,8,227,-0.6914,-0.7225,324,311,180,172,10868.1,17.9,0.39,0.4,0.711,22.33021,89.10254,SYNTHETIC_SAVENIJE_PHYSICS,8946.5,277.0,331.0,0.0,373.0,0.0,675.0,0.0
1024,Satkhira,Shyamnagar,Kholpetua River,SW135,Shyamnagar,21-AUG-24,8,234,-0.7731,-0.6342,313,305,174,169,10566.7,42.6,0.403,0.404,0.815,22.33021,89.10254,SYNTHETIC_SAVENIJE_PHYSICS,9805.6,319.6,327.0,0.0,403.0,0.0,731.0,0.0
1025,Satkhira,Shyamnagar,Kholpetua River,SW135,Shyamnagar,28-AUG-24,8,241,-0.8437,-0.5368,321,311,178,172,10061.9,19.1,0.36,0.33,0.898,22.33021,89.10254,SYNTHETIC_SAVENIJE_PHYSICS,10378.7,206.3,337.0,0.0,451.0,0.0,893.0,0.0
1026,Satkhira,Shyamnagar,Kholpetua River,SW135,Shyamnagar,04-SEP-24,9,248,-0.9021,-0.4315,322,315,179,175,9268.2,17.8,0.283,0.265,0.958,22.33021,89.10254,SYNTHETIC_SAVENIJE_PHYSICS,10786.5,97.4,348.0,0.0,513.0,0.0,1060.0,0.0
1027,Satkhira,Shyamnagar,Kholpetua River,SW135,Shyamnagar,11-SEP-24,9,255,-0.9474,-0.32,331,319,184,177,8366.0,27.4,0.276,0.284,0.992,22.33021,89.10254,SYNTHETIC_SAVENIJE_PHYSICS,10868.1,106.9,373.0,0.0,594.0,0.0,1377.0,0.0
1028,Satkhira,Shyamnagar,Kholpetua River,SW135,Shyamnagar,18-SEP-24,9,262,-0.979,-0.2039,327,314,181,174,10958.0,53.2,0.302,0.259,0.999,22.33021,89.10254,SYNTHETIC_SAVENIJE_PHYSICS,10566.7,117.5,403.0,0.0,675.0,0.0,1652.0,1.0
1029,Satkhira,Shyamnagar,Kholpetua River,SW135,Shyamnagar,25-SEP-24,9,269,-0.9964,-0.0848,337,326,187,181,9354.1,0.0,0.254,0.294,0.981,22.33021,89.10254,SYNTHETIC_SAVENIJE_PHYSICS,10061.9,98.4,451.0,0.0,731.0,0.0,2058.0,1.0
1030,Satkhira,Shyamnagar,Kholpetua River,SW135,Shyamnagar,02-OCT-24,10,276,-0.9994,0.0355,348,339,193,188,7895.4,0.0,0.247,0.215,0.936,22.33021,89.10254,SYNTHETIC_SAVENIJE_PHYSICS,9268.2,80.6,513.0,0.0,893.0,0.0,,
1031,Satkhira,Shyamnagar,Kholpetua River,SW135,Shyamnagar,09-OCT-24,10,283,-0.9879,0.1553,373,366,207,203,6529.2,0.0,0.214,0.194,0.867,22.33021,89.10254,SYNTHETIC_SAVENIJE_PHYSICS,8366.0,53.2,594.0,0.0,1060.0,0.0,,
1032,Satkhira,Shyamnagar,Kholpetua River,SW135,Shyamnagar,16-OCT-24,10,290,-0.9621,0.2728,403,394,224,219,5352.5,0.0,0.148,0.172,0.775,22.33021,89.10254,SYNTHETIC_SAVENIJE_PHYSICS,10958.0,0.0,675.0,0.0,1377.0,0.0,,
1033,Satkhira,Shyamnagar,Kholpetua River,SW135,Shyamnagar,23-OCT-24,10,297,-0.9223,0.3864,451,437,250,242,4300.0,6.1,0.134,0.217,0.662,22.33021,89.10254,SYNTHETIC_SAVENIJE_PHYSICS,9354.1,6.1,731.0,0.0,1652.0,1.0,,
1034,Satkhira,Shyamnagar,Kholpetua River,SW135,Shyamnagar,30-OCT-24,10,304,-0.8692,0.4944,513,501,285,278,3480.1,0.0,0.153,0.197,0.532,22.33021,89.10254,SYNTHETIC_SAVENIJE_PHYSICS,7895.4,6.1,893.0,0.0,2058.0,1.0,,
1035,Satkhira,Shyamnagar,Kholpetua River,SW135,Shyamnagar,06-NOV-24,11,311,-0.8035,0.5952,594,571,330,317,2831.5,13.7,0.162,0.177,0.387,22.33021,89.10254,SYNTHETIC_SAVENIJE_PHYSICS,6529.2,19.8,1060.0,0.0,,,,
1036,Satkhira,Shyamnagar,Kholpetua River,SW135,Shyamnagar,13-NOV-24,11,318,-0.7262,0.6875,675,656,375,364,2304.4,0.0,0.107,0.164,0.233,22.33021,89.10254,SYNTHETIC_SAVENIJE_PHYSICS,5352.5,19.8,1377.0,0.0,,,,
1037,Satkhira,Shyamnagar,Kholpetua River,SW135,Shyamnagar,20-NOV-24,11,325,-0.6384,0.7697,731,716,406,398,1896.9,0.0,0.108,0.112,0.072,22.33021,89.10254,SYNTHETIC_SAVENIJE_PHYSICS,4300.0,13.7,1652.0,1.0,,,,
1038,Satkhira,Shyamnagar,Kholpetua River,SW135,Shyamnagar,27-NOV-24,11,332,-0.5413,0.8408,893,865,496,480,1586.8,0.0,0.116,0.148,0.09,22.33021,89.10254,SYNTHETIC_SAVENIJE_PHYSICS,3480.1,13.7,2058.0,1.0,,,,
1039,Satkhira,Shyamnagar,Kholpetua River,SW135,Shyamnagar,04-DEC-24,12,339,-0.4364,0.8998,1060,1039,589,577,1418.6,14.2,0.117,0.133,0.251,22.33021,89.10254,SYNTHETIC_SAVENIJE_PHYSICS,2831.5,14.2,,,,,,
1040,Satkhira,Shyamnagar,Kholpetua River,SW135,Shyamnagar,11-DEC-24,12,346,-0.3251,0.9457,1377,1328,765,738,1204.0,0.0,0.094,0.125,0.404,22.33021,89.10254,SYNTHETIC_SAVENIJE_PHYSICS,2304.4,14.2,,,,,,
1041,Satkhira,Shyamnagar,Kholpetua River,SW135,Shyamnagar,18-DEC-24,12,353,-0.2092,0.9779,1652,1589,918,883,1114.6,0.0,0.141,0.143,0.547,22.33021,89.10254,SYNTHETIC_SAVENIJE_PHYSICS,1896.9,14.2,,,,,,
1042,Satkhira,Shyamnagar,Kholpetua River,SW135,Shyamnagar,25-DEC-24,12,360,-0.0902,0.9959,2058,1999,1144,1111,997.1,0.0,0.11,0.129,0.675,22.33021,89.10254,SYNTHETIC_SAVENIJE_PHYSICS,1586.8,14.2,,,,,,
1047,Khulna,Koyra,Kobadak River,SW242,Koyra,04-FEB-15,2,35,0.5664,0.8242,3245,3137,1804,1744,606.1,0.0,0.064,0.111,0.727,22.34185,89.30042,SYNTHETIC_SAVENIJE_PHYSICS,888.3,0.0,4801.0,2.0,5657.0,2.0,2599.0,1.0
1048,Khulna,Koyra,Kobadak River,SW242,Koyra,11-FEB-15,2,42,0.6613,0.7502,3571,3488,1985,1939,650.6,0.0,0.1,0.106,0.829,22.34185,89.30042,SYNTHETIC_SAVENIJE_PHYSICS,885.5,0.0,5450.0,2.0,5425.0,2.0,1845.0,1.0
1049,Khulna,Koyra,Kobadak River,SW242,Koyra,18-FEB-15,2,49,0.7466,0.6653,4179,4022,2323,2236,494.0,0.0,0.073,0.148,0.908,22.34185,89.30042,SYNTHETIC_SAVENIJE_PHYSICS,798.0,0.0,6120.0,2.0,4949.0,2.0,1429.0,0.0
1050,Khulna,Koyra,Kobadak River,SW242,Koyra,25-FEB-15,2,56,0.8211,0.5708,4736,4604,2633,2559,429.9,0.0,0.091,0.121,0.964,22.34185,89.30042,SYNTHETIC_SAVENIJE_PHYSICS,628.0,0.0,6009.0,2.0,4117.0,2.0,1121.0,0.0
1051,Khulna,Koyra,Kobadak River,SW242,Koyra,04-MAR-15,3,63,0.8837,0.468,4801,4671,2669,2597,499.1,0.0,0.075,0.123,0.994,22.34185,89.30042,SYNTHETIC_SAVENIJE_PHYSICS,606.1,0.0,5657.0,2.0,3378.0,2.0,869.0,0.0
1052,Khulna,Koyra,Kobadak River,SW242,Koyra,11-MAR-15,3,70,0.9335,0.3585,5450,5234,3030,2910,350.3,0.0,0.073,0.138,0.998,22.34185,89.30042,SYNTHETIC_SAVENIJE_PHYSICS,650.6,0.0,5425.0,2.0,2599.0,1.0,717.0,0.0
1053,Khulna,Koyra,Kobadak River,SW242,Koyra,18-MAR-15,3,77,0.9698,0.2437,6120,5880,3402,3269,269.9,0.0,0.114,0.11,0.976,22.34185,89.30042,SYNTHETIC_SAVENIJE_PHYSICS,494.0,0.0,4949.0,2.0,1845.0,1.0,574.0,0.0
1054,Khulna,Koyra,Kobadak River,SW242,Koyra,25-MAR-15,3,84,0.9921,0.1255,6009,5809,3341,3229,388.9,0.0,0.057,0.115,0.928,22.34185,89.30042,SYNTHETIC_SAVENIJE_PHYSICS,429.9,0.0,4117.0,2.0,1429.0,0.0,486.0,0.0
1055,Khulna,Koyra,Kobadak River,SW242,Koyra,01-APR-15,4,91,1.0,0.0054,5657,5506,3145,3061,437.3,0.0,0.096,0.131,0.855,22.34185,89.30042,SYNTHETIC_SAVENIJE_PHYSICS,499.1,0.0,3378.0,2.0,1121.0,0.0,423.0,0.0
1056,Khulna,Koyra,Kobadak River,SW242,Koyra,08-APR-15,4,98,0.9934,-0.1148,5425,5322,3016,2959,396.6,0.0,0.12,0.094,0.76,22.34185,89.30042,SYNTHETIC_SAVENIJE_PHYSICS,350.3,0.0,2599.0,1.0,869.0,0.0,377.0,0.0
1057,Khulna,Koyra,Kobadak River,SW242,Koyra,15-APR-15,4,105,0.9724,-0.2333,4949,4760,2751,2646,536.7,0.0,0.101,0.131,0.644,22.34185,89.30042,SYNTHETIC_SAVENIJE_PHYSICS,269.9,0.0,1845.0,1.0,717.0,0.0,342.0,0.0
1058,Khulna,Koyra,Kobadak River,SW242,Koyra,22-APR-15,4,112,0.9373,-0.3484,4117,4016,2289,2232,734.3,0.0,0.063,0.113,0.512,22.34185,89.30042,SYNTHETIC_SAVENIJE_PHYSICS,388.9,0.0,1429.0,0.0,574.0,0.0,330.0,0.0
1059,Khulna,Koyra,Kobadak River,SW242,Koyra,29-APR-15,4,119,0.8887,-0.4585,3378,3294,1878,1831,843.7,0.0,0.066,0.147,0.366,22.34185,89.30042,SYNTHETIC_SAVENIJE_PHYSICS,437.3,0.0,1121.0,0.0,486.0,0.0,325.0,0.0
1060,Khulna,Koyra,Kobadak River,SW242,Koyra,06-MAY-15,5,126,0.8272,-0.5619,2599,2533,1445,1408,1433.9,0.0,0.084,0.148,0.21,22.34185,89.30042,SYNTHETIC_SAVENIJE_PHYSICS,396.6,0.0,869.0,0.0,423.0,0.0,311.0,0.0
1061,Khulna,Koyra,Kobadak River,SW242,Koyra,13-MAY-15,5,133,0.7537,-0.6572,1845,1792,1025,996,1596.9,0.0,0.104,0.147,0.049,22.34185,89.30042,SYNTHETIC_SAVENIJE_PHYSICS,536.7,0.0,717.0,0.0,377.0,0.0,312.0,0.0
1062,Khulna,Koyra,Kobadak River,SW242,Koyra,20-MAY-15,5,140,0.6693,-0.743,1429,1402,794,779,1892.3,0.0,0.11,0.11,0.114,22.34185,89.30042,SYNTHETIC_SAVENIJE_PHYSICS,734.3,0.0,574.0,0.0,342.0,0.0,303.0,0.0
1063,Khulna,Koyra,Kobadak River,SW242,Koyra,27-MAY-15,5,147,0.5752,-0.818,1121,1088,623,604,2513.5,0.0,0.088,0.147,0.273,22.34185,89.30042,SYNTHETIC_SAVENIJE_PHYSICS,843.7,0.0,486.0,0.0,330.0,0.0,299.0,0.0
1064,Khulna,Koyra,Kobadak River,SW242,Koyra,03-JUN-15,6,154,0.4728,-0.8812,869,850,483,472,3493.2,2.0,0.11,0.138,0.425,22.34185,89.30042,SYNTHETIC_SAVENIJE_PHYSICS,1433.9,2.0,423.0,0.0,325.0,0.0,305.0,0.0
1065,Khulna,Koyra,Kobadak River,SW242,Koyra,10-JUN-15,6,161,0.3635,-0.9316,717,692,398,384,4569.4,27.9,0.142,0.188,0.566,22.34185,89.30042,SYNTHETIC_SAVENIJE_PHYSICS,1596.9,29.9,377.0,0.0,311.0,0.0,293.0,0.0
1066,Khulna,Koyra,Kobadak River,SW242,Koyra,17-JUN-15,6,168,0.2489,-0.9685,574,561,319,311,5747.7,0.0,0.17,0.156,0.692,22.34185,89.30042,SYNTHETIC_SAVENIJE_PHYSICS,1892.3,29.9,342.0,0.0,312.0,0.0,294.0,0.0
1067,Khulna,Koyra,Kobadak River,SW242,Koyra,24-JUN-15,6,175,0.1308,-0.9914,486,477,270,265,7159.8,0.0,0.232,0.188,0.8,22.34185,89.30042,SYNTHETIC_SAVENIJE_PHYSICS,2513.5,29.9,330.0,0.0,303.0,0.0,289.0,0.0
1068,Khulna,Koyra,Kobadak River,SW242,Koyra,01-JUL-15,7,182,0.0108,-0.9999,423,414,235,230,8622.3,73.0,0.234,0.295,0.887,22.34185,89.30042,SYNTHETIC_SAVENIJE_PHYSICS,3493.2,100.9,325.0,0.0,299.0,0.0,297.0,0.0
1069,Khulna,Koyra,Kobadak River,SW242,Koyra,08-JUL-15,7,189,-0.1094,-0.994,377,364,209,202,10077.5,70.2,0.277,0.317,0.95,22.34185,89.30042,SYNTHETIC_SAVENIJE_PHYSICS,4569.4,143.2,311.0,0.0,305.0,0.0,292.0,0.0
1070,Khulna,Koyra,Kobadak River,SW242,Koyra,15-JUL-15,7,196,-0.2281,-0.9736,342,334,190,185,11431.9,0.0,0.292,0.318,0.988,22.34185,89.30042,SYNTHETIC_SAVENIJE_PHYSICS,5747.7,143.2,312.0,0.0,293.0,0.0,301.0,0.0
1071,Khulna,Koyra,Kobadak River,SW242,Koyra,22-JUL-15,7,203,-0.3434,-0.9392,330,317,183,176,12597.4,17.8,0.353,0.329,1.0,22.34185,89.30042,SYNTHETIC_SAVENIJE_PHYSICS,7159.8,161.0,303.0,0.0,294.0,0.0,337.0,0.0
1072,Khulna,Koyra,Kobadak River,SW242,Koyra,29-JUL-15,7,210,-0.4537,-0.8912,325,316,180,175,13598.2,71.7,0.352,0.337,0.985,22.34185,89.30042,SYNTHETIC_SAVENIJE_PHYSICS,8622.3,159.7,299.0,0.0,289.0,0.0,377.0,0.0
1073,Khulna,Koyra,Kobadak River,SW242,Koyra,05-AUG-15,8,217,-0.5575,-0.8302,311,300,172,166,14232.2,33.7,0.322,0.352,0.945,22.34185,89.30042,SYNTHETIC_SAVENIJE_PHYSICS,10077.5,123.2,305.0,0.0,297.0,0.0,475.0,0.0
1074,Khulna,Koyra,Kobadak River,SW242,Koyra,12-AUG-15,8,224,-0.6532,-0.7572,312,304,173,169,14445.8,0.0,0.336,0.343,0.879,22.34185,89.30042,SYNTHETIC_SAVENIJE_PHYSICS,11431.9,123.2,293.0,0.0,292.0,0.0,601.0,0.0
1075,Khulna,Koyra,Kobadak River,SW242,Koyra,19-AUG-15,8,231,-0.7394,-0.6733,303,293,168,162,14320.0,80.1,0.361,0.411,0.791,22.34185,89.30042,SYNTHETIC_SAVENIJE_PHYSICS,12597.4,185.5,294.0,0.0,301.0,0.0,763.0,0.0
1076,Khulna,Koyra,Kobadak River,SW242,Koyra,26-AUG-15,8,238,-0.8149,-0.5796,299,287,166,159,13781.5,11.1,0.341,0.34,0.681,22.34185,89.30042,SYNTHETIC_SAVENIJE_PHYSICS,13598.2,124.9,289.0,0.0,337.0,0.0,975.0,0.0
1077,Khulna,Koyra,Kobadak River,SW242,Koyra,02-SEP-15,9,245,-0.8786,-0.4775,305,294,169,163,12912.8,7.2,0.362,0.321,0.553,22.34185,89.30042,SYNTHETIC_SAVENIJE_PHYSICS,14232.2,98.4,297.0,0.0,377.0,0.0,1162.0,0.0
1078,Khulna,Koyra,Kobadak River,SW242,Koyra,09-SEP-15,9,252,-0.9296,-0.3685,293,281,162,156,11749.6,26.7,0.319,0.292,0.411,22.34185,89.30042,SYNTHETIC_SAVENIJE_PHYSICS,14445.8,125.1,292.0,0.0,475.0,0.0,1427.0,0.0
1079,Khulna,Koyra,Kobadak River,SW242,Koyra,16-SEP-15,9,259,-0.9672,-0.2541,294,285,163,158,10477.2,0.0,0.244,0.258,0.258,22.34185,89.30042,SYNTHETIC_SAVENIJE_PHYSICS,14320.0,45.0,301.0,0.0,601.0,0.0,1606.0,1.0
1080,Khulna,Koyra,Kobadak River,SW242,Koyra,23-SEP-15,9,266,-0.9907,-0.1361,289,282,160,156,13436.0,0.0,0.265,0.297,0.098,22.34185,89.30042,SYNTHETIC_SAVENIJE_PHYSICS,13781.5,33.9,337.0,0.0,763.0,0.0,1902.0,1.0
1081,Khulna,Koyra,Kobadak River,SW242,Koyra,30-SEP-15,9,273,-0.9999,-0.0161,297,289,165,160,11410.4,0.0,0.221,0.259,0.065,22.34185,89.30042,SYNTHETIC_SAVENIJE_PHYSICS,12912.8,26.7,377.0,0.0,975.0,0.0,1906.0,1.0
1082,Khulna,Koyra,Kobadak River,SW242,Koyra,07-OCT-15,10,280,-0.9946,0.1041,292,285,162,158,9499.2,0.0,0.221,0.221,0.226,22.34185,89.30042,SYNTHETIC_SAVENIJE_PHYSICS,11749.6,0.0,475.0,0.0,1162.0,0.0,2217.0,1.0
1083,Khulna,Koyra,Kobadak River,SW242,Koyra,14-OCT-15,10,287,-0.9749,0.2228,301,294,167,163,7835.0,21.1,0.21,0.228,0.381,22.34185,89.30042,SYNTHETIC_SAVENIJE_PHYSICS,10477.2,21.1,601.0,0.0,1427.0,0.0,2454.0,1.0
1084,Khulna,Koyra,Kobadak River,SW242,Koyra,21-OCT-15,10,294,-0.941,0.3383,337,326,187,181,6414.1,0.0,0.168,0.236,0.525,22.34185,89.30042,SYNTHETIC_SAVENIJE_PHYSICS,13436.0,21.1,763.0,0.0,1606.0,1.0,3104.0,2.0
1085,Khulna,Koyra,Kobadak River,SW242,Koyra,28-OCT-15,10,301,-0.8936,0.4489,377,366,209,203,5207.9,0.0,0.186,0.194,0.656,22.34185,89.30042,SYNTHETIC_SAVENIJE_PHYSICS,11410.4,21.1,975.0,0.0,1902.0,1.0,3601.0,2.0
1086,Khulna,Koyra,Kobadak River,SW242,Koyra,04-NOV-15,11,308,-0.8332,0.553,475,461,264,256,4180.3,0.0,0.148,0.202,0.77,22.34185,89.30042,SYNTHETIC_SAVENIJE_PHYSICS,9499.2,21.1,1162.0,0.0,1906.0,1.0,3934.0,2.0
1087,Khulna,Koyra,Kobadak River,SW242,Koyra,11-NOV-15,11,315,-0.7607,0.6491,601,578,334,321,3405.3,0.0,0.141,0.172,0.863,22.34185,89.30042,SYNTHETIC_SAVENIJE_PHYSICS,7835.0,0.0,1427.0,0.0,2217.0,1.0,4385.0,2.0
1088,Khulna,Koyra,Kobadak River,SW242,Koyra,18-NOV-15,11,322,-0.6772,0.7358,763,742,424,412,2787.9,0.0,0.123,0.174,0.934,22.34185,89.30042,SYNTHETIC_SAVENIJE_PHYSICS,6414.1,0.0,1606.0,1.0,2454.0,1.0,5170.0,2.0
1089,Khulna,Koyra,Kobadak River,SW242,Koyra,25-NOV-15,11,329,-0.584,0.8118,975,951,542,528,2356.3,0.0,0.108,0.135,0.979,22.34185,89.30042,SYNTHETIC_SAVENIJE_PHYSICS,5207.9,0.0,1902.0,1.0,3104.0,2.0,5384.0,2.0
1090,Khulna,Koyra,Kobadak River,SW242,Koyra,02-DEC-15,12,336,-0.4822,0.8761,1162,1131,646,628,1966.1,0.0,0.087,0.139,0.999,22.34185,89.30042,SYNTHETIC_SAVENIJE_PHYSICS,4180.3,0.0,1906.0,1.0,3601.0,2.0,5074.0,2.0
1091,Khulna,Koyra,Kobadak River,SW242,Koyra,09-DEC-15,12,343,-0.3735,0.9276,1427,1393,793,774,1727.3,0.0,0.1,0.136,0.993,22.34185,89.30042,SYNTHETIC_SAVENIJE_PHYSICS,3405.3,0.0,2217.0,1.0,3934.0,2.0,5464.0,2.0
1092,Khulna,Koyra,Kobadak River,SW242,Koyra,16-DEC-15,12,350,-0.2593,0.9658,1606,1545,892,859,1553.9,0.0,0.118,0.149,0.96,22.34185,89.30042,SYNTHETIC_SAVENIJE_PHYSICS,2787.9,0.0,2454.0,1.0,4385.0,2.0,5619.0,2.0
1093,Khulna,Koyra,Kobadak River,SW242,Koyra,23-DEC-15,12,357,-0.1414,0.9899,1902,1857,1057,1032,1396.8,0.0,0.088,0.152,0.902,22.34185,89.30042,SYNTHETIC_SAVENIJE_PHYSICS,2356.3,0.0,3104.0,2.0,5170.0,2.0,5228.0,2.0
1094,Khulna,Koyra,Kobadak River,SW242,Koyra,30-DEC-15,12,364,-0.0215,0.9998,1906,1838,1059,1021,1336.1,0.0,0.107,0.138,0.82,22.34185,89.30042,SYNTHETIC_SAVENIJE_PHYSICS,1966.1,0.0,3601.0,2.0,5384.0,2.0,5041.0,2.0
1095,Khulna,Koyra,Kobadak River,SW242,Koyra,06-JAN-16,1,6,0.103,0.9947,2217,2171,1232,1207,867.2,0.0,0.07,0.148,0.555,22.34185,89.30042,SYNTHETIC_SAVENIJE_PHYSICS,1727.3,0.0,3934.0,2.0,5074.0,2.0,4980.0,2.0
1096,Khulna,Koyra,Kobadak River,SW242,Koyra,13-JAN-16,1,13,0.2218,0.9751,2454,2369,1364,1317,857.7,0.0,0.107,0.119,0.682,22.34185,89.30042,SYNTHETIC_SAVENIJE_PHYSICS,1553.9,0.0,4385.0,2.0,5464.0,2.0,4272.0,2.0
1097,Khulna,Koyra,Kobadak River,SW242,Koyra,20-JAN-16,1,20,0.3373,0.9414,3104,3013,1725,1675,683.0,0.0,0.095,0.146,0.792,22.34185,89.30042,SYNTHETIC_SAVENIJE_PHYSICS,1396.8,0.0,5170.0,2.0,5619.0,2.0,3579.0,2.0
1098,Khulna,Koyra,Kobadak River,SW242,Koyra,27-JAN-16,1,27,0.4479,0.8941,3601,3495,2002,1943,563.9,0.0,0.063,0.147,0.88,22.34185,89.30042,SYNTHETIC_SAVENIJE_PHYSICS,1336.1,0.0,5384.0,2.0,5228.0,2.0,3099.0,2.0
1099,Khulna,Koyra,Kobadak River,SW242,Koyra,03-FEB-16,2,34,0.5521,0.8338,3934,3799,2187,2112,569.1,0.0,0.083,0.14,0.946,22.34185,89.30042,SYNTHETIC_SAVENIJE_PHYSICS,867.2,0.0,5074.0,2.0,5041.0,2.0,2624.0,1.0
1100,Khulna,Koyra,Kobadak River,SW242,Koyra,10-FEB-16,2,41,0.6483,0.7614,4385,4244,2438,2359,523.5,0.0,0.106,0.129,0.986,22.34185,89.30042,SYNTHETIC_SAVENIJE_PHYSICS,857.7,0.0,5464.0,2.0,4980.0,2.0,2061.0,1.0
1101,Khulna,Koyra,Kobadak River,SW242,Koyra,17-FEB-16,2,48,0.735,0.678,5170,4984,2874,2771,369.3,0.0,0.06,0.139,1.0,22.34185,89.30042,SYNTHETIC_SAVENIJE_PHYSICS,683.0,0.0,5619.0,2.0,4272.0,2.0,1782.0,1.0
1102,Khulna,Koyra,Kobadak River,SW242,Koyra,24-FEB-16,2,55,0.8112,0.5848,5384,5236,2993,2911,418.3,0.0,0.064,0.107,0.988,22.34185,89.30042,SYNTHETIC_SAVENIJE_PHYSICS,563.9,0.0,5228.0,2.0,3579.0,2.0,1552.0,1.0
1103,Khulna,Koyra,Kobadak River,SW242,Koyra,02-MAR-16,3,62,0.8755,0.4831,5074,4972,2821,2764,521.9,0.0,0.086,0.13,0.949,22.34185,89.30042,SYNTHETIC_SAVENIJE_PHYSICS,569.1,0.0,5041.0,2.0,3099.0,2.0,1260.0,0.0
1104,Khulna,Koyra,Kobadak River,SW242,Koyra,09-MAR-16,3,69,0.9272,0.3745,5464,5283,3037,2937,361.7,0.0,0.127,0.13,0.886,22.34185,89.30042,SYNTHETIC_SAVENIJE_PHYSICS,523.5,0.0,4980.0,2.0,2624.0,1.0,948.0,0.0
1105,Khulna,Koyra,Kobadak River,SW242,Koyra,16-MAR-16,3,76,0.9655,0.2604,5619,5457,3124,3034,360.0,27.9,0.087,0.112,0.799,22.34185,89.30042,SYNTHETIC_SAVENIJE_PHYSICS,369.3,27.9,4272.0,2.0,2061.0,1.0,779.0,0.0
1106,Khulna,Koyra,Kobadak River,SW242,Koyra,23-MAR-16,3,83,0.9898,0.1425,5228,5118,2906,2845,467.1,0.0,0.112,0.149,0.691,22.34185,89.30042,SYNTHETIC_SAVENIJE_PHYSICS,418.3,27.9,3579.0,2.0,1782.0,1.0,626.0,0.0
1107,Khulna,Koyra,Kobadak River,SW242,Koyra,30-MAR-16,3,90,0.9997,0.0226,5041,4889,2802,2718,427.6,0.0,0.107,0.114,0.565,22.34185,89.30042,SYNTHETIC_SAVENIJE_PHYSICS,521.9,27.9,3099.0,2.0,1552.0,1.0,523.0,0.0
1108,Khulna,Koyra,Kobadak River,SW242,Koyra,06-APR-16,4,97,0.9952,-0.0977,4980,4871,2768,2708,399.6,0.0,0.089,0.13,0.423,22.34185,89.30042,SYNTHETIC_SAVENIJE_PHYSICS,361.7,27.9,2624.0,1.0,1260.0,0.0,453.0,0.0
1109,Khulna,Koyra,Kobadak River,SW242,Koyra,13-APR-16,4,104,0.9763,-0.2165,4272,4143,2375,2303,542.3,0.0,0.09,0.127,0.271,22.34185,89.30042,SYNTHETIC_SAVENIJE_PHYSICS,360.0,0.0,2061.0,1.0,948.0,0.0,387.0,0.0
1110,Khulna,Koyra,Kobadak River,SW242,Koyra,20-APR-16,4,111,0.9432,-0.3322,3579,3470,1989,1929,628.1,0.0,0.079,0.113,0.111,22.34185,89.30042,SYNTHETIC_SAVENIJE_PHYSICS,467.1,0.0,1782.0,1.0,779.0,0.0,352.0,0.0
1111,Khulna,Koyra,Kobadak River,SW242,Koyra,27-APR-16,4,118,0.8965,-0.4431,3099,2985,1723,1659,716.1,0.0,0.082,0.13,0.051,22.34185,89.30042,SYNTHETIC_SAVENIJE_PHYSICS,427.6,0.0,1552.0,1.0,626.0,0.0,333.0,0.0
1112,Khulna,Koyra,Kobadak River,SW242,Koyra,04-MAY-16,5,125,0.8367,-0.5476,2624,2526,1458,1404,1006.7,0.0,0.06,0.133,0.212,22.34185,89.30042,SYNTHETIC_SAVENIJE_PHYSICS,399.6,0.0,1260.0,0.0,523.0,0.0,317.0,0.0
1113,Khulna,Koyra,Kobadak River,SW242,Koyra,11-MAY-16,5,132,0.7649,-0.6442,2061,2006,1145,1115,1341.8,0.0,0.097,0.119,0.368,22.34185,89.30042,SYNTHETIC_SAVENIJE_PHYSICS,542.3,0.0,948.0,0.0,453.0,0.0,300.0,0.0
1114,Khulna,Koyra,Kobadak River,SW242,Koyra,18-MAY-16,5,139,0.682,-0.7314,1782,1743,990,969,1537.7,0.0,0.118,0.149,0.514,22.34185,89.30042,SYNTHETIC_SAVENIJE_PHYSICS,628.1,0.0,779.0,0.0,387.0,0.0,304.0,0.0
1115,Khulna,Koyra,Kobadak River,SW242,Koyra,25-MAY-16,5,146,0.5892,-0.808,1552,1494,862,830,2148.7,0.0,0.11,0.13,0.646,22.34185,89.30042,SYNTHETIC_SAVENIJE_PHYSICS,716.1,0.0,626.0,0.0,352.0,0.0,292.0,0.0
1116,Khulna,Koyra,Kobadak River,SW242,Koyra,01-JUN-16,6,153,0.4878,-0.8729,1260,1234,700,686,2940.0,11.1,0.147,0.206,0.761,22.34185,89.30042,SYNTHETIC_SAVENIJE_PHYSICS,1006.7,11.1,523.0,0.0,333.0,0.0,289.0,0.0
1117,Khulna,Koyra,Kobadak River,SW242,Koyra,08-JUN-16,6,160,0.3795,-0.9252,948,917,527,509,3888.5,0.0,0.15,0.169,0.856,22.34185,89.30042,SYNTHETIC_SAVENIJE_PHYSICS,1341.8,11.1,453.0,0.0,317.0,0.0,291.0,0.0
1118,Khulna,Koyra,Kobadak River,SW242,Koyra,15-JUN-16,6,167,0.2656,-0.9641,779,755,433,419,4991.0,0.0,0.152,0.16,0.929,22.34185,89.30042,SYNTHETIC_SAVENIJE_PHYSICS,1537.7,11.1,387.0,0.0,300.0,0.0,291.0,0.0
1119,Khulna,Koyra,Kobadak River,SW242,Koyra,22-JUN-16,6,174,0.1478,-0.989,626,613,348,340,6200.3,0.0,0.156,0.178,0.976,22.34185,89.30042,SYNTHETIC_SAVENIJE_PHYSICS,2148.7,11.1,352.0,0.0,304.0,0.0,295.0,0.0
1120,Khulna,Koyra,Kobadak River,SW242,Koyra,29-JUN-16,6,181,0.028,-0.9996,523,512,290,284,7451.9,0.0,0.17,0.23,0.998,22.34185,89.30042,SYNTHETIC_SAVENIJE_PHYSICS,2940.0,0.0,333.0,0.0,292.0,0.0,289.0,0.0
1121,Khulna,Koyra,Kobadak River,SW242,Koyra,06-JUL-16,7,188,-0.0923,-0.9957,453,440,251,244,8772.1,0.0,0.168,0.214,0.994,22.34185,89.30042,SYNTHETIC_SAVENIJE_PHYSICS,3888.5,0.0,317.0,0.0,289.0,0.0,299.0,0.0
1122,Khulna,Koyra,Kobadak River,SW242,Koyra,13-JUL-16,7,195,-0.2113,-0.9774,387,373,215,207,10079.6,26.9,0.224,0.224,0.964,22.34185,89.30042,SYNTHETIC_SAVENIJE_PHYSICS,4991.0,26.9,300.0,0.0,291.0,0.0,331.0,0.0
1123,Khulna,Koyra,Kobadak River,SW242,Koyra,20-JUL-16,7,202,-0.3272,-0.945,352,339,195,188,11185.7,27.2,0.263,0.295,0.907,22.34185,89.30042,SYNTHETIC_SAVENIJE_PHYSICS,6200.3,54.1,304.0,0.0,291.0,0.0,378.0,0.0
1124,Khulna,Koyra,Kobadak River,SW242,Koyra,27-JUL-16,7,209,-0.4383,-0.8988,333,321,185,178,12131.4,119.4,0.375,0.34,0.827,22.34185,89.30042,SYNTHETIC_SAVENIJE_PHYSICS,7451.9,173.5,292.0,0.0,295.0,0.0,440.0,0.0
1125,Khulna,Koyra,Kobadak River,SW242,Koyra,03-AUG-16,8,216,-0.5431,-0.8397,317,309,176,171,12761.9,71.7,0.401,0.405,0.725,22.34185,89.30042,SYNTHETIC_SAVENIJE_PHYSICS,8772.1,245.2,289.0,0.0,289.0,0.0,544.0,0.0
1126,Khulna,Koyra,Kobadak River,SW242,Koyra,10-AUG-16,8,223,-0.64,-0.7683,300,290,166,161,13055.8,123.3,0.383,0.419,0.604,22.34185,89.30042,SYNTHETIC_SAVENIJE_PHYSICS,10079.6,341.6,291.0,0.0,299.0,0.0,711.0,0.0
1127,Khulna,Koyra,Kobadak River,SW242,Koyra,17-AUG-16,8,230,-0.7277,-0.6859,304,296,169,164,12936.4,0.0,0.371,0.405,0.467,22.34185,89.30042,SYNTHETIC_SAVENIJE_PHYSICS,11185.7,314.4,291.0,0.0,331.0,0.0,877.0,0.0
1128,Khulna,Koyra,Kobadak River,SW242,Koyra,24-AUG-16,8,237,-0.8048,-0.5935,292,281,162,156,12533.3,46.5,0.381,0.435,0.318,22.34185,89.30042,SYNTHETIC_SAVENIJE_PHYSICS,12131.4,241.5,295.0,0.0,378.0,0.0,1066.0,0.0
1129,Khulna,Koyra,Kobadak River,SW242,Koyra,31-AUG-16,8,244,-0.8703,-0.4925,289,280,160,155,11795.4,55.8,0.382,0.336,0.16,22.34185,89.30042,SYNTHETIC_SAVENIJE_PHYSICS,12761.9,225.6,289.0,0.0,440.0,0.0,1321.0,0.0
1130,Khulna,Koyra,Kobadak River,SW242,Koyra,07-SEP-16,9,251,-0.9232,-0.3844,291,281,161,156,10762.6,49.3,0.306,0.305,0.002,22.34185,89.30042,SYNTHETIC_SAVENIJE_PHYSICS,13055.8,151.6,299.0,0.0,544.0,0.0,1475.0,0.0
1131,Khulna,Koyra,Kobadak River,SW242,Koyra,14-SEP-16,9,258,-0.9627,-0.2707,291,282,161,156,9571.4,33.5,0.324,0.319,0.164,22.34185,89.30042,SYNTHETIC_SAVENIJE_PHYSICS,12936.4,185.1,331.0,0.0,711.0,0.0,1704.0,1.0
1132,Khulna,Koyra,Kobadak River,SW242,Koyra,21-SEP-16,9,265,-0.9882,-0.1531,295,286,164,159,12363.2,0.0,0.32,0.379,0.322,22.34185,89.30042,SYNTHETIC_SAVENIJE_PHYSICS,12533.3,138.6,378.0,0.0,877.0,0.0,1782.0,1.0
1133,Khulna,Koyra,Kobadak River,SW242,Koyra,28-SEP-16,9,272,-0.9994,-0.0333,289,283,160,157,10459.5,36.6,0.302,0.338,0.471,22.34185,89.30042,SYNTHETIC_SAVENIJE_PHYSICS,11795.4,119.4,440.0,0.0,1066.0,0.0,1863.0,1.0
1134,Khulna,Koyra,Kobadak River,SW242,Koyra,05-OCT-16,10,279,-0.9962,0.087,299,292,166,162,8766.5,0.0,0.205,0.283,0.608,22.34185,89.30042,SYNTHETIC_SAVENIJE_PHYSICS,10762.6,70.1,544.0,0.0,1321.0,0.0,2234.0,1.0
1135,Khulna,Koyra,Kobadak River,SW242,Koyra,12-OCT-16,10,286,-0.9785,0.206,331,322,184,179,7217.5,0.0,0.229,0.207,0.728,22.34185,89.30042,SYNTHETIC_SAVENIJE_PHYSICS,9571.4,36.6,711.0,0.0,1475.0,0.0,2470.0,1.0
1136,Khulna,Koyra,Kobadak River,SW242,Koyra,19-OCT-16,10,293,-0.9467,0.3221,378,364,210,202,5942.2,0.0,0.158,0.194,0.83,22.34185,89.30042,SYNTHETIC_SAVENIJE_PHYSICS,12363.2,36.6,877.0,0.0,1704.0,1.0,3000.0,1.0
1137,Khulna,Koyra,Kobadak River,SW242,Koyra,26-OCT-16,10,300,-0.9012,0.4335,440,431,244,239,4794.5,0.0,0.16,0.159,0.909,22.34185,89.30042,SYNTHETIC_SAVENIJE_PHYSICS,10459.5,0.0,1066.0,0.0,1782.0,1.0,3343.0,2.0
1138,Khulna,Koyra,Kobadak River,SW242,Koyra,02-NOV-16,11,307,-0.8426,0.5386,544,532,302,295,3860.0,0.0,0.126,0.149,0.965,22.34185,89.30042,SYNTHETIC_SAVENIJE_PHYSICS,8766.5,0.0,1321.0,0.0,1863.0,1.0,3572.0,2.0
1139,Khulna,Koyra,Kobadak River,SW242,Koyra,09-NOV-16,11,314,-0.7718,0.6359,711,696,395,386,3119.8,0.0,0.119,0.186,0.995,22.34185,89.30042,SYNTHETIC_SAVENIJE_PHYSICS,7217.5,0.0,1475.0,0.0,2234.0,1.0,3672.0,2.0
1140,Khulna,Koyra,Kobadak River,SW242,Koyra,16-NOV-16,11,321,-0.6898,0.724,877,851,487,473,2553.5,0.0,0.109,0.145,0.998,22.34185,89.30042,SYNTHETIC_SAVENIJE_PHYSICS,5942.2,0.0,1704.0,1.0,2470.0,1.0,3955.0,2.0
1141,Khulna,Koyra,Kobadak River,SW242,Koyra,23-NOV-16,11,328,-0.5978,0.8016,1066,1027,592,571,2121.0,0.0,0.113,0.143,0.975,22.34185,89.30042,SYNTHETIC_SAVENIJE_PHYSICS,4794.5,0.0,1782.0,1.0,3000.0,1.0,3800.0,2.0
1142,Khulna,Koyra,Kobadak River,SW242,Koyra,30-NOV-16,11,335,-0.4972,0.8676,1321,1290,734,717,1835.3,0.0,0.114,0.157,0.927,22.34185,89.30042,SYNTHETIC_SAVENIJE_PHYSICS,3860.0,0.0,1863.0,1.0,3343.0,2.0,4137.0,2.0
1143,Khulna,Koyra,Kobadak River,SW242,Koyra,07-DEC-16,12,342,-0.3894,0.9211,1475,1428,820,793,1576.5,0.0,0.122,0.105,0.854,22.34185,89.30042,SYNTHETIC_SAVENIJE_PHYSICS,3119.8,0.0,2234.0,1.0,3572.0,2.0,4444.0,2.0
1144,Khulna,Koyra,Kobadak River,SW242,Koyra,14-DEC-16,12,349,-0.2759,0.9612,1704,1648,947,916,1393.6,0.0,0.127,0.137,0.758,22.34185,89.30042,SYNTHETIC_SAVENIJE_PHYSICS,2553.5,0.0,2470.0,1.0,3672.0,2.0,4263.0,2.0
1145,Khulna,Koyra,Kobadak River,SW242,Koyra,21-DEC-16,12,356,-0.1585,0.9874,1782,1726,990,959,1280.7,0.0,0.104,0.113,0.643,22.34185,89.30042,SYNTHETIC_SAVENIJE_PHYSICS,2121.0,0.0,3000.0,1.0,3955.0,2.0,4203.0,2.0
1146,Khulna,Koyra,Kobadak River,SW242,Koyra,28-DEC-16,12,363,-0.0387,0.9993,1863,1811,1035,1006,1181.9,0.0,0.13,0.128,0.51,22.34185,89.30042,SYNTHETIC_SAVENIJE_PHYSICS,1835.3,0.0,3343.0,2.0,3800.0,2.0,4742.0,2.0
1147,Khulna,Koyra,Kobadak River,SW242,Koyra,04-JAN-17,1,4,0.0688,0.9976,2234,2161,1242,1201,1062.6,0.0,0.096,0.121,0.991,22.34185,89.30042,SYNTHETIC_SAVENIJE_PHYSICS,1576.5,0.0,3572.0,2.0,4137.0,2.0,4588.0,2.0
1148,Khulna,Koyra,Kobadak River,SW242,Koyra,11-JAN-17,1,11,0.1881,0.9821,2470,2408,1373,1338,938.0,0.0,0.114,0.118,1.0,22.34185,89.30042,SYNTHETIC_SAVENIJE_PHYSICS,1393.6,0.0,3672.0,2.0,4444.0,2.0,4126.0,2.0
1149,Khulna,Koyra,Kobadak River,SW242,Koyra,18-JAN-17,1,18,0.3047,0.9524,3000,2922,1668,1624,754.0,0.0,0.099,0.133,0.981,22.34185,89.30042,SYNTHETIC_SAVENIJE_PHYSICS,1280.7,0.0,3955.0,2.0,4263.0,2.0,4196.0,2.0
1150,Khulna,Koyra,Kobadak River,SW242,Koyra,25-JAN-17,1,25,0.4169,0.9089,3343,3246,1858,1804,724.3,0.0,0.079,0.133,0.937,22.34185,89.30042,SYNTHETIC_SAVENIJE_PHYSICS,1181.9,0.0,3800.0,2.0,4203.0,2.0,3625.0,2.0
1151,Khulna,Koyra,Kobadak River,SW242,Koyra,01-FEB-17,2,32,0.5231,0.8523,3572,3433,1986,1908,679.8,0.0,0.093,0.124,0.868,22.34185,89.30042,SYNTHETIC_SAVENIJE_PHYSICS,1062.6,0.0,4137.0,2.0,4742.0,2.0,3165.0,2.0
1152,Khulna,Koyra,Kobadak River,SW242,Koyra,08-FEB-17,2,39,0.6217,0.7833,3672,3600,2041,2001,578.2,0.0,0.098,0.134,0.776,22.34185,89.30042,SYNTHETIC_SAVENIJE_PHYSICS,938.0,0.0,4444.0,2.0,4588.0,2.0,2737.0,1.0
1153,Khulna,Koyra,Kobadak River,SW242,Koyra,15-FEB-17,2,46,0.7113,0.7029,3955,3832,2198,2130,543.3,0.0,0.087,0.109,0.664,22.34185,89.30042,SYNTHETIC_SAVENIJE_PHYSICS,754.0,0.0,4263.0,2.0,4126.0,2.0,2336.0,1.0
1154,Khulna,Koyra,Kobadak River,SW242,Koyra,22-FEB-17,2,53,0.7906,0.6124,3800,3685,2112,2048,568.5,0.0,0.096,0.14,0.534,22.34185,89.30042,SYNTHETIC_SAVENIJE_PHYSICS,724.3,0.0,4203.0,2.0,4196.0,2.0,1848.0,1.0
1155,Khulna,Koyra,Kobadak River,SW242,Koyra,01-MAR-17,3,60,0.8584,0.513,4137,4013,2300,2231,430.0,0.0,0.103,0.121,0.389,22.34185,89.30042,SYNTHETIC_SAVENIJE_PHYSICS,679.8,0.0,4742.0,2.0,3625.0,2.0,1433.0,0.0
1156,Khulna,Koyra,Kobadak River,SW242,Koyra,08-MAR-17,3,67,0.9138,0.4061,4444,4301,2470,2391,342.3,19.8,0.095,0.124,0.235,22.34185,89.30042,SYNTHETIC_SAVENIJE_PHYSICS,578.2,19.8,4588.0,2.0,3165.0,2.0,1032.0,0.0
1157,Khulna,Koyra,Kobadak River,SW242,Koyra,15-MAR-17,3,74,0.956,0.2934,4263,4155,2370,2310,420.9,0.0,0.038,0.119,0.074,22.34185,89.30042,SYNTHETIC_SAVENIJE_PHYSICS,543.3,19.8,4126.0,2.0,2737.0,1.0,845.0,0.0
1158,Khulna,Koyra,Kobadak River,SW242,Koyra,22-MAR-17,3,81,0.9843,0.1765,4203,4036,2336,2244,408.5,0.0,0.13,0.13,0.088,22.34185,89.30042,SYNTHETIC_SAVENIJE_PHYSICS,568.5,19.8,4196.0,2.0,2336.0,1.0,629.0,0.0
1159,Khulna,Koyra,Kobadak River,SW242,Koyra,29-MAR-17,3,88,0.9984,0.057,4742,4643,2636,2581,291.7,0.0,0.089,0.171,0.248,22.34185,89.30042,SYNTHETIC_SAVENIJE_PHYSICS,430.0,19.8,3625.0,2.0,1848.0,1.0,516.0,0.0
1160,Khulna,Koyra,Kobadak River,SW242,Koyra,05-APR-17,4,95,0.998,-0.0634,4588,4414,2550,2454,452.5,16.6,0.079,0.132,0.402,22.34185,89.30042,SYNTHETIC_SAVENIJE_PHYSICS,342.3,16.6,3165.0,2.0,1433.0,0.0,402.0,0.0
1161,Khulna,Koyra,Kobadak River,SW242,Koyra,12-APR-17,4,102,0.9831,-0.1828,4126,4051,2294,2252,590.3,0.0,0.075,0.112,0.545,22.34185,89.30042,SYNTHETIC_SAVENIJE_PHYSICS,420.9,16.6,2737.0,1.0,1032.0,0.0,367.0,0.0
1162,Khulna,Koyra,Kobadak River,SW242,Koyra,19-APR-17,4,109,0.9541,-0.2996,4196,4086,2332,2271,625.6,0.0,0.091,0.154,0.674,22.34185,89.30042,SYNTHETIC_SAVENIJE_PHYSICS,408.5,16.6,2336.0,1.0,845.0,0.0,327.0,0.0
1163,Khulna,Koyra,Kobadak River,SW242,Koyra,26-APR-17,4,116,0.9112,-0.412,3625,3485,2015,1937,748.8,0.0,0.088,0.128,0.785,22.34185,89.30042,SYNTHETIC_SAVENIJE_PHYSICS,291.7,16.6,1848.0,1.0,629.0,0.0,314.0,0.0
1164,Khulna,Koyra,Kobadak River,SW242,Koyra,03-MAY-17,5,123,0.8551,-0.5185,3165,3077,1759,1710,1088.9,0.0,0.08,0.138,0.875,22.34185,89.30042,SYNTHETIC_SAVENIJE_PHYSICS,452.5,0.0,1433.0,0.0,516.0,0.0,300.0,0.0
1165,Khulna,Koyra,Kobadak River,SW242,Koyra,10-MAY-17,5,130,0.7866,-0.6175,2737,2647,1521,1471,1415.5,0.0,0.085,0.124,0.942,22.34185,89.30042,SYNTHETIC_SAVENIJE_PHYSICS,590.3,0.0,1032.0,0.0,402.0,0.0,293.0,0.0
1166,Khulna,Koyra,Kobadak River,SW242,Koyra,17-MAY-17,5,137,0.7067,-0.7075,2336,2291,1298,1273,1627.4,0.0,0.112,0.165,0.984,22.34185,89.30042,SYNTHETIC_SAVENIJE_PHYSICS,625.6,0.0,845.0,0.0,367.0,0.0,282.0,0.0
1167,Khulna,Koyra,Kobadak River,SW242,Koyra,24-MAY-17,5,144,0.6166,-0.7873,1848,1804,1027,1003,2353.2,0.0,0.152,0.136,1.0,22.34185,89.30042,SYNTHETIC_SAVENIJE_PHYSICS,748.8,0.0,629.0,0.0,327.0,0.0,287.0,0.0
1168,Khulna,Koyra,Kobadak River,SW242,Koyra,31-MAY-17,5,151,0.5176,-0.8556,1433,1391,796,773,3156.1,0.0,0.138,0.185,0.989,22.34185,89.30042,SYNTHETIC_SAVENIJE_PHYSICS,1088.9,0.0,516.0,0.0,314.0,0.0,288.0,0.0
1169,Khulna,Koyra,Kobadak River,SW242,Koyra,07-JUN-17,6,158,0.4111,-0.9116,1032,1000,573,556,4112.5,10.7,0.163,0.152,0.953,22.34185,89.30042,SYNTHETIC_SAVENIJE_PHYSICS,1415.5,10.7,402.0,0.0,300.0,0.0,296.0,0.0
1170,Khulna,Koyra,Kobadak River,SW242,Koyra,14-JUN-17,6,165,0.2986,-0.9544,845,829,469,460,5311.7,0.0,0.149,0.181,0.891,22.34185,89.30042,SYNTHETIC_SAVENIJE_PHYSICS,1627.4,10.7,367.0,0.0,293.0,0.0,306.0,0.0
1171,Khulna,Koyra,Kobadak River,SW242,Koyra,21-JUN-17,6,172,0.1818,-0.9833,629,613,349,340,6690.4,0.0,0.177,0.231,0.806,22.34185,89.30042,SYNTHETIC_SAVENIJE_PHYSICS,2353.2,10.7,327.0,0.0,282.0,0.0,299.0,0.0
1172,Khulna,Koyra,Kobadak River,SW242,Koyra,28-JUN-17,6,179,0.0623,-0.9981,516,501,286,278,8148.1,15.8,0.212,0.232,0.699,22.34185,89.30042,SYNTHETIC_SAVENIJE_PHYSICS,3156.1,26.5,314.0,0.0,287.0,0.0,294.0,0.0
1173,Khulna,Koyra,Kobadak River,SW242,Koyra,05-JUL-17,7,186,-0.058,-0.9983,402,389,223,216,9641.8,7.5,0.209,0.29,0.574,22.34185,89.30042,SYNTHETIC_SAVENIJE_PHYSICS,4112.5,23.3,300.0,0.0,288.0,0.0,313.0,0.0
1174,Khulna,Koyra,Kobadak River,SW242,Koyra,12-JUL-17,7,193,-0.1775,-0.9841,367,354,204,196,11147.6,11.0,0.24,0.262,0.434,22.34185,89.30042,SYNTHETIC_SAVENIJE_PHYSICS,5311.7,34.3,293.0,0.0,296.0,0.0,349.0,0.0
1175,Khulna,Koyra,Kobadak River,SW242,Koyra,19-JUL-17,7,200,-0.2945,-0.9557,327,318,181,176,12503.8,121.8,0.353,0.349,0.282,22.34185,89.30042,SYNTHETIC_SAVENIJE_PHYSICS,6690.4,156.1,282.0,0.0,306.0,0.0,374.0,0.0
1176,Khulna,Koyra,Kobadak River,SW242,Koyra,26-JUL-17,7,207,-0.4071,-0.9134,314,305,174,169,13612.4,35.5,0.384,0.405,0.123,22.34185,89.30042,SYNTHETIC_SAVENIJE_PHYSICS,8148.1,175.8,287.0,0.0,299.0,0.0,382.0,0.0
1177,Khulna,Koyra,Kobadak River,SW242,Koyra,02-AUG-17,8,214,-0.5139,-0.8578,300,293,166,162,14413.7,63.1,0.401,0.37,0.039,22.34185,89.30042,SYNTHETIC_SAVENIJE_PHYSICS,9641.8,231.4,288.0,0.0,294.0,0.0,468.0,0.0
1178,Khulna,Koyra,Kobadak River,SW242,Koyra,09-AUG-17,8,221,-0.6132,-0.7899,293,284,162,157,14819.2,0.0,0.376,0.367,0.201,22.34185,89.30042,SYNTHETIC_SAVENIJE_PHYSICS,11147.6,220.4,296.0,0.0,313.0,0.0,556.0,0.0
1179,Khulna,Koyra,Kobadak River,SW242,Koyra,16-AUG-17,8,228,-0.7037,-0.7105,282,274,156,152,14862.8,142.4,0.394,0.384,0.357,22.34185,89.30042,SYNTHETIC_SAVENIJE_PHYSICS,12503.8,241.0,306.0,0.0,349.0,0.0,629.0,0.0
1180,Khulna,Koyra,Kobadak River,SW242,Koyra,23-AUG-17,8,235,-0.7839,-0.6208,287,278,159,154,14486.6,24.4,0.371,0.416,0.504,22.34185,89.30042,SYNTHETIC_SAVENIJE_PHYSICS,13612.4,229.9,299.0,0.0,374.0,0.0,709.0,0.0
1181,Khulna,Koyra,Kobadak River,SW242,Koyra,30-AUG-17,8,242,-0.8528,-0.5222,288,281,160,156,13739.7,48.6,0.388,0.356,0.637,22.34185,89.30042,SYNTHETIC_SAVENIJE_PHYSICS,14413.7,215.4,294.0,0.0,382.0,0.0,795.0,0.0
1182,Khulna,Koyra,Kobadak River,SW242,Koyra,06-SEP-17,9,249,-0.9094,-0.4159,296,286,164,159,12656.6,28.7,0.393,0.402,0.753,22.34185,89.30042,SYNTHETIC_SAVENIJE_PHYSICS,14819.2,244.1,313.0,0.0,468.0,0.0,884.0,0.0
1183,Khulna,Koyra,Kobadak River,SW242,Koyra,13-SEP-17,9,256,-0.9528,-0.3037,306,299,170,166,11385.2,80.7,0.331,0.355,0.85,22.34185,89.30042,SYNTHETIC_SAVENIJE_PHYSICS,14862.8,182.4,349.0,0.0,556.0,0.0,922.0,0.0
1184,Khulna,Koyra,Kobadak River,SW242,Koyra,20-SEP-17,9,263,-0.9824,-0.187,299,289,166,160,14766.1,46.8,0.399,0.435,0.924,22.34185,89.30042,SYNTHETIC_SAVENIJE_PHYSICS,14486.6,204.8,374.0,0.0,629.0,0.0,1122.0,0.0
1185,Khulna,Koyra,Kobadak River,SW242,Koyra,27-SEP-17,9,270,-0.9977,-0.0677,294,286,163,159,12553.4,0.0,0.345,0.365,0.974,22.34185,89.30042,SYNTHETIC_SAVENIJE_PHYSICS,13739.7,156.2,382.0,0.0,709.0,0.0,1283.0,0.0
1186,Khulna,Koyra,Kobadak River,SW242,Koyra,04-OCT-17,10,277,-0.9986,0.0527,313,306,174,170,10543.2,8.9,0.304,0.318,0.998,22.34185,89.30042,SYNTHETIC_SAVENIJE_PHYSICS,12656.6,136.4,468.0,0.0,795.0,0.0,1965.0,1.0
1187,Khulna,Koyra,Kobadak River,SW242,Koyra,11-OCT-17,10,284,-0.9851,0.1722,349,340,194,189,8680.7,91.3,0.256,0.322,0.995,22.34185,89.30042,SYNTHETIC_SAVENIJE_PHYSICS,11385.2,147.0,556.0,0.0,884.0,0.0,2592.0,1.0
1188,Khulna,Koyra,Kobadak River,SW242,Koyra,18-OCT-17,10,291,-0.9572,0.2893,374,361,207,200,7097.7,0.0,0.227,0.264,0.967,22.34185,89.30042,SYNTHETIC_SAVENIJE_PHYSICS,14766.1,100.2,629.0,0.0,922.0,0.0,3029.0,2.0
1189,Khulna,Koyra,Kobadak River,SW242,Koyra,25-OCT-17,10,298,-0.9155,0.4022,382,372,212,206,5732.1,0.0,0.222,0.228,0.912,22.34185,89.30042,SYNTHETIC_SAVENIJE_PHYSICS,12553.4,100.2,709.0,0.0,1122.0,0.0,3322.0,2.0
1190,Khulna,Koyra,Kobadak River,SW242,Koyra,01-NOV-17,11,305,-0.8606,0.5093,468,451,260,250,4603.1,0.0,0.225,0.196,0.834,22.34185,89.30042,SYNTHETIC_SAVENIJE_PHYSICS,10543.2,91.3,795.0,0.0,1283.0,0.0,3447.0,2.0
1191,Khulna,Koyra,Kobadak River,SW242,Koyra,08-NOV-17,11,312,-0.7932,0.609,556,534,309,296,3698.3,0.0,0.124,0.152,0.733,22.34185,89.30042,SYNTHETIC_SAVENIJE_PHYSICS,8680.7,0.0,884.0,0.0,1965.0,1.0,4028.0,2.0
1192,Khulna,Koyra,Kobadak River,SW242,Koyra,15-NOV-17,11,319,-0.7143,0.6998,629,614,349,341,3050.0,0.0,0.132,0.155,0.614,22.34185,89.30042,SYNTHETIC_SAVENIJE_PHYSICS,7097.7,0.0,922.0,0.0,2592.0,1.0,3816.0,2.0
1193,Khulna,Koyra,Kobadak River,SW242,Koyra,22-NOV-17,11,326,-0.625,0.7806,709,693,394,385,2561.5,0.0,0.132,0.153,0.478,22.34185,89.30042,SYNTHETIC_SAVENIJE_PHYSICS,5732.1,0.0,1122.0,0.0,3029.0,2.0,3573.0,2.0
1194,Khulna,Koyra,Kobadak River,SW242,Koyra,29-NOV-17,11,333,-0.5268,0.85,795,763,442,424,2163.5,0.0,0.105,0.103,0.329,22.34185,89.30042,SYNTHETIC_SAVENIJE_PHYSICS,4603.1,0.0,1283.0,0.0,3322.0,2.0,3987.0,2.0
1195,Khulna,Koyra,Kobadak River,SW242,Koyra,06-DEC-17,12,340,-0.4208,0.9071,884,867,491,482,1849.8,0.0,0.128,0.137,0.171,22.34185,89.30042,SYNTHETIC_SAVENIJE_PHYSICS,3698.3,0.0,1965.0,1.0,3447.0,2.0,4483.0,2.0
1196,Khulna,Koyra,Kobadak River,SW242,Koyra,13-DEC-17,12,347,-0.3088,0.9511,922,894,512,497,1582.7,0.0,0.125,0.139,0.01,22.34185,89.30042,SYNTHETIC_SAVENIJE_PHYSICS,3050.0,0.0,2592.0,1.0,4028.0,2.0,4444.0,2.0
1197,Khulna,Koyra,Kobadak River,SW242,Koyra,20-DEC-17,12,354,-0.1923,0.9813,1122,1099,623,611,1416.5,0.0,0.126,0.147,0.153,22.34185,89.30042,SYNTHETIC_SAVENIJE_PHYSICS,2561.5,0.0,3029.0,2.0,3816.0,2.0,4960.0,2.0
1198,Khulna,Koyra,Kobadak River,SW242,Koyra,27-DEC-17,12,361,-0.073,0.9973,1283,1253,713,696,1331.4,0.0,0.107,0.168,0.311,22.34185,89.30042,SYNTHETIC_SAVENIJE_PHYSICS,2163.5,0.0,3322.0,2.0,3573.0,2.0,5485.0,2.0
1199,Khulna,Koyra,Kobadak River,SW242,Koyra,03-JAN-18,1,3,0.0516,0.9987,1965,1925,1092,1070,974.7,0.0,0.14,0.135,0.957,22.34185,89.30042,SYNTHETIC_SAVENIJE_PHYSICS,1849.8,0.0,3447.0,2.0,3987.0,2.0,5426.0,2.0
1200,Khulna,Koyra,Kobadak River,SW242,Koyra,10-JAN-18,1,10,0.1712,0.9852,2592,2535,1441,1409,846.1,0.0,0.079,0.112,0.897,22.34185,89.30042,SYNTHETIC_SAVENIJE_PHYSICS,1582.7,0.0,4028.0,2.0,4483.0,2.0,5180.0,2.0
1201,Khulna,Koyra,Kobadak River,SW242,Koyra,17-JAN-18,1,17,0.2883,0.9575,3029,2972,1684,1652,642.8,0.0,0.131,0.091,0.814,22.34185,89.30042,SYNTHETIC_SAVENIJE_PHYSICS,1416.5,0.0,3816.0,2.0,4444.0,2.0,5254.0,2.0
1202,Khulna,Koyra,Kobadak River,SW242,Koyra,24-JAN-18,1,24,0.4012,0.916,3322,3235,1847,1798,655.6,0.0,0.104,0.141,0.709,22.34185,89.30042,SYNTHETIC_SAVENIJE_PHYSICS,1331.4,0.0,3573.0,2.0,4960.0,2.0,4488.0,2.0
1203,Khulna,Koyra,Kobadak River,SW242,Koyra,31-JAN-18,1,31,0.5084,0.8611,3447,3326,1916,1849,614.7,0.0,0.115,0.11,0.586,22.34185,89.30042,SYNTHETIC_SAVENIJE_PHYSICS,974.7,0.0,3987.0,2.0,5485.0,2.0,3735.0,2.0
1204,Khulna,Koyra,Kobadak River,SW242,Koyra,07-FEB-18,2,38,0.6081,0.7938,4028,3901,2239,2168,454.2,0.0,0.08,0.143,0.446,22.34185,89.30042,SYNTHETIC_SAVENIJE_PHYSICS,846.1,0.0,4483.0,2.0,5426.0,2.0,3109.0,2.0
1205,Khulna,Koyra,Kobadak River,SW242,Koyra,14-FEB-18,2,45,0.6991,0.715,3816,3726,2121,2071,482.9,0.0,0.103,0.154,0.296,22.34185,89.30042,SYNTHETIC_SAVENIJE_PHYSICS,642.8,0.0,4444.0,2.0,5180.0,2.0,2554.0,1.0
1206,Khulna,Koyra,Kobadak River,SW242,Koyra,21-FEB-18,2,52,0.7799,0.6259,3573,3442,1986,1913,488.9,0.0,0.115,0.095,0.137,22.34185,89.30042,SYNTHETIC_SAVENIJE_PHYSICS,655.6,0.0,4960.0,2.0,5254.0,2.0,2010.0,1.0
1207,Khulna,Koyra,Kobadak River,SW242,Koyra,28-FEB-18,2,59,0.8495,0.5277,3987,3909,2216,2173,344.8,0.0,0.063,0.135,0.026,22.34185,89.30042,SYNTHETIC_SAVENIJE_PHYSICS,614.7,0.0,5485.0,2.0,4488.0,2.0,1518.0,1.0
1208,Khulna,Koyra,Kobadak River,SW242,Koyra,07-MAR-18,3,66,0.9067,0.4218,4483,4323,2492,2403,323.0,6.4,0.085,0.153,0.187,22.34185,89.30042,SYNTHETIC_SAVENIJE_PHYSICS,454.2,6.4,5426.0,2.0,3735.0,2.0,1140.0,0.0
1209,Khulna,Koyra,Kobadak River,SW242,Koyra,14-MAR-18,3,73,0.9508,0.3098,4444,4351,2470,2419,434.9,0.0,0.047,0.149,0.344,22.34185,89.30042,SYNTHETIC_SAVENIJE_PHYSICS,482.9,6.4,5180.0,2.0,3109.0,2.0,824.0,0.0
1210,Khulna,Koyra,Kobadak River,SW242,Koyra,21-MAR-18,3,80,0.9811,0.1934,4960,4814,2757,2676,358.3,0.0,0.085,0.085,0.492,22.34185,89.30042,SYNTHETIC_SAVENIJE_PHYSICS,488.9,6.4,5254.0,2.0,2554.0,1.0,612.0,0.0
1211,Khulna,Koyra,Kobadak River,SW242,Koyra,28-MAR-18,3,87,0.9972,0.0741,5485,5367,3049,2984,301.7,0.0,0.071,0.11,0.626,22.34185,89.30042,SYNTHETIC_SAVENIJE_PHYSICS,344.8,6.4,4488.0,2.0,2010.0,1.0,478.0,0.0
1212,Khulna,Koyra,Kobadak River,SW242,Koyra,04-APR-18,4,94,0.9989,-0.0462,5426,5323,3016,2959,379.0,0.0,0.081,0.099,0.744,22.34185,89.30042,SYNTHETIC_SAVENIJE_PHYSICS,323.0,0.0,3735.0,2.0,1518.0,1.0,410.0,0.0
1213,Khulna,Koyra,Kobadak River,SW242,Koyra,11-APR-18,4,101,0.9861,-0.1659,5180,5020,2880,2791,446.2,0.0,0.144,0.136,0.843,22.34185,89.30042,SYNTHETIC_SAVENIJE_PHYSICS,434.9,0.0,3109.0,2.0,1140.0,0.0,356.0,0.0
1214,Khulna,Koyra,Kobadak River,SW242,Koyra,18-APR-18,4,108,0.9591,-0.2831,5254,5124,2921,2848,499.9,0.0,0.121,0.134,0.919,22.34185,89.30042,SYNTHETIC_SAVENIJE_PHYSICS,358.3,0.0,2554.0,1.0,824.0,0.0,322.0,0.0
1215,Khulna,Koyra,Kobadak River,SW242,Koyra,25-APR-18,4,115,0.9181,-0.3963,4488,4330,2495,2407,714.8,0.0,0.061,0.074,0.971,22.34185,89.30042,SYNTHETIC_SAVENIJE_PHYSICS,301.7,0.0,2010.0,1.0,612.0,0.0,306.0,0.0
1216,Khulna,Koyra,Kobadak River,SW242,Koyra,02-MAY-18,5,122,0.8639,-0.5037,3735,3651,2076,2029,1021.7,0.0,0.105,0.126,0.997,22.34185,89.30042,SYNTHETIC_SAVENIJE_PHYSICS,379.0,0.0,1518.0,1.0,478.0,0.0,302.0,0.0
1217,Khulna,Koyra,Kobadak River,SW242,Koyra,09-MAY-18,5,129,0.7971,-0.6038,3109,3040,1728,1690,1281.6,0.0,0.113,0.151,0.997,22.34185,89.30042,SYNTHETIC_SAVENIJE_PHYSICS,446.2,0.0,1140.0,0.0,410.0,0.0,303.0,0.0
1218,Khulna,Koyra,Kobadak River,SW242,Koyra,16-MAY-18,5,136,0.7188,-0.6952,2554,2468,1420,1372,1491.3,0.0,0.093,0.14,0.97,22.34185,89.30042,SYNTHETIC_SAVENIJE_PHYSICS,499.9,0.0,824.0,0.0,356.0,0.0,289.0,0.0
1219,Khulna,Koyra,Kobadak River,SW242,Koyra,23-MAY-18,5,143,0.6301,-0.7765,2010,1930,1117,1073,2181.6,0.0,0.113,0.148,0.918,22.34185,89.30042,SYNTHETIC_SAVENIJE_PHYSICS,714.8,0.0,612.0,0.0,322.0,0.0,295.0,0.0
1220,Khulna,Koyra,Kobadak River,SW242,Koyra,30-MAY-18,5,150,0.5322,-0.8466,1518,1471,844,817,2925.6,0.0,0.125,0.147,0.841,22.34185,89.30042,SYNTHETIC_SAVENIJE_PHYSICS,1021.7,0.0,478.0,0.0,306.0,0.0,303.0,0.0
1221,Khulna,Koyra,Kobadak River,SW242,Koyra,06-JUN-18,6,157,0.4267,-0.9044,1140,1098,633,610,3911.0,74.0,0.148,0.181,0.743,22.34185,89.30042,SYNTHETIC_SAVENIJE_PHYSICS,1281.6,74.0,410.0,0.0,302.0,0.0,297.0,0.0
1222,Khulna,Koyra,Kobadak River,SW242,Koyra,13-JUN-18,6,164,0.3149,-0.9491,824,805,458,447,4997.8,0.0,0.168,0.215,0.624,22.34185,89.30042,SYNTHETIC_SAVENIJE_PHYSICS,1491.3,74.0,356.0,0.0,303.0,0.0,310.0,0.0
1223,Khulna,Koyra,Kobadak River,SW242,Koyra,20-JUN-18,6,171,0.1986,-0.9801,612,591,340,328,6203.1,0.0,0.208,0.23,0.49,22.34185,89.30042,SYNTHETIC_SAVENIJE_PHYSICS,2181.6,74.0,322.0,0.0,289.0,0.0,305.0,0.0
1224,Khulna,Koyra,Kobadak River,SW242,Koyra,27-JUN-18,6,178,0.0795,-0.9968,478,468,265,260,7614.8,0.0,0.226,0.258,0.342,22.34185,89.30042,SYNTHETIC_SAVENIJE_PHYSICS,2925.6,74.0,306.0,0.0,295.0,0.0,298.0,0.0
1225,Khulna,Koyra,Kobadak River,SW242,Koyra,04-JUL-18,7,185,-0.0408,-0.9992,410,402,227,223,9009.9,2.4,0.187,0.24,0.185,22.34185,89.30042,SYNTHETIC_SAVENIJE_PHYSICS,3911.0,2.4,302.0,0.0,303.0,0.0,315.0,0.0
1226,Khulna,Koyra,Kobadak River,SW242,Koyra,11-JUL-18,7,192,-0.1606,-0.987,356,348,197,193,10389.8,28.0,0.22,0.258,0.023,22.34185,89.30042,SYNTHETIC_SAVENIJE_PHYSICS,4997.8,30.4,303.0,0.0,297.0,0.0,329.0,0.0
1227,Khulna,Koyra,Kobadak River,SW242,Koyra,18-JUL-18,7,199,-0.278,-0.9606,322,313,179,174,11662.8,26.0,0.266,0.306,0.139,22.34185,89.30042,SYNTHETIC_SAVENIJE_PHYSICS,6203.1,56.4,289.0,0.0,310.0,0.0,356.0,0.0
1228,Khulna,Koyra,Kobadak River,SW242,Koyra,25-JUL-18,7,206,-0.3914,-0.9202,306,295,170,164,12753.7,0.0,0.3,0.289,0.298,22.34185,89.30042,SYNTHETIC_SAVENIJE_PHYSICS,7614.8,56.4,295.0,0.0,305.0,0.0,375.0,0.0
1229,Khulna,Koyra,Kobadak River,SW242,Koyra,01-AUG-18,8,213,-0.4991,-0.8666,302,295,167,164,13587.9,36.5,0.311,0.295,0.448,22.34185,89.30042,SYNTHETIC_SAVENIJE_PHYSICS,9009.9,90.5,303.0,0.0,298.0,0.0,428.0,0.0
1230,Khulna,Koyra,Kobadak River,SW242,Koyra,08-AUG-18,8,220,-0.5996,-0.8003,303,295,168,164,14013.9,50.1,0.364,0.349,0.587,22.34185,89.30042,SYNTHETIC_SAVENIJE_PHYSICS,10389.8,112.6,297.0,0.0,315.0,0.0,497.0,0.0
1231,Khulna,Koyra,Kobadak River,SW242,Koyra,15-AUG-18,8,227,-0.6914,-0.7225,289,283,160,157,14089.7,0.0,0.303,0.33,0.711,22.34185,89.30042,SYNTHETIC_SAVENIJE_PHYSICS,11662.8,86.6,310.0,0.0,329.0,0.0,570.0,0.0
1232,Khulna,Koyra,Kobadak River,SW242,Koyra,22-AUG-18,8,234,-0.7731,-0.6342,295,285,164,158,13754.4,4.1,0.319,0.336,0.815,22.34185,89.30042,SYNTHETIC_SAVENIJE_PHYSICS,12753.7,90.7,305.0,0.0,356.0,0.0,622.0,0.0
1233,Khulna,Koyra,Kobadak River,SW242,Koyra,29-AUG-18,8,241,-0.8437,-0.5368,303,291,168,161,13086.1,14.3,0.287,0.282,0.898,22.34185,89.30042,SYNTHETIC_SAVENIJE_PHYSICS,13587.9,68.5,298.0,0.0,375.0,0.0,690.0,0.0
1234,Khulna,Koyra,Kobadak River,SW242,Koyra,05-SEP-18,9,248,-0.9021,-0.4315,297,291,165,161,12176.3,21.1,0.277,0.318,0.958,22.34185,89.30042,SYNTHETIC_SAVENIJE_PHYSICS,14013.9,39.5,315.0,0.0,428.0,0.0,883.0,0.0
1235,Khulna,Koyra,Kobadak River,SW242,Koyra,12-SEP-18,9,255,-0.9474,-0.32,310,303,172,168,10964.5,85.7,0.282,0.325,0.992,22.34185,89.30042,SYNTHETIC_SAVENIJE_PHYSICS,14089.7,125.2,329.0,0.0,497.0,0.0,1073.0,0.0
1236,Khulna,Koyra,Kobadak River,SW242,Koyra,19-SEP-18,9,262,-0.979,-0.2039,305,294,169,163,14380.2,0.0,0.379,0.343,0.999,22.34185,89.30042,SYNTHETIC_SAVENIJE_PHYSICS,13754.4,121.1,356.0,0.0,570.0,0.0,1344.0,0.0
1237,Khulna,Koyra,Kobadak River,SW242,Koyra,26-SEP-18,9,269,-0.9964,-0.0848,298,290,165,161,12278.3,0.0,0.271,0.298,0.981,22.34185,89.30042,SYNTHETIC_SAVENIJE_PHYSICS,13086.1,106.8,375.0,0.0,622.0,0.0,1599.0,1.0
1238,Khulna,Koyra,Kobadak River,SW242,Koyra,03-OCT-18,10,276,-0.9994,0.0355,315,302,175,167,10346.1,21.4,0.313,0.316,0.936,22.34185,89.30042,SYNTHETIC_SAVENIJE_PHYSICS,12176.3,107.1,428.0,0.0,690.0,0.0,2139.0,1.0
1239,Khulna,Koyra,Kobadak River,SW242,Koyra,10-OCT-18,10,283,-0.9879,0.1553,329,319,182,177,8522.8,54.8,0.239,0.235,0.867,22.34185,89.30042,SYNTHETIC_SAVENIJE_PHYSICS,10964.5,76.2,497.0,0.0,883.0,0.0,2761.0,1.0
1240,Khulna,Koyra,Kobadak River,SW242,Koyra,17-OCT-18,10,290,-0.9621,0.2728,356,344,197,191,6908.0,0.0,0.227,0.284,0.775,22.34185,89.30042,SYNTHETIC_SAVENIJE_PHYSICS,14380.2,76.2,570.0,0.0,1073.0,0.0,3196.0,2.0
1241,Khulna,Koyra,Kobadak River,SW242,Koyra,24-OCT-18,10,297,-0.9223,0.3864,375,363,208,201,5575.3,39.4,0.247,0.231,0.662,22.34185,89.30042,SYNTHETIC_SAVENIJE_PHYSICS,12278.3,115.6,622.0,0.0,1344.0,0.0,3186.0,2.0
1242,Khulna,Koyra,Kobadak River,SW242,Koyra,31-OCT-18,10,304,-0.8692,0.4944,428,413,237,229,4461.1,0.0,0.21,0.254,0.532,22.34185,89.30042,SYNTHETIC_SAVENIJE_PHYSICS,10346.1,94.2,690.0,0.0,1599.0,1.0,3311.0,2.0
1243,Khulna,Koyra,Kobadak River,SW242,Koyra,07-NOV-18,11,311,-0.8035,0.5952,497,480,276,266,3545.5,0.0,0.135,0.177,0.387,22.34185,89.30042,SYNTHETIC_SAVENIJE_PHYSICS,8522.8,39.4,883.0,0.0,2139.0,1.0,3539.0,2.0
1244,Khulna,Koyra,Kobadak River,SW242,Koyra,14-NOV-18,11,318,-0.7262,0.6875,570,552,316,306,2864.7,0.0,0.153,0.205,0.233,22.34185,89.30042,SYNTHETIC_SAVENIJE_PHYSICS,6908.0,39.4,1073.0,0.0,2761.0,1.0,3767.0,2.0
1245,Khulna,Koyra,Kobadak River,SW242,Koyra,21-NOV-18,11,325,-0.6384,0.7697,622,600,345,333,2397.5,0.0,0.149,0.133,0.072,22.34185,89.30042,SYNTHETIC_SAVENIJE_PHYSICS,5575.3,0.0,1344.0,0.0,3196.0,2.0,4171.0,2.0
1246,Khulna,Koyra,Kobadak River,SW242,Koyra,28-NOV-18,11,332,-0.5413,0.8408,690,669,383,371,2017.7,0.0,0.089,0.144,0.09,22.34185,89.30042,SYNTHETIC_SAVENIJE_PHYSICS,4461.1,0.0,1599.0,1.0,3186.0,2.0,4844.0,2.0
1247,Khulna,Koyra,Kobadak River,SW242,Koyra,05-DEC-18,12,339,-0.4364,0.8998,883,858,490,477,1747.5,0.0,0.146,0.156,0.251,22.34185,89.30042,SYNTHETIC_SAVENIJE_PHYSICS,3545.5,0.0,2139.0,1.0,3311.0,2.0,5315.0,2.0
1248,Khulna,Koyra,Kobadak River,SW242,Koyra,12-DEC-18,12,346,-0.3251,0.9457,1073,1046,596,581,1575.8,0.0,0.109,0.152,0.404,22.34185,89.30042,SYNTHETIC_SAVENIJE_PHYSICS,2864.7,0.0,2761.0,1.0,3539.0,2.0,5824.0,2.0
1249,Khulna,Koyra,Kobadak River,SW242,Koyra,19-DEC-18,12,353,-0.2092,0.9779,1344,1310,747,728,1407.0,0.0,0.09,0.158,0.547,22.34185,89.30042,SYNTHETIC_SAVENIJE_PHYSICS,2397.5,0.0,3196.0,2.0,3767.0,2.0,6452.0,2.0
1250,Khulna,Koyra,Kobadak River,SW242,Koyra,26-DEC-18,12,360,-0.0902,0.9959,1599,1543,889,857,1264.0,0.0,0.079,0.125,0.675,22.34185,89.30042,SYNTHETIC_SAVENIJE_PHYSICS,2017.7,0.0,3186.0,2.0,4171.0,2.0,6795.0,2.0
1251,Khulna,Koyra,Kobadak River,SW242,Koyra,02-JAN-19,1,2,0.0344,0.9994,2139,2055,1189,1142,860.0,0.0,0.087,0.132,0.752,22.34185,89.30042,SYNTHETIC_SAVENIJE_PHYSICS,1747.5,0.0,3311.0,2.0,4844.0,2.0,6384.0,2.0
1252,Khulna,Koyra,Kobadak River,SW242,Koyra,09-JAN-19,1,9,0.1542,0.988,2761,2701,1535,1501,665.2,0.0,0.05,0.153,0.635,22.34185,89.30042,SYNTHETIC_SAVENIJE_PHYSICS,1575.8,0.0,3539.0,2.0,5315.0,2.0,6048.0,2.0
1253,Khulna,Koyra,Kobadak River,SW242,Koyra,16-JAN-19,1,16,0.2718,0.9624,3196,3129,1776,1739,592.7,0.0,0.08,0.113,0.502,22.34185,89.30042,SYNTHETIC_SAVENIJE_PHYSICS,1407.0,0.0,3767.0,2.0,5824.0,2.0,5758.0,2.0
1254,Khulna,Koyra,Kobadak River,SW242,Koyra,23-JAN-19,1,23,0.3854,0.9227,3186,3127,1771,1738,635.2,0.0,0.083,0.139,0.355,22.34185,89.30042,SYNTHETIC_SAVENIJE_PHYSICS,1264.0,0.0,4171.0,2.0,6452.0,2.0,5234.0,2.0
1255,Khulna,Koyra,Kobadak River,SW242,Koyra,30-JAN-19,1,30,0.4935,0.8698,3311,3248,1840,1805,531.0,0.0,0.066,0.122,0.199,22.34185,89.30042,SYNTHETIC_SAVENIJE_PHYSICS,860.0,0.0,4844.0,2.0,6795.0,2.0,4340.0,2.0
1256,Khulna,Koyra,Kobadak River,SW242,Koyra,06-FEB-19,2,37,0.5944,0.8042,3539,3446,1967,1915,419.5,0.0,0.101,0.129,0.037,22.34185,89.30042,SYNTHETIC_SAVENIJE_PHYSICS,665.2,0.0,5315.0,2.0,6384.0,2.0,3690.0,2.0
1257,Khulna,Koyra,Kobadak River,SW242,Koyra,13-FEB-19,2,44,0.6867,0.727,3767,3690,2094,2051,417.9,0.0,0.081,0.127,0.125,22.34185,89.30042,SYNTHETIC_SAVENIJE_PHYSICS,592.7,0.0,5824.0,2.0,6048.0,2.0,2860.0,1.0
1258,Khulna,Koyra,Kobadak River,SW242,Koyra,20-FEB-19,2,51,0.769,0.6392,4171,4045,2319,2249,378.7,0.0,0.072,0.109,0.284,22.34185,89.30042,SYNTHETIC_SAVENIJE_PHYSICS,635.2,0.0,6452.0,2.0,5758.0,2.0,2199.0,1.0
1259,Khulna,Koyra,Kobadak River,SW242,Koyra,27-FEB-19,2,58,0.8402,0.5422,4844,4734,2693,2632,292.6,0.0,0.077,0.118,0.436,22.34185,89.30042,SYNTHETIC_SAVENIJE_PHYSICS,531.0,0.0,6795.0,2.0,5234.0,2.0,1695.0,1.0
1260,Khulna,Koyra,Kobadak River,SW242,Koyra,06-MAR-19,3,65,0.8993,0.4373,5315,5214,2955,2898,312.6,0.0,0.091,0.127,0.576,22.34185,89.30042,SYNTHETIC_SAVENIJE_PHYSICS,419.5,0.0,6384.0,2.0,4340.0,2.0,1229.0,0.0
1261,Khulna,Koyra,Kobadak River,SW242,Koyra,13-MAR-19,3,72,0.9453,0.3261,5824,5693,3238,3165,318.3,0.0,0.086,0.122,0.701,22.34185,89.30042,SYNTHETIC_SAVENIJE_PHYSICS,417.9,0.0,6048.0,2.0,3690.0,2.0,864.0,0.0
1262,Khulna,Koyra,Kobadak River,SW242,Koyra,20-MAR-19,3,79,0.9777,0.2102,6452,6252,3587,3476,230.5,0.0,0.069,0.154,0.807,22.34185,89.30042,SYNTHETIC_SAVENIJE_PHYSICS,378.7,0.0,5758.0,2.0,2860.0,1.0,677.0,0.0
1263,Khulna,Koyra,Kobadak River,SW242,Koyra,27-MAR-19,3,86,0.9958,0.0913,6795,6579,3778,3657,254.7,0.0,0.086,0.143,0.892,22.34185,89.30042,SYNTHETIC_SAVENIJE_PHYSICS,292.6,0.0,5234.0,2.0,2199.0,1.0,523.0,0.0
1264,Khulna,Koyra,Kobadak River,SW242,Koyra,03-APR-19,4,93,0.9996,-0.029,6384,6169,3549,3429,383.3,0.0,0.084,0.13,0.954,22.34185,89.30042,SYNTHETIC_SAVENIJE_PHYSICS,312.6,0.0,4340.0,2.0,1695.0,1.0,426.0,0.0
1265,Khulna,Koyra,Kobadak River,SW242,Koyra,10-APR-19,4,100,0.9889,-0.1489,6048,5854,3362,3254,406.1,0.0,0.063,0.109,0.99,22.34185,89.30042,SYNTHETIC_SAVENIJE_PHYSICS,318.3,0.0,3690.0,2.0,1229.0,0.0,389.0,0.0
1266,Khulna,Koyra,Kobadak River,SW242,Koyra,17-APR-19,4,107,0.9638,-0.2666,5758,5631,3201,3130,435.1,0.0,0.08,0.109,1.0,22.34185,89.30042,SYNTHETIC_SAVENIJE_PHYSICS,230.5,0.0,2860.0,1.0,864.0,0.0,342.0,0.0
1267,Khulna,Koyra,Kobadak River,SW242,Koyra,24-APR-19,4,114,0.9248,-0.3804,5234,5105,2910,2838,582.9,0.0,0.099,0.166,0.983,22.34185,89.30042,SYNTHETIC_SAVENIJE_PHYSICS,254.7,0.0,2199.0,1.0,677.0,0.0,341.0,0.0
1268,Khulna,Koyra,Kobadak River,SW242,Koyra,01-MAY-19,5,121,0.8724,-0.4888,4340,4190,2413,2329,828.3,0.0,0.102,0.109,0.941,22.34185,89.30042,SYNTHETIC_SAVENIJE_PHYSICS,383.3,0.0,1695.0,1.0,523.0,0.0,323.0,0.0
1269,Khulna,Koyra,Kobadak River,SW242,Koyra,08-MAY-19,5,128,0.8074,-0.59,3690,3600,2051,2001,966.6,2.5,0.09,0.135,0.874,22.34185,89.30042,SYNTHETIC_SAVENIJE_PHYSICS,406.1,2.5,1229.0,0.0,426.0,0.0,304.0,0.0
1270,Khulna,Koyra,Kobadak River,SW242,Koyra,15-MAY-19,5,135,0.7306,-0.6828,2860,2769,1590,1539,1403.7,0.0,0.114,0.145,0.783,22.34185,89.30042,SYNTHETIC_SAVENIJE_PHYSICS,435.1,2.5,864.0,0.0,389.0,0.0,317.0,0.0
1271,Khulna,Koyra,Kobadak River,SW242,Koyra,22-MAY-19,5,142,0.6433,-0.7656,2199,2138,1222,1188,1905.9,0.0,0.087,0.137,0.672,22.34185,89.30042,SYNTHETIC_SAVENIJE_PHYSICS,582.9,2.5,677.0,0.0,342.0,0.0,314.0,0.0
1272,Khulna,Koyra,Kobadak River,SW242,Koyra,29-MAY-19,5,149,0.5467,-0.8373,1695,1641,942,912,2206.0,0.0,0.092,0.127,0.543,22.34185,89.30042,SYNTHETIC_SAVENIJE_PHYSICS,828.3,2.5,523.0,0.0,341.0,0.0,316.0,0.0
1273,Khulna,Koyra,Kobadak River,SW242,Koyra,05-JUN-19,6,156,0.4422,-0.8969,1229,1193,683,663,2952.3,31.5,0.132,0.155,0.4,22.34185,89.30042,SYNTHETIC_SAVENIJE_PHYSICS,966.6,31.5,426.0,0.0,323.0,0.0,321.0,0.0
1274,Khulna,Koyra,Kobadak River,SW242,Koyra,12-JUN-19,6,163,0.3312,-0.9436,864,843,480,468,3860.0,14.5,0.188,0.177,0.246,22.34185,89.30042,SYNTHETIC_SAVENIJE_PHYSICS,1403.7,46.0,389.0,0.0,304.0,0.0,333.0,0.0
1275,Khulna,Koyra,Kobadak River,SW242,Koyra,19-JUN-19,6,170,0.2155,-0.9765,677,660,376,366,4807.8,0.0,0.174,0.185,0.086,22.34185,89.30042,SYNTHETIC_SAVENIJE_PHYSICS,1905.9,46.0,342.0,0.0,317.0,0.0,319.0,0.0
1276,Khulna,Koyra,Kobadak River,SW242,Koyra,26-JUN-19,6,177,0.0966,-0.9953,523,510,290,283,5918.3,5.9,0.183,0.242,0.077,22.34185,89.30042,SYNTHETIC_SAVENIJE_PHYSICS,2206.0,51.9,341.0,0.0,314.0,0.0,309.0,0.0
1277,Khulna,Koyra,Kobadak River,SW242,Koyra,03-JUL-19,7,184,-0.0237,-0.9997,426,412,236,229,7098.6,0.0,0.217,0.213,0.237,22.34185,89.30042,SYNTHETIC_SAVENIJE_PHYSICS,2952.3,20.4,323.0,0.0,316.0,0.0,335.0,0.0
1278,Khulna,Koyra,Kobadak River,SW242,Koyra,10-JUL-19,7,191,-0.1436,-0.9896,389,379,216,210,8184.6,0.0,0.187,0.208,0.391,22.34185,89.30042,SYNTHETIC_SAVENIJE_PHYSICS,3860.0,5.9,304.0,0.0,321.0,0.0,337.0,0.0
1279,Khulna,Koyra,Kobadak River,SW242,Koyra,17-JUL-19,7,198,-0.2614,-0.9652,342,330,190,183,9256.5,91.4,0.304,0.279,0.535,22.34185,89.30042,SYNTHETIC_SAVENIJE_PHYSICS,4807.8,97.3,317.0,0.0,333.0,0.0,352.0,0.0
1280,Khulna,Koyra,Kobadak River,SW242,Koyra,24-JUL-19,7,205,-0.3755,-0.9268,341,330,189,183,10126.7,54.0,0.288,0.324,0.665,22.34185,89.30042,SYNTHETIC_SAVENIJE_PHYSICS,5918.3,145.4,314.0,0.0,319.0,0.0,373.0,0.0
1281,Khulna,Koyra,Kobadak River,SW242,Koyra,31-JUL-19,7,212,-0.4841,-0.875,323,314,179,174,10867.5,45.1,0.314,0.335,0.777,22.34185,89.30042,SYNTHETIC_SAVENIJE_PHYSICS,7098.6,190.5,316.0,0.0,309.0,0.0,420.0,0.0
1282,Khulna,Koyra,Kobadak River,SW242,Koyra,07-AUG-19,8,219,-0.5857,-0.8105,304,296,169,164,11299.5,51.4,0.366,0.391,0.869,22.34185,89.30042,SYNTHETIC_SAVENIJE_PHYSICS,8184.6,241.9,321.0,0.0,335.0,0.0,446.0,0.0
1283,Khulna,Koyra,Kobadak River,SW242,Koyra,14-AUG-19,8,226,-0.6788,-0.7343,317,310,176,172,11394.5,60.9,0.348,0.333,0.938,22.34185,89.30042,SYNTHETIC_SAVENIJE_PHYSICS,9256.5,211.4,333.0,0.0,337.0,0.0,561.0,0.0
1284,Khulna,Koyra,Kobadak River,SW242,Koyra,21-AUG-19,8,233,-0.7621,-0.6474,314,303,174,168,11223.5,35.8,0.324,0.371,0.982,22.34185,89.30042,SYNTHETIC_SAVENIJE_PHYSICS,10126.7,193.2,319.0,0.0,352.0,0.0,713.0,0.0
1285,Khulna,Koyra,Kobadak River,SW242,Koyra,28-AUG-19,8,240,-0.8344,-0.5512,316,309,175,171,10685.8,38.5,0.381,0.338,1.0,22.34185,89.30042,SYNTHETIC_SAVENIJE_PHYSICS,10867.5,186.6,309.0,0.0,373.0,0.0,944.0,0.0
1286,Khulna,Koyra,Kobadak River,SW242,Koyra,04-SEP-19,9,247,-0.8945,-0.447,321,310,178,172,9966.5,142.7,0.378,0.374,0.991,22.34185,89.30042,SYNTHETIC_SAVENIJE_PHYSICS,11299.5,277.9,335.0,0.0,420.0,0.0,1198.0,0.0
1287,Khulna,Koyra,Kobadak River,SW242,Koyra,11-SEP-19,9,254,-0.9418,-0.3363,333,323,185,179,9038.3,83.1,0.381,0.362,0.956,22.34185,89.30042,SYNTHETIC_SAVENIJE_PHYSICS,11394.5,300.1,337.0,0.0,446.0,0.0,1522.0,1.0
1288,Khulna,Koyra,Kobadak River,SW242,Koyra,18-SEP-19,9,261,-0.9753,-0.2207,319,312,177,173,11860.2,57.5,0.391,0.375,0.896,22.34185,89.30042,SYNTHETIC_SAVENIJE_PHYSICS,11223.5,321.8,352.0,0.0,561.0,0.0,1849.0,1.0
1289,Khulna,Koyra,Kobadak River,SW242,Koyra,25-SEP-19,9,268,-0.9948,-0.102,309,301,171,167,10139.4,21.0,0.378,0.357,0.813,22.34185,89.30042,SYNTHETIC_SAVENIJE_PHYSICS,10685.8,304.3,373.0,0.0,713.0,0.0,2182.0,1.0
1290,Khulna,Koyra,Kobadak River,SW242,Koyra,02-OCT-19,10,275,-0.9998,0.0183,335,327,186,181,8526.1,0.0,0.307,0.285,0.708,22.34185,89.30042,SYNTHETIC_SAVENIJE_PHYSICS,9966.5,161.6,420.0,0.0,944.0,0.0,1942.0,1.0
1291,Khulna,Koyra,Kobadak River,SW242,Koyra,09-OCT-19,10,282,-0.9904,0.1383,337,329,187,182,7121.1,0.0,0.186,0.254,0.584,22.34185,89.30042,SYNTHETIC_SAVENIJE_PHYSICS,9038.3,78.5,446.0,0.0,1198.0,0.0,1996.0,1.0
1292,Khulna,Koyra,Kobadak River,SW242,Koyra,16-OCT-19,10,289,-0.9666,0.2562,352,340,195,189,5804.5,0.0,0.147,0.179,0.445,22.34185,89.30042,SYNTHETIC_SAVENIJE_PHYSICS,11860.2,21.0,561.0,0.0,1522.0,1.0,2019.0,1.0
1293,Khulna,Koyra,Kobadak River,SW242,Koyra,23-OCT-19,10,296,-0.9288,0.3705,373,366,207,203,4700.1,0.0,0.138,0.144,0.293,22.34185,89.30042,SYNTHETIC_SAVENIJE_PHYSICS,10139.4,0.0,713.0,0.0,1849.0,1.0,1900.0,1.0
1294,Khulna,Koyra,Kobadak River,SW242,Koyra,30-OCT-19,10,303,-0.8776,0.4794,420,411,233,228,3816.3,0.0,0.158,0.146,0.135,22.34185,89.30042,SYNTHETIC_SAVENIJE_PHYSICS,8526.1,0.0,944.0,0.0,2182.0,1.0,2329.0,1.0
1295,Khulna,Koyra,Kobadak River,SW242,Koyra,06-NOV-19,11,310,-0.8137,0.5813,446,432,247,240,3086.6,0.0,0.114,0.148,0.028,22.34185,89.30042,SYNTHETIC_SAVENIJE_PHYSICS,7121.1,0.0,1198.0,0.0,1942.0,1.0,2843.0,1.0
1296,Khulna,Koyra,Kobadak River,SW242,Koyra,13-NOV-19,11,317,-0.7379,0.6749,561,539,311,299,2553.2,0.0,0.122,0.143,0.189,22.34185,89.30042,SYNTHETIC_SAVENIJE_PHYSICS,5804.5,0.0,1522.0,1.0,1996.0,1.0,3053.0,2.0
1297,Khulna,Koyra,Kobadak River,SW242,Koyra,20-NOV-19,11,324,-0.6515,0.7586,713,689,396,383,2136.7,0.0,0.109,0.142,0.346,22.34185,89.30042,SYNTHETIC_SAVENIJE_PHYSICS,4700.1,0.0,1849.0,1.0,2019.0,1.0,3697.0,2.0
1298,Khulna,Koyra,Kobadak River,SW242,Koyra,27-NOV-19,11,331,-0.5557,0.8314,944,923,524,513,1776.4,0.0,0.13,0.161,0.493,22.34185,89.30042,SYNTHETIC_SAVENIJE_PHYSICS,3816.3,0.0,2182.0,1.0,1900.0,1.0,4252.0,2.0
1299,Khulna,Koyra,Kobadak River,SW242,Koyra,04-DEC-19,12,338,-0.4518,0.8921,1198,1175,666,653,1550.2,0.0,0.069,0.163,0.628,22.34185,89.30042,SYNTHETIC_SAVENIJE_PHYSICS,3086.6,0.0,1942.0,1.0,2329.0,1.0,4529.0,2.0
1300,Khulna,Koyra,Kobadak River,SW242,Koyra,11-DEC-19,12,345,-0.3413,0.9399,1522,1488,846,827,1341.9,0.0,0.113,0.176,0.746,22.34185,89.30042,SYNTHETIC_SAVENIJE_PHYSICS,2553.2,0.0,1996.0,1.0,2843.0,1.0,5043.0,2.0
1301,Khulna,Koyra,Kobadak River,SW242,Koyra,18-DEC-19,12,352,-0.226,0.9741,1849,1791,1028,995,1223.8,0.0,0.092,0.102,0.844,22.34185,89.30042,SYNTHETIC_SAVENIJE_PHYSICS,2136.7,0.0,2019.0,1.0,3053.0,2.0,5433.0,2.0
1302,Khulna,Koyra,Kobadak River,SW242,Koyra,25-DEC-19,12,359,-0.1073,0.9942,2182,2097,1213,1165,1094.4,0.0,0.113,0.116,0.92,22.34185,89.30042,SYNTHETIC_SAVENIJE_PHYSICS,1776.4,0.0,1900.0,1.0,3697.0,2.0,5009.0,2.0
1303,Khulna,Koyra,Kobadak River,SW242,Koyra,01-JAN-20,1,1,0.0172,0.9999,1942,1886,1079,1048,1260.8,0.0,0.08,0.149,0.413,22.34185,89.30042,SYNTHETIC_SAVENIJE_PHYSICS,1550.2,0.0,2329.0,1.0,4252.0,2.0,4885.0,2.0
1304,Khulna,Koyra,Kobadak River,SW242,Koyra,08-JAN-20,1,8,0.1372,0.9905,1996,1932,1109,1074,977.6,4.5,0.096,0.125,0.26,22.34185,89.30042,SYNTHETIC_SAVENIJE_PHYSICS,1341.9,4.5,2843.0,1.0,4529.0,2.0,5131.0,2.0
1305,Khulna,Koyra,Kobadak River,SW242,Koyra,15-JAN-20,1,15,0.2552,0.9669,2019,1943,1122,1080,919.6,6.3,0.096,0.153,0.1,22.34185,89.30042,SYNTHETIC_SAVENIJE_PHYSICS,1223.8,10.8,3053.0,2.0,5043.0,2.0,4811.0,2.0
1306,Khulna,Koyra,Kobadak River,SW242,Koyra,22-JAN-20,1,22,0.3695,0.9292,1900,1828,1056,1016,908.3,0.0,0.078,0.14,0.063,22.34185,89.30042,SYNTHETIC_SAVENIJE_PHYSICS,1094.4,10.8,3697.0,2.0,5433.0,2.0,4046.0,2.0
1307,Khulna,Koyra,Kobadak River,SW242,Koyra,29-JAN-20,1,29,0.4784,0.8781,2329,2243,1294,1247,685.1,0.0,0.07,0.165,0.224,22.34185,89.30042,SYNTHETIC_SAVENIJE_PHYSICS,1260.8,10.8,4252.0,2.0,5009.0,2.0,3447.0,2.0
1308,Khulna,Koyra,Kobadak River,SW242,Koyra,05-FEB-20,2,36,0.5805,0.8143,2843,2742,1580,1524,552.5,0.0,0.079,0.15,0.379,22.34185,89.30042,SYNTHETIC_SAVENIJE_PHYSICS,977.6,6.3,4529.0,2.0,4885.0,2.0,2786.0,1.0
1309,Khulna,Koyra,Kobadak River,SW242,Koyra,12-FEB-20,2,43,0.6741,0.7387,3053,2981,1697,1657,648.1,0.0,0.091,0.149,0.524,22.34185,89.30042,SYNTHETIC_SAVENIJE_PHYSICS,919.6,0.0,5043.0,2.0,5131.0,2.0,2060.0,1.0
1310,Khulna,Koyra,Kobadak River,SW242,Koyra,19-FEB-20,2,50,0.7579,0.6523,3697,3580,2055,1990,501.8,0.0,0.072,0.118,0.655,22.34185,89.30042,SYNTHETIC_SAVENIJE_PHYSICS,908.3,0.0,5433.0,2.0,4811.0,2.0,1595.0,1.0
1311,Khulna,Koyra,Kobadak River,SW242,Koyra,26-FEB-20,2,57,0.8308,0.5566,4252,4122,2364,2291,431.2,0.0,0.079,0.123,0.769,22.34185,89.30042,SYNTHETIC_SAVENIJE_PHYSICS,685.1,0.0,5009.0,2.0,4046.0,2.0,1128.0,0.0
1312,Khulna,Koyra,Kobadak River,SW242,Koyra,04-MAR-20,3,64,0.8916,0.4527,4529,4407,2518,2450,454.3,0.0,0.048,0.119,0.862,22.34185,89.30042,SYNTHETIC_SAVENIJE_PHYSICS,552.5,0.0,4885.0,2.0,3447.0,2.0,860.0,0.0
1313,Khulna,Koyra,Kobadak River,SW242,Koyra,11-MAR-20,3,71,0.9396,0.3424,5043,4947,2803,2750,446.9,0.0,0.079,0.095,0.933,22.34185,89.30042,SYNTHETIC_SAVENIJE_PHYSICS,648.1,0.0,5131.0,2.0,2786.0,1.0,642.0,0.0
1314,Khulna,Koyra,Kobadak River,SW242,Koyra,18-MAR-20,3,78,0.9739,0.227,5433,5306,3020,2950,384.7,0.0,0.106,0.154,0.979,22.34185,89.30042,SYNTHETIC_SAVENIJE_PHYSICS,501.8,0.0,4811.0,2.0,2060.0,1.0,503.0,0.0
1315,Khulna,Koyra,Kobadak River,SW242,Koyra,25-MAR-20,3,85,0.9941,0.1084,5009,4879,2785,2712,490.4,0.0,0.101,0.141,0.999,22.34185,89.30042,SYNTHETIC_SAVENIJE_PHYSICS,431.2,0.0,4046.0,2.0,1595.0,1.0,439.0,0.0
1316,Khulna,Koyra,Kobadak River,SW242,Koyra,01-APR-20,4,92,0.9999,-0.0118,4885,4769,2716,2651,525.7,0.0,0.085,0.119,0.993,22.34185,89.30042,SYNTHETIC_SAVENIJE_PHYSICS,454.3,0.0,3447.0,2.0,1128.0,0.0,398.0,0.0
1317,Khulna,Koyra,Kobadak River,SW242,Koyra,08-APR-20,4,99,0.9913,-0.1319,5131,5006,2852,2783,472.0,0.0,0.091,0.152,0.96,22.34185,89.30042,SYNTHETIC_SAVENIJE_PHYSICS,446.9,0.0,2786.0,1.0,860.0,0.0,348.0,0.0
1318,Khulna,Koyra,Kobadak River,SW242,Koyra,15-APR-20,4,106,0.9683,-0.25,4811,4691,2674,2608,544.5,0.0,0.071,0.114,0.903,22.34185,89.30042,SYNTHETIC_SAVENIJE_PHYSICS,384.7,0.0,2060.0,1.0,642.0,0.0,333.0,0.0
1319,Khulna,Koyra,Kobadak River,SW242,Koyra,22-APR-20,4,113,0.9312,-0.3645,4046,3928,2249,2183,964.0,0.0,0.125,0.094,0.821,22.34185,89.30042,SYNTHETIC_SAVENIJE_PHYSICS,490.4,0.0,1595.0,1.0,503.0,0.0,313.0,0.0
1320,Khulna,Koyra,Kobadak River,SW242,Koyra,29-APR-20,4,120,0.8807,-0.4737,3447,3352,1916,1863,924.4,0.0,0.134,0.151,0.717,22.34185,89.30042,SYNTHETIC_SAVENIJE_PHYSICS,525.7,0.0,1128.0,0.0,439.0,0.0,308.0,0.0
1321,Khulna,Koyra,Kobadak River,SW242,Koyra,06-MAY-20,5,127,0.8174,-0.5761,2786,2702,1549,1502,1227.5,0.0,0.1,0.109,0.595,22.34185,89.30042,SYNTHETIC_SAVENIJE_PHYSICS,472.0,0.0,860.0,0.0,398.0,0.0,293.0,0.0
1322,Khulna,Koyra,Kobadak River,SW242,Koyra,13-MAY-20,5,134,0.7423,-0.6701,2060,1995,1145,1109,1735.3,0.0,0.155,0.136,0.457,22.34185,89.30042,SYNTHETIC_SAVENIJE_PHYSICS,544.5,0.0,642.0,0.0,348.0,0.0,299.0,0.0
1323,Khulna,Koyra,Kobadak River,SW242,Koyra,20-MAY-20,5,141,0.6564,-0.7544,1595,1540,886,856,2116.9,0.0,0.095,0.149,0.307,22.34185,89.30042,SYNTHETIC_SAVENIJE_PHYSICS,964.0,0.0,503.0,0.0,333.0,0.0,297.0,0.0
1324,Khulna,Koyra,Kobadak River,SW242,Koyra,27-MAY-20,5,148,0.561,-0.8278,1128,1091,627,606,2752.2,0.0,0.092,0.16,0.148,22.34185,89.30042,SYNTHETIC_SAVENIJE_PHYSICS,924.4,0.0,439.0,0.0,313.0,0.0,307.0,0.0
1325,Khulna,Koyra,Kobadak River,SW242,Koyra,03-JUN-20,6,155,0.4575,-0.8892,860,833,478,463,3757.4,0.0,0.116,0.181,0.014,22.34185,89.30042,SYNTHETIC_SAVENIJE_PHYSICS,1227.5,0.0,398.0,0.0,308.0,0.0,286.0,0.0
1326,Khulna,Koyra,Kobadak River,SW242,Koyra,10-JUN-20,6,162,0.3474,-0.9377,642,624,356,346,4938.3,0.0,0.141,0.189,0.176,22.34185,89.30042,SYNTHETIC_SAVENIJE_PHYSICS,1735.3,0.0,348.0,0.0,293.0,0.0,296.0,0.0
1327,Khulna,Koyra,Kobadak River,SW242,Koyra,17-JUN-20,6,169,0.2322,-0.9727,503,488,279,271,6232.0,17.9,0.22,0.213,0.333,22.34185,89.30042,SYNTHETIC_SAVENIJE_PHYSICS,2116.9,17.9,333.0,0.0,299.0,0.0,308.0,0.0
1328,Khulna,Koyra,Kobadak River,SW242,Koyra,24-JUN-20,6,176,0.1137,-0.9935,439,422,244,234,7748.3,27.8,0.204,0.217,0.481,22.34185,89.30042,SYNTHETIC_SAVENIJE_PHYSICS,2752.2,45.7,313.0,0.0,297.0,0.0,294.0,0.0
1329,Khulna,Koyra,Kobadak River,SW242,Koyra,01-JUL-20,7,183,-0.0065,-1.0,398,385,221,214,9280.6,47.3,0.24,0.281,0.617,22.34185,89.30042,SYNTHETIC_SAVENIJE_PHYSICS,3757.4,93.0,308.0,0.0,307.0,0.0,292.0,0.0
1330,Khulna,Koyra,Kobadak River,SW242,Koyra,08-JUL-20,7,190,-0.1265,-0.992,348,336,193,186,10830.2,0.0,0.26,0.263,0.736,22.34185,89.30042,SYNTHETIC_SAVENIJE_PHYSICS,4938.3,93.0,293.0,0.0,286.0,0.0,289.0,0.0
1331,Khulna,Koyra,Kobadak River,SW242,Koyra,15-JUL-20,7,197,-0.2448,-0.9696,333,324,185,180,12249.8,56.8,0.341,0.36,0.836,22.34185,89.30042,SYNTHETIC_SAVENIJE_PHYSICS,6232.0,131.9,299.0,0.0,296.0,0.0,291.0,0.0
1332,Khulna,Koyra,Kobadak River,SW242,Koyra,22-JUL-20,7,204,-0.3595,-0.9332,313,302,174,167,13521.4,18.0,0.35,0.311,0.914,22.34185,89.30042,SYNTHETIC_SAVENIJE_PHYSICS,7748.3,122.1,297.0,0.0,308.0,0.0,298.0,0.0
1333,Khulna,Koyra,Kobadak River,SW242,Koyra,29-JUL-20,7,211,-0.469,-0.8832,308,295,171,164,14544.6,0.0,0.307,0.32,0.968,22.34185,89.30042,SYNTHETIC_SAVENIJE_PHYSICS,9280.6,74.8,307.0,0.0,294.0,0.0,336.0,0.0
1334,Khulna,Koyra,Kobadak River,SW242,Koyra,05-AUG-20,8,218,-0.5717,-0.8205,293,281,162,156,15120.7,78.5,0.332,0.347,0.996,22.34185,89.30042,SYNTHETIC_SAVENIJE_PHYSICS,10830.2,153.3,286.0,0.0,292.0,0.0,394.0,0.0
1335,Khulna,Koyra,Kobadak River,SW242,Koyra,12-AUG-20,8,225,-0.6661,-0.7459,299,290,166,161,15327.1,5.5,0.32,0.335,0.997,22.34185,89.30042,SYNTHETIC_SAVENIJE_PHYSICS,12249.8,102.0,296.0,0.0,289.0,0.0,506.0,0.0
1336,Khulna,Koyra,Kobadak River,SW242,Koyra,19-AUG-20,8,232,-0.7509,-0.6605,297,286,165,159,15094.6,172.2,0.434,0.4,0.973,22.34185,89.30042,SYNTHETIC_SAVENIJE_PHYSICS,13521.4,256.2,308.0,0.0,291.0,0.0,649.0,0.0
1337,Khulna,Koyra,Kobadak River,SW242,Koyra,26-AUG-20,8,239,-0.8248,-0.5655,307,298,170,165,14516.5,23.1,0.414,0.389,0.922,22.34185,89.30042,SYNTHETIC_SAVENIJE_PHYSICS,14544.6,279.3,294.0,0.0,298.0,0.0,851.0,0.0
1338,Khulna,Koyra,Kobadak River,SW242,Koyra,02-SEP-20,9,246,-0.8867,-0.4623,286,278,159,154,13505.6,98.4,0.401,0.423,0.848,22.34185,89.30042,SYNTHETIC_SAVENIJE_PHYSICS,15120.7,299.2,292.0,0.0,336.0,0.0,1076.0,0.0
1339,Khulna,Koyra,Kobadak River,SW242,Koyra,09-SEP-20,9,253,-0.9358,-0.3524,296,290,164,161,12252.6,23.7,0.437,0.405,0.751,22.34185,89.30042,SYNTHETIC_SAVENIJE_PHYSICS,15327.1,317.4,289.0,0.0,394.0,0.0,1306.0,0.0
1340,Khulna,Koyra,Kobadak River,SW242,Koyra,16-SEP-20,9,260,-0.9714,-0.2375,308,300,171,166,10855.1,55.5,0.379,0.338,0.634,22.34185,89.30042,SYNTHETIC_SAVENIJE_PHYSICS,15094.6,200.7,291.0,0.0,506.0,0.0,1546.0,1.0
1341,Khulna,Koyra,Kobadak River,SW242,Koyra,23-SEP-20,9,267,-0.9929,-0.1191,294,282,163,156,13990.9,10.5,0.373,0.375,0.5,22.34185,89.30042,SYNTHETIC_SAVENIJE_PHYSICS,14516.5,188.1,298.0,0.0,649.0,0.0,1744.0,1.0
1342,Khulna,Koyra,Kobadak River,SW242,Koyra,30-SEP-20,9,274,-1.0,0.0011,292,282,162,156,11825.1,29.1,0.305,0.342,0.353,22.34185,89.30042,SYNTHETIC_SAVENIJE_PHYSICS,13505.6,118.8,336.0,0.0,851.0,0.0,1960.0,1.0
1343,Khulna,Koyra,Kobadak River,SW242,Koyra,07-OCT-20,10,281,-0.9926,0.1212,289,282,160,156,9848.0,3.9,0.256,0.303,0.197,22.34185,89.30042,SYNTHETIC_SAVENIJE_PHYSICS,12252.6,99.0,394.0,0.0,1076.0,0.0,2294.0,1.0
1344,Khulna,Koyra,Kobadak River,SW242,Koyra,14-OCT-20,10,288,-0.9709,0.2396,291,281,161,156,8059.5,0.0,0.207,0.213,0.035,22.34185,89.30042,SYNTHETIC_SAVENIJE_PHYSICS,10855.1,43.5,506.0,0.0,1306.0,0.0,2521.0,1.0
1345,Khulna,Koyra,Kobadak River,SW242,Koyra,21-OCT-20,10,295,-0.9351,0.3545,298,292,165,162,6583.1,5.9,0.16,0.203,0.127,22.34185,89.30042,SYNTHETIC_SAVENIJE_PHYSICS,13990.9,38.9,649.0,0.0,1546.0,1.0,2884.0,1.0
1346,Khulna,Koyra,Kobadak River,SW242,Koyra,28-OCT-20,10,302,-0.8857,0.4642,336,326,186,181,5304.0,0.0,0.127,0.196,0.286,22.34185,89.30042,SYNTHETIC_SAVENIJE_PHYSICS,11825.1,9.8,851.0,0.0,1744.0,1.0,3467.0,2.0
1347,Khulna,Koyra,Kobadak River,SW242,Koyra,04-NOV-20,11,309,-0.8235,0.5672,394,379,219,210,4261.2,0.0,0.106,0.18,0.438,22.34185,89.30042,SYNTHETIC_SAVENIJE_PHYSICS,9848.0,5.9,1076.0,0.0,1960.0,1.0,3560.0,2.0
1348,Khulna,Koyra,Kobadak River,SW242,Koyra,11-NOV-20,11,316,-0.7494,0.6621,506,488,281,271,3445.5,0.0,0.151,0.142,0.578,22.34185,89.30042,SYNTHETIC_SAVENIJE_PHYSICS,8059.5,5.9,1306.0,0.0,2294.0,1.0,3894.0,2.0
1349,Khulna,Koyra,Kobadak River,SW242,Koyra,18-NOV-20,11,323,-0.6645,0.7473,649,635,360,353,2802.9,0.0,0.086,0.168,0.702,22.34185,89.30042,SYNTHETIC_SAVENIJE_PHYSICS,6583.1,0.0,1546.0,1.0,2521.0,1.0,4390.0,2.0
1350,Khulna,Koyra,Kobadak River,SW242,Koyra,25-NOV-20,11,330,-0.5699,0.8217,851,835,473,464,2333.7,0.0,0.15,0.129,0.808,22.34185,89.30042,SYNTHETIC_SAVENIJE_PHYSICS,5304.0,0.0,1744.0,1.0,2884.0,1.0,4552.0,2.0
1351,Khulna,Koyra,Kobadak River,SW242,Koyra,02-DEC-20,12,337,-0.4671,0.8842,1076,1053,598,585,2016.8,0.0,0.092,0.17,0.893,22.34185,89.30042,SYNTHETIC_SAVENIJE_PHYSICS,4261.2,0.0,1960.0,1.0,3467.0,2.0,4425.0,2.0
1352,Khulna,Koyra,Kobadak River,SW242,Koyra,09-DEC-20,12,344,-0.3575,0.9339,1306,1262,726,701,1814.5,0.0,0.139,0.152,0.954,22.34185,89.30042,SYNTHETIC_SAVENIJE_PHYSICS,3445.5,0.0,2294.0,1.0,3560.0,2.0,4799.0,2.0
1353,Khulna,Koyra,Kobadak River,SW242,Koyra,16-DEC-20,12,351,-0.2427,0.9701,1546,1510,859,839,1566.3,0.0,0.094,0.116,0.99,22.34185,89.30042,SYNTHETIC_SAVENIJE_PHYSICS,2802.9,0.0,2521.0,1.0,3894.0,2.0,5203.0,2.0
1354,Khulna,Koyra,Kobadak River,SW242,Koyra,23-DEC-20,12,358,-0.1244,0.9922,1744,1682,969,935,1442.6,0.0,0.068,0.126,1.0,22.34185,89.30042,SYNTHETIC_SAVENIJE_PHYSICS,2333.7,0.0,2884.0,1.0,4390.0,2.0,4912.0,2.0
1355,Khulna,Koyra,Kobadak River,SW242,Koyra,30-DEC-20,12,365,-0.0043,1.0,1960,1898,1089,1055,1351.0,0.0,0.124,0.125,0.983,22.34185,89.30042,SYNTHETIC_SAVENIJE_PHYSICS,2016.8,0.0,3467.0,2.0,4552.0,2.0,4670.0,2.0
1356,Khulna,Koyra,Kobadak River,SW242,Koyra,06-JAN-21,1,6,0.103,0.9947,2294,2237,1275,1243,890.5,0.0,0.12,0.134,0.555,22.34185,89.30042,SYNTHETIC_SAVENIJE_PHYSICS,1814.5,0.0,3560.0,2.0,4425.0,2.0,4572.0,2.0
1357,Khulna,Koyra,Kobadak River,SW242,Koyra,13-JAN-21,1,13,0.2218,0.9751,2521,2473,1401,1374,865.7,16.4,0.083,0.134,0.682,22.34185,89.30042,SYNTHETIC_SAVENIJE_PHYSICS,1566.3,16.4,3894.0,2.0,4799.0,2.0,4058.0,2.0
1358,Khulna,Koyra,Kobadak River,SW242,Koyra,20-JAN-21,1,20,0.3373,0.9414,2884,2796,1603,1554,739.4,0.0,0.093,0.114,0.792,22.34185,89.30042,SYNTHETIC_SAVENIJE_PHYSICS,1442.6,16.4,4390.0,2.0,5203.0,2.0,3146.0,2.0
1359,Khulna,Koyra,Kobadak River,SW242,Koyra,27-JAN-21,1,27,0.4479,0.8941,3467,3366,1927,1871,602.2,0.0,0.079,0.107,0.88,22.34185,89.30042,SYNTHETIC_SAVENIJE_PHYSICS,1351.0,16.4,4552.0,2.0,4912.0,2.0,2681.0,1.0
1360,Khulna,Koyra,Kobadak River,SW242,Koyra,03-FEB-21,2,34,0.5521,0.8338,3560,3434,1979,1909,657.6,0.0,0.096,0.147,0.946,22.34185,89.30042,SYNTHETIC_SAVENIJE_PHYSICS,890.5,16.4,4425.0,2.0,4670.0,2.0,2245.0,1.0
1361,Khulna,Koyra,Kobadak River,SW242,Koyra,10-FEB-21,2,41,0.6483,0.7614,3894,3772,2165,2097,642.0,0.0,0.091,0.133,0.986,22.34185,89.30042,SYNTHETIC_SAVENIJE_PHYSICS,865.7,0.0,4799.0,2.0,4572.0,2.0,1847.0,1.0
1362,Khulna,Koyra,Kobadak River,SW242,Koyra,17-FEB-21,2,48,0.735,0.678,4390,4220,2440,2346,485.8,0.0,0.079,0.128,1.0,22.34185,89.30042,SYNTHETIC_SAVENIJE_PHYSICS,739.4,0.0,5203.0,2.0,4058.0,2.0,1562.0,1.0
1363,Khulna,Koyra,Kobadak River,SW242,Koyra,24-FEB-21,2,55,0.8112,0.5848,4552,4455,2530,2476,508.9,0.0,0.05,0.131,0.988,22.34185,89.30042,SYNTHETIC_SAVENIJE_PHYSICS,602.2,0.0,4912.0,2.0,3146.0,2.0,1343.0,0.0
1364,Khulna,Koyra,Kobadak River,SW242,Koyra,03-MAR-21,3,62,0.8755,0.4831,4425,4250,2460,2363,599.8,0.0,0.076,0.115,0.949,22.34185,89.30042,SYNTHETIC_SAVENIJE_PHYSICS,657.6,0.0,4670.0,2.0,2681.0,1.0,1052.0,0.0
1365,Khulna,Koyra,Kobadak River,SW242,Koyra,10-MAR-21,3,69,0.9272,0.3745,4799,4679,2668,2601,433.9,0.0,0.1,0.129,0.886,22.34185,89.30042,SYNTHETIC_SAVENIJE_PHYSICS,642.0,0.0,4572.0,2.0,2245.0,1.0,831.0,0.0
1366,Khulna,Koyra,Kobadak River,SW242,Koyra,17-MAR-21,3,76,0.9655,0.2604,5203,5026,2892,2794,396.6,0.0,0.081,0.175,0.799,22.34185,89.30042,SYNTHETIC_SAVENIJE_PHYSICS,485.8,0.0,4058.0,2.0,1847.0,1.0,680.0,0.0
1367,Khulna,Koyra,Kobadak River,SW242,Koyra,24-MAR-21,3,83,0.9898,0.1425,4912,4766,2731,2649,504.5,0.0,0.08,0.149,0.691,22.34185,89.30042,SYNTHETIC_SAVENIJE_PHYSICS,508.9,0.0,3146.0,2.0,1562.0,1.0,576.0,0.0
1368,Khulna,Koyra,Kobadak River,SW242,Koyra,31-MAR-21,3,90,0.9997,0.0226,4670,4512,2596,2508,434.7,0.0,0.067,0.119,0.565,22.34185,89.30042,SYNTHETIC_SAVENIJE_PHYSICS,599.8,0.0,2681.0,1.0,1343.0,0.0,471.0,0.0
1369,Khulna,Koyra,Kobadak River,SW242,Koyra,07-APR-21,4,97,0.9952,-0.0977,4572,4429,2542,2462,433.9,0.0,0.074,0.115,0.423,22.34185,89.30042,SYNTHETIC_SAVENIJE_PHYSICS,433.9,0.0,2245.0,1.0,1052.0,0.0,421.0,0.0
1370,Khulna,Koyra,Kobadak River,SW242,Koyra,14-APR-21,4,104,0.9763,-0.2165,4058,3944,2256,2192,554.2,0.0,0.116,0.069,0.271,22.34185,89.30042,SYNTHETIC_SAVENIJE_PHYSICS,396.6,0.0,1847.0,1.0,831.0,0.0,366.0,0.0
1371,Khulna,Koyra,Kobadak River,SW242,Koyra,21-APR-21,4,111,0.9432,-0.3322,3146,3064,1749,1703,997.9,0.0,0.071,0.153,0.111,22.34185,89.30042,SYNTHETIC_SAVENIJE_PHYSICS,504.5,0.0,1562.0,1.0,680.0,0.0,336.0,0.0
1372,Khulna,Koyra,Kobadak River,SW242,Koyra,28-APR-21,4,118,0.8965,-0.4431,2681,2629,1490,1461,819.9,0.0,0.105,0.145,0.051,22.34185,89.30042,SYNTHETIC_SAVENIJE_PHYSICS,434.7,0.0,1343.0,0.0,576.0,0.0,326.0,0.0
1373,Khulna,Koyra,Kobadak River,SW242,Koyra,05-MAY-21,5,125,0.8367,-0.5476,2245,2171,1248,1207,1139.1,0.0,0.096,0.122,0.212,22.34185,89.30042,SYNTHETIC_SAVENIJE_PHYSICS,433.9,0.0,1052.0,0.0,471.0,0.0,303.0,0.0
1374,Khulna,Koyra,Kobadak River,SW242,Koyra,12-MAY-21,5,132,0.7649,-0.6442,1847,1796,1026,998,1595.0,0.0,0.106,0.11,0.368,22.34185,89.30042,SYNTHETIC_SAVENIJE_PHYSICS,554.2,0.0,831.0,0.0,421.0,0.0,305.0,0.0
1375,Khulna,Koyra,Kobadak River,SW242,Koyra,19-MAY-21,5,139,0.682,-0.7314,1562,1530,868,850,1774.3,0.0,0.089,0.118,0.514,22.34185,89.30042,SYNTHETIC_SAVENIJE_PHYSICS,997.9,0.0,680.0,0.0,366.0,0.0,296.0,0.0
1376,Khulna,Koyra,Kobadak River,SW242,Koyra,26-MAY-21,5,146,0.5892,-0.808,1343,1297,746,721,2451.6,0.0,0.106,0.157,0.646,22.34185,89.30042,SYNTHETIC_SAVENIJE_PHYSICS,819.9,0.0,576.0,0.0,336.0,0.0,285.0,0.0
1377,Khulna,Koyra,Kobadak River,SW242,Koyra,02-JUN-21,6,153,0.4878,-0.8729,1052,1029,584,572,3350.3,0.0,0.125,0.157,0.761,22.34185,89.30042,SYNTHETIC_SAVENIJE_PHYSICS,1139.1,0.0,471.0,0.0,326.0,0.0,288.0,0.0
1378,Khulna,Koyra,Kobadak River,SW242,Koyra,09-JUN-21,6,160,0.3795,-0.9252,831,815,462,453,4352.5,0.0,0.128,0.185,0.856,22.34185,89.30042,SYNTHETIC_SAVENIJE_PHYSICS,1595.0,0.0,421.0,0.0,303.0,0.0,283.0,0.0
1379,Khulna,Koyra,Kobadak River,SW242,Koyra,16-JUN-21,6,167,0.2656,-0.9641,680,665,378,369,5590.4,0.0,0.161,0.187,0.929,22.34185,89.30042,SYNTHETIC_SAVENIJE_PHYSICS,1774.3,0.0,366.0,0.0,305.0,0.0,290.0,0.0
1380,Khulna,Koyra,Kobadak River,SW242,Koyra,23-JUN-21,6,174,0.1478,-0.989,576,560,320,311,6921.1,0.0,0.181,0.22,0.976,22.34185,89.30042,SYNTHETIC_SAVENIJE_PHYSICS,2451.6,0.0,336.0,0.0,296.0,0.0,298.0,0.0
1381,Khulna,Koyra,Kobadak River,SW242,Koyra,30-JUN-21,6,181,0.028,-0.9996,471,459,261,255,8384.6,15.3,0.244,0.233,0.998,22.34185,89.30042,SYNTHETIC_SAVENIJE_PHYSICS,3350.3,15.3,326.0,0.0,285.0,0.0,288.0,0.0
1382,Khulna,Koyra,Kobadak River,SW242,Koyra,07-JUL-21,7,188,-0.0923,-0.9957,421,408,234,226,9820.2,0.0,0.225,0.259,0.994,22.34185,89.30042,SYNTHETIC_SAVENIJE_PHYSICS,4352.5,15.3,303.0,0.0,288.0,0.0,303.0,0.0
1383,Khulna,Koyra,Kobadak River,SW242,Koyra,14-JUL-21,7,195,-0.2113,-0.9774,366,356,203,197,11210.6,0.0,0.2,0.217,0.964,22.34185,89.30042,SYNTHETIC_SAVENIJE_PHYSICS,5590.4,15.3,305.0,0.0,283.0,0.0,320.0,0.0
1384,Khulna,Koyra,Kobadak River,SW242,Koyra,21-JUL-21,7,202,-0.3272,-0.945,336,329,186,182,12411.2,0.0,0.277,0.248,0.907,22.34185,89.30042,SYNTHETIC_SAVENIJE_PHYSICS,6921.1,15.3,296.0,0.0,290.0,0.0,357.0,0.0
1385,Khulna,Koyra,Kobadak River,SW242,Koyra,28-JUL-21,7,209,-0.4383,-0.8988,326,314,181,174,13418.2,67.0,0.293,0.303,0.827,22.34185,89.30042,SYNTHETIC_SAVENIJE_PHYSICS,8384.6,67.0,285.0,0.0,298.0,0.0,415.0,0.0
1386,Khulna,Koyra,Kobadak River,SW242,Koyra,04-AUG-21,8,216,-0.5431,-0.8397,303,296,168,164,14098.3,24.9,0.361,0.352,0.725,22.34185,89.30042,SYNTHETIC_SAVENIJE_PHYSICS,9820.2,91.9,288.0,0.0,288.0,0.0,503.0,0.0
1387,Khulna,Koyra,Kobadak River,SW242,Koyra,11-AUG-21,8,223,-0.64,-0.7683,305,296,169,164,14445.2,125.1,0.426,0.435,0.604,22.34185,89.30042,SYNTHETIC_SAVENIJE_PHYSICS,11210.6,217.0,283.0,0.0,303.0,0.0,643.0,0.0
1388,Khulna,Koyra,Kobadak River,SW242,Koyra,18-AUG-21,8,230,-0.7277,-0.6859,296,285,164,158,14312.6,37.1,0.39,0.397,0.467,22.34185,89.30042,SYNTHETIC_SAVENIJE_PHYSICS,12411.2,254.1,290.0,0.0,320.0,0.0,793.0,0.0
1389,Khulna,Koyra,Kobadak River,SW242,Koyra,25-AUG-21,8,237,-0.8048,-0.5935,285,277,158,154,13833.9,0.0,0.386,0.363,0.318,22.34185,89.30042,SYNTHETIC_SAVENIJE_PHYSICS,13418.2,187.1,298.0,0.0,357.0,0.0,964.0,0.0
1390,Khulna,Koyra,Kobadak River,SW242,Koyra,01-SEP-21,9,244,-0.8703,-0.4925,288,281,160,156,13010.6,96.3,0.388,0.361,0.16,22.34185,89.30042,SYNTHETIC_SAVENIJE_PHYSICS,14098.3,258.5,288.0,0.0,415.0,0.0,1194.0,0.0
1391,Khulna,Koyra,Kobadak River,SW242,Koyra,08-SEP-21,9,251,-0.9232,-0.3844,283,275,157,152,11926.9,29.5,0.332,0.358,0.002,22.34185,89.30042,SYNTHETIC_SAVENIJE_PHYSICS,14445.2,162.9,303.0,0.0,503.0,0.0,1353.0,0.0
1392,Khulna,Koyra,Kobadak River,SW242,Koyra,15-SEP-21,9,258,-0.9627,-0.2707,290,283,161,157,10557.4,0.0,0.306,0.295,0.164,22.34185,89.30042,SYNTHETIC_SAVENIJE_PHYSICS,14312.6,125.8,320.0,0.0,643.0,0.0,1482.0,0.0
1393,Khulna,Koyra,Kobadak River,SW242,Koyra,22-SEP-21,9,265,-0.9882,-0.1531,298,288,165,160,13724.1,0.0,0.357,0.402,0.322,22.34185,89.30042,SYNTHETIC_SAVENIJE_PHYSICS,13833.9,125.8,357.0,0.0,793.0,0.0,1602.0,1.0
1394,Khulna,Koyra,Kobadak River,SW242,Koyra,29-SEP-21,9,272,-0.9994,-0.0333,288,282,160,156,11670.6,0.0,0.27,0.256,0.471,22.34185,89.30042,SYNTHETIC_SAVENIJE_PHYSICS,13010.6,29.5,415.0,0.0,964.0,0.0,1586.0,1.0
1395,Khulna,Koyra,Kobadak River,SW242,Koyra,06-OCT-21,10,279,-0.9962,0.087,303,295,168,164,9764.9,0.0,0.212,0.276,0.608,22.34185,89.30042,SYNTHETIC_SAVENIJE_PHYSICS,11926.9,0.0,503.0,0.0,1194.0,0.0,2230.0,1.0
1396,Khulna,Koyra,Kobadak River,SW242,Koyra,13-OCT-21,10,286,-0.9785,0.206,320,312,177,173,8064.5,0.0,0.237,0.229,0.728,22.34185,89.30042,SYNTHETIC_SAVENIJE_PHYSICS,10557.4,0.0,643.0,0.0,1353.0,0.0,2453.0,1.0
1397,Khulna,Koyra,Kobadak River,SW242,Koyra,20-OCT-21,10,293,-0.9467,0.3221,357,344,198,191,6549.4,0.0,0.16,0.176,0.83,22.34185,89.30042,SYNTHETIC_SAVENIJE_PHYSICS,13724.1,0.0,793.0,0.0,1482.0,0.0,3118.0,2.0
1398,Khulna,Koyra,Kobadak River,SW242,Koyra,27-OCT-21,10,300,-0.9012,0.4335,415,402,230,223,5319.1,23.5,0.132,0.198,0.909,22.34185,89.30042,SYNTHETIC_SAVENIJE_PHYSICS,11670.6,23.5,964.0,0.0,1602.0,1.0,3554.0,2.0
1399,Khulna,Koyra,Kobadak River,SW242,Koyra,03-NOV-21,11,307,-0.8426,0.5386,503,492,279,273,4245.4,0.0,0.122,0.197,0.965,22.34185,89.30042,SYNTHETIC_SAVENIJE_PHYSICS,9764.9,23.5,1194.0,0.0,1586.0,1.0,3627.0,2.0
1400,Khulna,Koyra,Kobadak River,SW242,Koyra,10-NOV-21,11,314,-0.7718,0.6359,643,617,357,343,3453.1,0.0,0.169,0.168,0.995,22.34185,89.30042,SYNTHETIC_SAVENIJE_PHYSICS,8064.5,23.5,1353.0,0.0,2230.0,1.0,4208.0,2.0
1401,Khulna,Koyra,Kobadak River,SW242,Koyra,17-NOV-21,11,321,-0.6898,0.724,793,768,440,427,2836.3,0.0,0.13,0.182,0.998,22.34185,89.30042,SYNTHETIC_SAVENIJE_PHYSICS,6549.4,23.5,1482.0,0.0,2453.0,1.0,4766.0,2.0
1402,Khulna,Koyra,Kobadak River,SW242,Koyra,24-NOV-21,11,328,-0.5978,0.8016,964,941,535,523,2347.8,0.0,0.114,0.164,0.975,22.34185,89.30042,SYNTHETIC_SAVENIJE_PHYSICS,5319.1,0.0,1602.0,1.0,3118.0,2.0,4712.0,2.0
1403,Khulna,Koyra,Kobadak River,SW242,Koyra,01-DEC-21,12,335,-0.4972,0.8676,1194,1165,663,647,2003.2,0.0,0.096,0.155,0.927,22.34185,89.30042,SYNTHETIC_SAVENIJE_PHYSICS,4245.4,0.0,1586.0,1.0,3554.0,2.0,4935.0,2.0
1404,Khulna,Koyra,Kobadak River,SW242,Koyra,08-DEC-21,12,342,-0.3894,0.9211,1353,1324,752,736,1735.6,0.0,0.094,0.14,0.854,22.34185,89.30042,SYNTHETIC_SAVENIJE_PHYSICS,3453.1,0.0,2230.0,1.0,3627.0,2.0,5188.0,2.0
1405,Khulna,Koyra,Kobadak River,SW242,Koyra,15-DEC-21,12,349,-0.2759,0.9612,1482,1446,823,803,1571.6,0.0,0.085,0.115,0.758,22.34185,89.30042,SYNTHETIC_SAVENIJE_PHYSICS,2836.3,0.0,2453.0,1.0,4208.0,2.0,5227.0,2.0
1406,Khulna,Koyra,Kobadak River,SW242,Koyra,22-DEC-21,12,356,-0.1585,0.9874,1602,1571,890,873,1488.9,0.0,0.109,0.136,0.643,22.34185,89.30042,SYNTHETIC_SAVENIJE_PHYSICS,2347.8,0.0,3118.0,2.0,4766.0,2.0,4440.0,2.0
1407,Khulna,Koyra,Kobadak River,SW242,Koyra,29-DEC-21,12,363,-0.0387,0.9993,1586,1539,881,855,1305.2,0.0,0.095,0.139,0.51,22.34185,89.30042,SYNTHETIC_SAVENIJE_PHYSICS,2003.2,0.0,3554.0,2.0,4712.0,2.0,4810.0,2.0
1408,Khulna,Koyra,Kobadak River,SW242,Koyra,05-JAN-22,1,5,0.0859,0.9963,2230,2171,1239,1207,948.0,0.0,0.101,0.094,0.849,22.34185,89.30042,SYNTHETIC_SAVENIJE_PHYSICS,1735.6,0.0,3627.0,2.0,4935.0,2.0,4320.0,2.0
1409,Khulna,Koyra,Kobadak River,SW242,Koyra,12-JAN-22,1,12,0.205,0.9788,2453,2400,1363,1334,961.6,0.0,0.1,0.135,0.923,22.34185,89.30042,SYNTHETIC_SAVENIJE_PHYSICS,1571.6,0.0,4208.0,2.0,5188.0,2.0,3690.0,2.0
1410,Khulna,Koyra,Kobadak River,SW242,Koyra,19-JAN-22,1,19,0.3211,0.9471,3118,3041,1733,1690,697.0,0.0,0.081,0.126,0.973,22.34185,89.30042,SYNTHETIC_SAVENIJE_PHYSICS,1488.9,0.0,4766.0,2.0,5227.0,2.0,3509.0,2.0
1411,Khulna,Koyra,Kobadak River,SW242,Koyra,26-JAN-22,1,26,0.4325,0.9016,3554,3419,1976,1900,631.6,0.0,0.059,0.101,0.998,22.34185,89.30042,SYNTHETIC_SAVENIJE_PHYSICS,1305.2,0.0,4712.0,2.0,4440.0,2.0,3361.0,2.0
1412,Khulna,Koyra,Kobadak River,SW242,Koyra,02-FEB-22,2,33,0.5377,0.8432,3627,3511,2016,1952,718.5,0.0,0.059,0.122,0.996,22.34185,89.30042,SYNTHETIC_SAVENIJE_PHYSICS,948.0,0.0,4935.0,2.0,4810.0,2.0,2723.0,1.0
1413,Khulna,Koyra,Kobadak River,SW242,Koyra,09-FEB-22,2,40,0.6351,0.7725,4208,4090,2339,2274,549.9,0.0,0.148,0.12,0.967,22.34185,89.30042,SYNTHETIC_SAVENIJE_PHYSICS,961.6,0.0,5188.0,2.0,4320.0,2.0,2339.0,1.0
1414,Khulna,Koyra,Kobadak River,SW242,Koyra,16-FEB-22,2,47,0.7233,0.6906,4766,4654,2649,2587,446.7,0.0,0.116,0.164,0.913,22.34185,89.30042,SYNTHETIC_SAVENIJE_PHYSICS,697.0,0.0,5227.0,2.0,3690.0,2.0,1921.0,1.0
1415,Khulna,Koyra,Kobadak River,SW242,Koyra,23-FEB-22,2,54,0.801,0.5987,4712,4579,2619,2545,471.1,0.0,0.113,0.13,0.835,22.34185,89.30042,SYNTHETIC_SAVENIJE_PHYSICS,631.6,0.0,4440.0,2.0,3509.0,2.0,1560.0,1.0
1416,Khulna,Koyra,Kobadak River,SW242,Koyra,02-MAR-22,3,61,0.8671,0.4981,4935,4822,2743,2681,420.3,0.0,0.072,0.146,0.735,22.34185,89.30042,SYNTHETIC_SAVENIJE_PHYSICS,718.5,0.0,4810.0,2.0,3361.0,2.0,1254.0,0.0
1417,Khulna,Koyra,Kobadak River,SW242,Koyra,09-MAR-22,3,68,0.9207,0.3904,5188,5076,2884,2822,349.6,0.0,0.085,0.122,0.615,22.34185,89.30042,SYNTHETIC_SAVENIJE_PHYSICS,549.9,0.0,4320.0,2.0,2723.0,1.0,951.0,0.0
1418,Khulna,Koyra,Kobadak River,SW242,Koyra,16-MAR-22,3,75,0.9609,0.2769,5227,5048,2906,2806,391.5,0.0,0.069,0.087,0.479,22.34185,89.30042,SYNTHETIC_SAVENIJE_PHYSICS,446.7,0.0,3690.0,2.0,2339.0,1.0,763.0,0.0
1419,Khulna,Koyra,Kobadak River,SW242,Koyra,23-MAR-22,3,82,0.9872,0.1595,4440,4322,2468,2403,457.7,0.0,0.06,0.139,0.331,22.34185,89.30042,SYNTHETIC_SAVENIJE_PHYSICS,471.1,0.0,3509.0,2.0,1921.0,1.0,628.0,0.0
1420,Khulna,Koyra,Kobadak River,SW242,Koyra,30-MAR-22,3,89,0.9992,0.0398,4810,4676,2674,2599,321.5,0.0,0.073,0.111,0.174,22.34185,89.30042,SYNTHETIC_SAVENIJE_PHYSICS,420.3,0.0,3361.0,2.0,1560.0,1.0,505.0,0.0
1421,Khulna,Koyra,Kobadak River,SW242,Koyra,06-APR-22,4,96,0.9968,-0.0805,4320,4168,2401,2317,405.0,0.0,0.112,0.118,0.012,22.34185,89.30042,SYNTHETIC_SAVENIJE_PHYSICS,349.6,0.0,2723.0,1.0,1254.0,0.0,430.0,0.0
1422,Khulna,Koyra,Kobadak River,SW242,Koyra,13-APR-22,4,103,0.9799,-0.1997,3690,3582,2051,1991,556.3,0.0,0.104,0.105,0.15,22.34185,89.30042,SYNTHETIC_SAVENIJE_PHYSICS,391.5,0.0,2339.0,1.0,951.0,0.0,375.0,0.0
1423,Khulna,Koyra,Kobadak River,SW242,Koyra,20-APR-22,4,110,0.9488,-0.316,3509,3410,1951,1895,638.8,0.0,0.069,0.129,0.309,22.34185,89.30042,SYNTHETIC_SAVENIJE_PHYSICS,457.7,0.0,1921.0,1.0,763.0,0.0,355.0,0.0
1424,Khulna,Koyra,Kobadak River,SW242,Koyra,27-APR-22,4,117,0.9039,-0.4276,3361,3286,1868,1827,761.9,0.0,0.084,0.15,0.459,22.34185,89.30042,SYNTHETIC_SAVENIJE_PHYSICS,321.5,0.0,1560.0,1.0,628.0,0.0,315.0,0.0
1425,Khulna,Koyra,Kobadak River,SW242,Koyra,04-MAY-22,5,124,0.846,-0.5331,2723,2641,1513,1468,1122.4,0.0,0.11,0.152,0.597,22.34185,89.30042,SYNTHETIC_SAVENIJE_PHYSICS,405.0,0.0,1254.0,0.0,505.0,0.0,313.0,0.0
1426,Khulna,Koyra,Kobadak River,SW242,Koyra,11-MAY-22,5,131,0.7759,-0.6309,2339,2249,1300,1250,1489.9,0.0,0.088,0.169,0.719,22.34185,89.30042,SYNTHETIC_SAVENIJE_PHYSICS,556.3,0.0,951.0,0.0,430.0,0.0,296.0,0.0
1427,Khulna,Koyra,Kobadak River,SW242,Koyra,18-MAY-22,5,138,0.6945,-0.7195,1921,1864,1068,1036,1997.3,0.0,0.108,0.178,0.822,22.34185,89.30042,SYNTHETIC_SAVENIJE_PHYSICS,638.8,0.0,763.0,0.0,375.0,0.0,299.0,0.0
1428,Khulna,Koyra,Kobadak River,SW242,Koyra,25-MAY-22,5,145,0.603,-0.7978,1560,1526,867,848,2369.3,0.0,0.12,0.107,0.903,22.34185,89.30042,SYNTHETIC_SAVENIJE_PHYSICS,761.9,0.0,628.0,0.0,355.0,0.0,279.0,0.0
1429,Khulna,Koyra,Kobadak River,SW242,Koyra,01-JUN-22,6,152,0.5028,-0.8644,1254,1219,697,677,3196.4,0.0,0.13,0.133,0.961,22.34185,89.30042,SYNTHETIC_SAVENIJE_PHYSICS,1122.4,0.0,505.0,0.0,315.0,0.0,287.0,0.0
1430,Khulna,Koyra,Kobadak River,SW242,Koyra,08-JUN-22,6,159,0.3953,-0.9185,951,919,528,510,4217.5,0.0,0.141,0.133,0.993,22.34185,89.30042,SYNTHETIC_SAVENIJE_PHYSICS,1489.9,0.0,430.0,0.0,313.0,0.0,286.0,0.0
1431,Khulna,Koyra,Kobadak River,SW242,Koyra,15-JUN-22,6,166,0.2821,-0.9594,763,747,424,415,5418.4,42.5,0.163,0.217,0.999,22.34185,89.30042,SYNTHETIC_SAVENIJE_PHYSICS,1997.3,42.5,375.0,0.0,296.0,0.0,294.0,0.0
1432,Khulna,Koyra,Kobadak River,SW242,Koyra,22-JUN-22,6,173,0.1648,-0.9863,628,605,349,336,6740.5,0.0,0.183,0.206,0.978,22.34185,89.30042,SYNTHETIC_SAVENIJE_PHYSICS,2369.3,42.5,355.0,0.0,299.0,0.0,299.0,0.0
1433,Khulna,Koyra,Kobadak River,SW242,Koyra,29-JUN-22,6,180,0.0451,-0.999,505,488,280,271,8181.7,0.0,0.191,0.227,0.932,22.34185,89.30042,SYNTHETIC_SAVENIJE_PHYSICS,3196.4,42.5,315.0,0.0,279.0,0.0,299.0,0.0
1434,Khulna,Koyra,Kobadak River,SW242,Koyra,06-JUL-22,7,187,-0.0752,-0.9972,430,416,239,231,9674.9,117.8,0.269,0.309,0.861,22.34185,89.30042,SYNTHETIC_SAVENIJE_PHYSICS,4217.5,160.3,313.0,0.0,287.0,0.0,316.0,0.0
1435,Khulna,Koyra,Kobadak River,SW242,Koyra,13-JUL-22,7,194,-0.1944,-0.9809,375,366,208,203,11117.5,0.0,0.293,0.316,0.767,22.34185,89.30042,SYNTHETIC_SAVENIJE_PHYSICS,5418.4,117.8,296.0,0.0,286.0,0.0,326.0,0.0
1436,Khulna,Koyra,Kobadak River,SW242,Koyra,20-JUL-22,7,201,-0.3109,-0.9505,355,347,197,192,12364.3,13.6,0.336,0.3,0.653,22.34185,89.30042,SYNTHETIC_SAVENIJE_PHYSICS,6740.5,131.4,299.0,0.0,294.0,0.0,360.0,0.0
1437,Khulna,Koyra,Kobadak River,SW242,Koyra,27-JUL-22,7,208,-0.4228,-0.9062,315,302,175,167,13464.7,0.0,0.307,0.318,0.522,22.34185,89.30042,SYNTHETIC_SAVENIJE_PHYSICS,8181.7,131.4,279.0,0.0,299.0,0.0,424.0,0.0
1438,Khulna,Koyra,Kobadak River,SW242,Koyra,03-AUG-22,8,215,-0.5286,-0.8489,313,305,174,169,14168.1,68.5,0.321,0.326,0.377,22.34185,89.30042,SYNTHETIC_SAVENIJE_PHYSICS,9674.9,82.1,287.0,0.0,299.0,0.0,503.0,0.0
1439,Khulna,Koyra,Kobadak River,SW242,Koyra,10-AUG-22,8,222,-0.6267,-0.7792,296,288,164,160,14549.2,28.2,0.353,0.369,0.222,22.34185,89.30042,SYNTHETIC_SAVENIJE_PHYSICS,11117.5,110.3,286.0,0.0,316.0,0.0,605.0,0.0
1440,Khulna,Koyra,Kobadak River,SW242,Koyra,17-AUG-22,8,229,-0.7158,-0.6983,299,292,166,162,14526.4,58.2,0.325,0.366,0.061,22.34185,89.30042,SYNTHETIC_SAVENIJE_PHYSICS,12364.3,154.9,294.0,0.0,326.0,0.0,718.0,0.0
1441,Khulna,Koyra,Kobadak River,SW242,Koyra,24-AUG-22,8,236,-0.7945,-0.6073,279,273,155,151,14093.1,0.0,0.351,0.346,0.102,22.34185,89.30042,SYNTHETIC_SAVENIJE_PHYSICS,13464.7,154.9,299.0,0.0,360.0,0.0,881.0,0.0
1442,Khulna,Koyra,Kobadak River,SW242,Koyra,31-AUG-22,8,243,-0.8617,-0.5074,287,280,159,155,13361.7,42.1,0.365,0.297,0.262,22.34185,89.30042,SYNTHETIC_SAVENIJE_PHYSICS,14168.1,128.5,299.0,0.0,424.0,0.0,985.0,0.0
1443,Khulna,Koyra,Kobadak River,SW242,Koyra,07-SEP-22,9,250,-0.9164,-0.4002,286,275,159,152,12277.0,12.1,0.319,0.338,0.415,22.34185,89.30042,SYNTHETIC_SAVENIJE_PHYSICS,14549.2,112.4,316.0,0.0,503.0,0.0,1141.0,0.0
1444,Khulna,Koyra,Kobadak River,SW242,Koyra,14-SEP-22,9,257,-0.9579,-0.2873,294,284,163,157,10986.2,0.0,0.22,0.261,0.557,22.34185,89.30042,SYNTHETIC_SAVENIJE_PHYSICS,14526.4,54.2,326.0,0.0,605.0,0.0,1194.0,0.0
1445,Khulna,Koyra,Kobadak River,SW242,Koyra,21-SEP-22,9,264,-0.9854,-0.1701,299,293,166,162,14214.3,0.0,0.314,0.29,0.684,22.34185,89.30042,SYNTHETIC_SAVENIJE_PHYSICS,14093.1,54.2,360.0,0.0,718.0,0.0,1273.0,0.0
1446,Khulna,Koyra,Kobadak River,SW242,Koyra,28-SEP-22,9,271,-0.9987,-0.0505,299,290,166,161,12089.9,21.6,0.245,0.244,0.793,22.34185,89.30042,SYNTHETIC_SAVENIJE_PHYSICS,13361.7,33.7,424.0,0.0,881.0,0.0,1310.0,0.0
1447,Khulna,Koyra,Kobadak River,SW242,Koyra,05-OCT-22,10,278,-0.9976,0.0698,316,307,175,170,10121.9,0.0,0.241,0.22,0.881,22.34185,89.30042,SYNTHETIC_SAVENIJE_PHYSICS,12277.0,21.6,503.0,0.0,985.0,0.0,2191.0,1.0
1448,Khulna,Koyra,Kobadak River,SW242,Koyra,12-OCT-22,10,285,-0.9819,0.1892,326,319,181,177,8367.3,0.0,0.19,0.209,0.946,22.34185,89.30042,SYNTHETIC_SAVENIJE_PHYSICS,10986.2,21.6,605.0,0.0,1141.0,0.0,2935.0,1.0
1449,Khulna,Koyra,Kobadak River,SW242,Koyra,19-OCT-22,10,292,-0.9521,0.3057,360,352,200,195,6877.2,0.0,0.183,0.206,0.986,22.34185,89.30042,SYNTHETIC_SAVENIJE_PHYSICS,14214.3,21.6,718.0,0.0,1194.0,0.0,3689.0,2.0
1450,Khulna,Koyra,Kobadak River,SW242,Koyra,26-OCT-22,10,299,-0.9085,0.4179,424,413,235,229,5526.8,0.0,0.143,0.16,1.0,22.34185,89.30042,SYNTHETIC_SAVENIJE_PHYSICS,12089.9,0.0,881.0,0.0,1273.0,0.0,4133.0,2.0
1451,Khulna,Koyra,Kobadak River,SW242,Koyra,02-NOV-22,11,306,-0.8517,0.524,503,492,279,273,4475.6,0.0,0.14,0.176,0.987,22.34185,89.30042,SYNTHETIC_SAVENIJE_PHYSICS,10121.9,0.0,985.0,0.0,1310.0,0.0,4597.0,2.0
1452,Khulna,Koyra,Kobadak River,SW242,Koyra,09-NOV-22,11,313,-0.7826,0.6225,605,582,336,323,3637.8,0.0,0.117,0.158,0.949,22.34185,89.30042,SYNTHETIC_SAVENIJE_PHYSICS,8367.3,0.0,1141.0,0.0,2191.0,1.0,5134.0,2.0
1453,Khulna,Koyra,Kobadak River,SW242,Koyra,16-NOV-22,11,320,-0.7021,0.712,718,701,399,389,2970.5,0.0,0.115,0.199,0.885,22.34185,89.30042,SYNTHETIC_SAVENIJE_PHYSICS,6877.2,0.0,1194.0,0.0,2935.0,1.0,5392.0,2.0
1454,Khulna,Koyra,Kobadak River,SW242,Koyra,23-NOV-22,11,327,-0.6115,0.7912,881,864,489,480,2504.8,0.0,0.09,0.115,0.798,22.34185,89.30042,SYNTHETIC_SAVENIJE_PHYSICS,5526.8,0.0,1273.0,0.0,3689.0,2.0,5227.0,2.0
1455,Khulna,Koyra,Kobadak River,SW242,Koyra,30-NOV-22,11,334,-0.5121,0.859,985,946,547,525,2116.6,0.0,0.118,0.148,0.689,22.34185,89.30042,SYNTHETIC_SAVENIJE_PHYSICS,4475.6,0.0,1310.0,0.0,4133.0,2.0,5630.0,2.0
1456,Khulna,Koyra,Kobadak River,SW242,Koyra,07-DEC-22,12,341,-0.4052,0.9142,1141,1100,634,611,1834.2,0.0,0.108,0.145,0.563,22.34185,89.30042,SYNTHETIC_SAVENIJE_PHYSICS,3637.8,0.0,2191.0,1.0,4597.0,2.0,5756.0,2.0
1457,Khulna,Koyra,Kobadak River,SW242,Koyra,14-DEC-22,12,348,-0.2924,0.9563,1194,1167,663,648,1644.0,0.0,0.07,0.119,0.422,22.34185,89.30042,SYNTHETIC_SAVENIJE_PHYSICS,2970.5,0.0,2935.0,1.0,5134.0,2.0,5145.0,2.0
1458,Khulna,Koyra,Kobadak River,SW242,Koyra,21-DEC-22,12,355,-0.1754,0.9845,1273,1236,707,687,1468.3,0.0,0.119,0.139,0.269,22.34185,89.30042,SYNTHETIC_SAVENIJE_PHYSICS,2504.8,0.0,3689.0,2.0,5392.0,2.0,5042.0,2.0
1459,Khulna,Koyra,Kobadak River,SW242,Koyra,28-DEC-22,12,362,-0.0559,0.9984,1310,1260,728,700,1326.4,0.0,0.094,0.151,0.109,22.34185,89.30042,SYNTHETIC_SAVENIJE_PHYSICS,2116.6,0.0,4133.0,2.0,5227.0,2.0,5111.0,2.0
1460,Khulna,Koyra,Kobadak River,SW242,Koyra,04-JAN-23,1,4,0.0688,0.9976,2191,2116,1218,1176,824.3,0.0,0.094,0.132,0.991,22.34185,89.30042,SYNTHETIC_SAVENIJE_PHYSICS,1834.2,0.0,4597.0,2.0,5630.0,2.0,4925.0,2.0
1461,Khulna,Koyra,Kobadak River,SW242,Koyra,11-JAN-23,1,11,0.1881,0.9821,2935,2838,1631,1577,728.2,0.0,0.105,0.156,1.0,22.34185,89.30042,SYNTHETIC_SAVENIJE_PHYSICS,1644.0,0.0,5134.0,2.0,5756.0,2.0,4768.0,2.0
1462,Khulna,Koyra,Kobadak River,SW242,Koyra,18-JAN-23,1,18,0.3047,0.9524,3689,3567,2051,1983,598.8,0.0,0.095,0.083,0.981,22.34185,89.30042,SYNTHETIC_SAVENIJE_PHYSICS,1468.3,0.0,5392.0,2.0,5145.0,2.0,4582.0,2.0
1463,Khulna,Koyra,Kobadak River,SW242,Koyra,25-JAN-23,1,25,0.4169,0.9089,4133,4047,2297,2250,508.6,0.0,0.11,0.109,0.937,22.34185,89.30042,SYNTHETIC_SAVENIJE_PHYSICS,1326.4,0.0,5227.0,2.0,5042.0,2.0,4278.0,2.0
1464,Khulna,Koyra,Kobadak River,SW242,Koyra,01-FEB-23,2,32,0.5231,0.8523,4597,4480,2555,2490,462.2,25.7,0.095,0.168,0.868,22.34185,89.30042,SYNTHETIC_SAVENIJE_PHYSICS,824.3,25.7,5630.0,2.0,5111.0,2.0,3883.0,2.0
1465,Khulna,Koyra,Kobadak River,SW242,Koyra,08-FEB-23,2,39,0.6217,0.7833,5134,5011,2854,2786,357.7,0.0,0.12,0.155,0.776,22.34185,89.30042,SYNTHETIC_SAVENIJE_PHYSICS,728.2,25.7,5756.0,2.0,4925.0,2.0,3162.0,2.0
1466,Khulna,Koyra,Kobadak River,SW242,Koyra,15-FEB-23,2,46,0.7113,0.7029,5392,5177,2997,2878,339.4,0.0,0.102,0.148,0.664,22.34185,89.30042,SYNTHETIC_SAVENIJE_PHYSICS,598.8,25.7,5145.0,2.0,4768.0,2.0,2754.0,1.0
1467,Khulna,Koyra,Kobadak River,SW242,Koyra,22-FEB-23,2,53,0.7906,0.6124,5227,5067,2906,2817,388.5,0.0,0.11,0.162,0.534,22.34185,89.30042,SYNTHETIC_SAVENIJE_PHYSICS,508.6,25.7,5042.0,2.0,4582.0,2.0,2334.0,1.0
1468,Khulna,Koyra,Kobadak River,SW242,Koyra,01-MAR-23,3,60,0.8584,0.513,5630,5444,3130,3026,268.6,0.0,0.092,0.085,0.389,22.34185,89.30042,SYNTHETIC_SAVENIJE_PHYSICS,462.2,0.0,5111.0,2.0,4278.0,2.0,1786.0,1.0
1469,Khulna,Koyra,Kobadak River,SW242,Koyra,08-MAR-23,3,67,0.9138,0.4061,5756,5633,3200,3131,261.6,0.0,0.108,0.139,0.235,22.34185,89.30042,SYNTHETIC_SAVENIJE_PHYSICS,357.7,0.0,4925.0,2.0,3883.0,2.0,1373.0,0.0
1470,Khulna,Koyra,Kobadak River,SW242,Koyra,15-MAR-23,3,74,0.956,0.2934,5145,5047,2860,2806,316.0,0.0,0.099,0.145,0.074,22.34185,89.30042,SYNTHETIC_SAVENIJE_PHYSICS,339.4,0.0,4768.0,2.0,3162.0,2.0,1024.0,0.0
1471,Khulna,Koyra,Kobadak River,SW242,Koyra,22-MAR-23,3,81,0.9843,0.1765,5042,4887,2803,2717,331.5,0.0,0.076,0.111,0.088,22.34185,89.30042,SYNTHETIC_SAVENIJE_PHYSICS,388.5,0.0,4582.0,2.0,2754.0,1.0,764.0,0.0
1472,Khulna,Koyra,Kobadak River,SW242,Koyra,29-MAR-23,3,88,0.9984,0.057,5111,5015,2841,2788,306.1,0.0,0.071,0.176,0.248,22.34185,89.30042,SYNTHETIC_SAVENIJE_PHYSICS,268.6,0.0,4278.0,2.0,2334.0,1.0,597.0,0.0
1473,Khulna,Koyra,Kobadak River,SW242,Koyra,05-APR-23,4,95,0.998,-0.0634,4925,4729,2738,2629,390.0,0.0,0.084,0.128,0.402,22.34185,89.30042,SYNTHETIC_SAVENIJE_PHYSICS,261.6,0.0,3883.0,2.0,1786.0,1.0,490.0,0.0
1474,Khulna,Koyra,Kobadak River,SW242,Koyra,12-APR-23,4,102,0.9831,-0.1828,4768,4611,2651,2563,494.6,0.0,0.071,0.082,0.545,22.34185,89.30042,SYNTHETIC_SAVENIJE_PHYSICS,316.0,0.0,3162.0,2.0,1373.0,0.0,403.0,0.0
1475,Khulna,Koyra,Kobadak River,SW242,Koyra,19-APR-23,4,109,0.9541,-0.2996,4582,4476,2547,2488,467.0,0.0,0.065,0.133,0.674,22.34185,89.30042,SYNTHETIC_SAVENIJE_PHYSICS,331.5,0.0,2754.0,1.0,1024.0,0.0,365.0,0.0
1476,Khulna,Koyra,Kobadak River,SW242,Koyra,26-APR-23,4,116,0.9112,-0.412,4278,4140,2378,2301,592.3,0.0,0.045,0.113,0.785,22.34185,89.30042,SYNTHETIC_SAVENIJE_PHYSICS,306.1,0.0,2334.0,1.0,764.0,0.0,328.0,0.0
1477,Khulna,Koyra,Kobadak River,SW242,Koyra,03-MAY-23,5,123,0.8551,-0.5185,3883,3806,2158,2116,876.5,0.0,0.061,0.154,0.875,22.34185,89.30042,SYNTHETIC_SAVENIJE_PHYSICS,390.0,0.0,1786.0,1.0,597.0,0.0,312.0,0.0
1478,Khulna,Koyra,Kobadak River,SW242,Koyra,10-MAY-23,5,130,0.7866,-0.6175,3162,3050,1758,1695,1129.9,0.0,0.135,0.144,0.942,22.34185,89.30042,SYNTHETIC_SAVENIJE_PHYSICS,494.6,0.0,1373.0,0.0,490.0,0.0,302.0,0.0
1479,Khulna,Koyra,Kobadak River,SW242,Koyra,17-MAY-23,5,137,0.7067,-0.7075,2754,2692,1531,1496,1240.8,0.0,0.083,0.123,0.984,22.34185,89.30042,SYNTHETIC_SAVENIJE_PHYSICS,467.0,0.0,1024.0,0.0,403.0,0.0,299.0,0.0
1480,Khulna,Koyra,Kobadak River,SW242,Koyra,24-MAY-23,5,144,0.6166,-0.7873,2334,2250,1297,1251,1884.7,0.0,0.143,0.172,1.0,22.34185,89.30042,SYNTHETIC_SAVENIJE_PHYSICS,592.3,0.0,764.0,0.0,365.0,0.0,300.0,0.0
1481,Khulna,Koyra,Kobadak River,SW242,Koyra,31-MAY-23,5,151,0.5176,-0.8556,1786,1722,993,957,2531.8,0.0,0.122,0.168,0.989,22.34185,89.30042,SYNTHETIC_SAVENIJE_PHYSICS,876.5,0.0,597.0,0.0,328.0,0.0,299.0,0.0
1482,Khulna,Koyra,Kobadak River,SW242,Koyra,07-JUN-23,6,158,0.4111,-0.9116,1373,1331,763,740,3294.8,0.0,0.123,0.142,0.953,22.34185,89.30042,SYNTHETIC_SAVENIJE_PHYSICS,1129.9,0.0,490.0,0.0,312.0,0.0,310.0,0.0
1483,Khulna,Koyra,Kobadak River,SW242,Koyra,14-JUN-23,6,165,0.2986,-0.9544,1024,1004,569,558,4182.5,0.0,0.106,0.166,0.891,22.34185,89.30042,SYNTHETIC_SAVENIJE_PHYSICS,1240.8,0.0,403.0,0.0,302.0,0.0,325.0,0.0
1484,Khulna,Koyra,Kobadak River,SW242,Koyra,21-JUN-23,6,172,0.1818,-0.9833,764,743,424,413,5315.3,0.0,0.151,0.192,0.806,22.34185,89.30042,SYNTHETIC_SAVENIJE_PHYSICS,1884.7,0.0,365.0,0.0,299.0,0.0,303.0,0.0
1485,Khulna,Koyra,Kobadak River,SW242,Koyra,28-JUN-23,6,179,0.0623,-0.9981,597,581,331,323,6421.0,5.9,0.207,0.191,0.699,22.34185,89.30042,SYNTHETIC_SAVENIJE_PHYSICS,2531.8,5.9,328.0,0.0,300.0,0.0,330.0,0.0
1486,Khulna,Koyra,Kobadak River,SW242,Koyra,05-JUL-23,7,186,-0.058,-0.9983,490,470,272,261,7586.0,12.4,0.223,0.211,0.574,22.34185,89.30042,SYNTHETIC_SAVENIJE_PHYSICS,3294.8,18.3,312.0,0.0,299.0,0.0,346.0,0.0
1487,Khulna,Koyra,Kobadak River,SW242,Koyra,12-JUL-23,7,193,-0.1775,-0.9841,403,387,224,215,8699.5,42.4,0.236,0.253,0.434,22.34185,89.30042,SYNTHETIC_SAVENIJE_PHYSICS,4182.5,60.7,302.0,0.0,310.0,0.0,382.0,0.0
1488,Khulna,Koyra,Kobadak River,SW242,Koyra,19-JUL-23,7,200,-0.2945,-0.9557,365,350,202,194,9711.3,18.8,0.232,0.252,0.282,22.34185,89.30042,SYNTHETIC_SAVENIJE_PHYSICS,5315.3,79.5,299.0,0.0,325.0,0.0,418.0,0.0
1489,Khulna,Koyra,Kobadak River,SW242,Koyra,26-JUL-23,7,207,-0.4071,-0.9134,328,320,182,177,10602.1,41.6,0.268,0.257,0.123,22.34185,89.30042,SYNTHETIC_SAVENIJE_PHYSICS,6421.0,115.2,300.0,0.0,303.0,0.0,494.0,0.0
1490,Khulna,Koyra,Kobadak River,SW242,Koyra,02-AUG-23,8,214,-0.5139,-0.8578,312,301,173,167,11222.5,15.4,0.28,0.315,0.039,22.34185,89.30042,SYNTHETIC_SAVENIJE_PHYSICS,7586.0,118.2,299.0,0.0,330.0,0.0,576.0,0.0
1491,Khulna,Koyra,Kobadak River,SW242,Koyra,09-AUG-23,8,221,-0.6132,-0.7899,302,292,167,162,11569.7,101.1,0.361,0.304,0.201,22.34185,89.30042,SYNTHETIC_SAVENIJE_PHYSICS,8699.5,176.9,310.0,0.0,346.0,0.0,711.0,0.0
1492,Khulna,Koyra,Kobadak River,SW242,Koyra,16-AUG-23,8,228,-0.7037,-0.7105,299,291,166,161,11548.8,24.0,0.371,0.326,0.357,22.34185,89.30042,SYNTHETIC_SAVENIJE_PHYSICS,9711.3,182.1,325.0,0.0,382.0,0.0,794.0,0.0
1493,Khulna,Koyra,Kobadak River,SW242,Koyra,23-AUG-23,8,235,-0.7839,-0.6208,300,291,166,161,11214.0,19.4,0.325,0.295,0.504,22.34185,89.30042,SYNTHETIC_SAVENIJE_PHYSICS,10602.1,159.9,303.0,0.0,418.0,0.0,918.0,0.0
1494,Khulna,Koyra,Kobadak River,SW242,Koyra,30-AUG-23,8,242,-0.8528,-0.5222,299,289,166,160,10600.0,11.7,0.305,0.289,0.637,22.34185,89.30042,SYNTHETIC_SAVENIJE_PHYSICS,11222.5,156.2,330.0,0.0,494.0,0.0,1069.0,0.0
1495,Khulna,Koyra,Kobadak River,SW242,Koyra,06-SEP-23,9,249,-0.9094,-0.4159,310,297,172,165,9752.4,66.3,0.31,0.303,0.753,22.34185,89.30042,SYNTHETIC_SAVENIJE_PHYSICS,11569.7,121.4,346.0,0.0,576.0,0.0,1139.0,0.0
1496,Khulna,Koyra,Kobadak River,SW242,Koyra,13-SEP-23,9,256,-0.9528,-0.3037,325,315,180,175,8752.2,0.0,0.233,0.266,0.85,22.34185,89.30042,SYNTHETIC_SAVENIJE_PHYSICS,11548.8,97.4,382.0,0.0,711.0,0.0,1193.0,0.0
1497,Khulna,Koyra,Kobadak River,SW242,Koyra,20-SEP-23,9,263,-0.9824,-0.187,303,295,168,164,11461.2,71.9,0.32,0.324,0.924,22.34185,89.30042,SYNTHETIC_SAVENIJE_PHYSICS,11214.0,149.9,418.0,0.0,794.0,0.0,1383.0,0.0
1498,Khulna,Koyra,Kobadak River,SW242,Koyra,27-SEP-23,9,270,-0.9977,-0.0677,330,318,183,176,9752.3,19.1,0.309,0.286,0.974,22.34185,89.30042,SYNTHETIC_SAVENIJE_PHYSICS,10600.0,157.3,494.0,0.0,918.0,0.0,1628.0,1.0
1499,Khulna,Koyra,Kobadak River,SW242,Koyra,04-OCT-23,10,277,-0.9986,0.0527,346,337,192,187,8143.5,0.0,0.223,0.247,0.998,22.34185,89.30042,SYNTHETIC_SAVENIJE_PHYSICS,9752.4,91.0,576.0,0.0,1069.0,0.0,2187.0,1.0
1500,Khulna,Koyra,Kobadak River,SW242,Koyra,11-OCT-23,10,284,-0.9851,0.1722,382,366,212,203,6734.8,21.2,0.221,0.262,0.995,22.34185,89.30042,SYNTHETIC_SAVENIJE_PHYSICS,8752.2,112.2,711.0,0.0,1139.0,0.0,2745.0,1.0
1501,Khulna,Koyra,Kobadak River,SW242,Koyra,18-OCT-23,10,291,-0.9572,0.2893,418,409,232,227,5483.8,47.8,0.189,0.227,0.967,22.34185,89.30042,SYNTHETIC_SAVENIJE_PHYSICS,11461.2,88.1,794.0,0.0,1193.0,0.0,3118.0,2.0
1502,Khulna,Koyra,Kobadak River,SW242,Koyra,25-OCT-23,10,298,-0.9155,0.4022,494,484,274,269,4467.9,3.3,0.209,0.225,0.912,22.34185,89.30042,SYNTHETIC_SAVENIJE_PHYSICS,9752.3,72.3,918.0,0.0,1383.0,0.0,3279.0,2.0
1503,Khulna,Koyra,Kobadak River,SW242,Koyra,01-NOV-23,11,305,-0.8606,0.5093,576,552,320,306,3577.9,0.0,0.207,0.217,0.834,22.34185,89.30042,SYNTHETIC_SAVENIJE_PHYSICS,8143.5,72.3,1069.0,0.0,1628.0,1.0,3419.0,2.0
1504,Khulna,Koyra,Kobadak River,SW242,Koyra,08-NOV-23,11,312,-0.7932,0.609,711,689,395,383,2887.6,0.0,0.15,0.174,0.733,22.34185,89.30042,SYNTHETIC_SAVENIJE_PHYSICS,6734.8,51.1,1139.0,0.0,2187.0,1.0,3818.0,2.0
1505,Khulna,Koyra,Kobadak River,SW242,Koyra,15-NOV-23,11,319,-0.7143,0.6998,794,769,441,427,2396.1,0.0,0.108,0.113,0.614,22.34185,89.30042,SYNTHETIC_SAVENIJE_PHYSICS,5483.8,3.3,1193.0,0.0,2745.0,1.0,3791.0,2.0
1506,Khulna,Koyra,Kobadak River,SW242,Koyra,22-NOV-23,11,326,-0.625,0.7806,918,898,510,499,1999.8,0.0,0.095,0.128,0.478,22.34185,89.30042,SYNTHETIC_SAVENIJE_PHYSICS,4467.9,0.0,1383.0,0.0,3118.0,2.0,3791.0,2.0
1507,Khulna,Koyra,Kobadak River,SW242,Koyra,29-NOV-23,11,333,-0.5268,0.85,1069,1038,594,577,1661.3,0.0,0.102,0.137,0.329,22.34185,89.30042,SYNTHETIC_SAVENIJE_PHYSICS,3577.9,0.0,1628.0,1.0,3279.0,2.0,4217.0,2.0
1508,Khulna,Koyra,Kobadak River,SW242,Koyra,06-DEC-23,12,340,-0.4208,0.9071,1139,1108,633,616,1445.8,0.0,0.088,0.121,0.171,22.34185,89.30042,SYNTHETIC_SAVENIJE_PHYSICS,2887.6,0.0,2187.0,1.0,3419.0,2.0,4671.0,2.0
1509,Khulna,Koyra,Kobadak River,SW242,Koyra,13-DEC-23,12,347,-0.3088,0.9511,1193,1150,663,639,1289.4,0.0,0.095,0.114,0.01,22.34185,89.30042,SYNTHETIC_SAVENIJE_PHYSICS,2396.1,0.0,2745.0,1.0,3818.0,2.0,4678.0,2.0
1510,Khulna,Koyra,Kobadak River,SW242,Koyra,20-DEC-23,12,354,-0.1923,0.9813,1383,1330,768,739,1201.4,0.0,0.104,0.135,0.153,22.34185,89.30042,SYNTHETIC_SAVENIJE_PHYSICS,1999.8,0.0,3118.0,2.0,3791.0,2.0,5317.0,2.0
1511,Khulna,Koyra,Kobadak River,SW242,Koyra,27-DEC-23,12,361,-0.073,0.9973,1628,1587,905,882,1077.1,0.0,0.086,0.181,0.311,22.34185,89.30042,SYNTHETIC_SAVENIJE_PHYSICS,1661.3,0.0,3279.0,2.0,3791.0,2.0,5629.0,2.0
1512,Khulna,Koyra,Kobadak River,SW242,Koyra,03-JAN-24,1,3,0.0516,0.9987,2187,2129,1215,1183,994.2,0.0,0.089,0.122,0.957,22.34185,89.30042,SYNTHETIC_SAVENIJE_PHYSICS,1445.8,0.0,3419.0,2.0,4217.0,2.0,5479.0,2.0
1513,Khulna,Koyra,Kobadak River,SW242,Koyra,10-JAN-24,1,10,0.1712,0.9852,2745,2685,1526,1492,793.3,0.0,0.087,0.129,0.897,22.34185,89.30042,SYNTHETIC_SAVENIJE_PHYSICS,1289.4,0.0,3818.0,2.0,4671.0,2.0,5664.0,2.0
1514,Khulna,Koyra,Kobadak River,SW242,Koyra,17-JAN-24,1,17,0.2883,0.9575,3118,3051,1733,1696,686.2,0.0,0.083,0.102,0.814,22.34185,89.30042,SYNTHETIC_SAVENIJE_PHYSICS,1201.4,0.0,3791.0,2.0,4678.0,2.0,5453.0,2.0
1515,Khulna,Koyra,Kobadak River,SW242,Koyra,24-JAN-24,1,24,0.4012,0.916,3279,3193,1823,1775,693.1,0.0,0.08,0.153,0.709,22.34185,89.30042,SYNTHETIC_SAVENIJE_PHYSICS,1077.1,0.0,3791.0,2.0,5317.0,2.0,4869.0,2.0
1516,Khulna,Koyra,Kobadak River,SW242,Koyra,31-JAN-24,1,31,0.5084,0.8611,3419,3322,1900,1847,607.7,0.0,0.103,0.145,0.586,22.34185,89.30042,SYNTHETIC_SAVENIJE_PHYSICS,994.2,0.0,4217.0,2.0,5629.0,2.0,3960.0,2.0
1517,Khulna,Koyra,Kobadak River,SW242,Koyra,07-FEB-24,2,38,0.6081,0.7938,3818,3742,2122,2080,468.9,0.0,0.051,0.142,0.446,22.34185,89.30042,SYNTHETIC_SAVENIJE_PHYSICS,793.3,0.0,4671.0,2.0,5479.0,2.0,3402.0,2.0
1518,Khulna,Koyra,Kobadak River,SW242,Koyra,14-FEB-24,2,45,0.6991,0.715,3791,3706,2107,2060,485.1,0.0,0.118,0.153,0.296,22.34185,89.30042,SYNTHETIC_SAVENIJE_PHYSICS,686.2,0.0,4678.0,2.0,5664.0,2.0,2805.0,1.0
1519,Khulna,Koyra,Kobadak River,SW242,Koyra,21-FEB-24,2,52,0.7799,0.6259,3791,3712,2107,2063,448.4,0.0,0.089,0.117,0.137,22.34185,89.30042,SYNTHETIC_SAVENIJE_PHYSICS,693.1,0.0,5317.0,2.0,5453.0,2.0,2242.0,1.0
1520,Khulna,Koyra,Kobadak River,SW242,Koyra,28-FEB-24,2,59,0.8495,0.5277,4217,4140,2344,2301,325.4,0.0,0.097,0.118,0.026,22.34185,89.30042,SYNTHETIC_SAVENIJE_PHYSICS,607.7,0.0,5629.0,2.0,4869.0,2.0,1700.0,1.0
1521,Khulna,Koyra,Kobadak River,SW242,Koyra,06-MAR-24,3,66,0.9067,0.4218,4671,4525,2597,2515,313.1,0.0,0.099,0.158,0.187,22.34185,89.30042,SYNTHETIC_SAVENIJE_PHYSICS,468.9,0.0,5479.0,2.0,3960.0,2.0,1264.0,0.0
1522,Khulna,Koyra,Kobadak River,SW242,Koyra,13-MAR-24,3,73,0.9508,0.3098,4678,4564,2600,2537,378.8,0.0,0.071,0.137,0.344,22.34185,89.30042,SYNTHETIC_SAVENIJE_PHYSICS,485.1,0.0,5664.0,2.0,3402.0,2.0,948.0,0.0
1523,Khulna,Koyra,Kobadak River,SW242,Koyra,20-MAR-24,3,80,0.9811,0.1934,5317,5184,2956,2882,306.8,0.0,0.066,0.079,0.492,22.34185,89.30042,SYNTHETIC_SAVENIJE_PHYSICS,448.4,0.0,5453.0,2.0,2805.0,1.0,700.0,0.0
1524,Khulna,Koyra,Kobadak River,SW242,Koyra,27-MAR-24,3,87,0.9972,0.0741,5629,5425,3129,3016,273.9,0.0,0.063,0.132,0.626,22.34185,89.30042,SYNTHETIC_SAVENIJE_PHYSICS,325.4,0.0,4869.0,2.0,2242.0,1.0,516.0,0.0
1525,Khulna,Koyra,Kobadak River,SW242,Koyra,03-APR-24,4,94,0.9989,-0.0462,5479,5336,3046,2966,361.7,0.0,0.08,0.113,0.744,22.34185,89.30042,SYNTHETIC_SAVENIJE_PHYSICS,313.1,0.0,3960.0,2.0,1700.0,1.0,438.0,0.0
1526,Khulna,Koyra,Kobadak River,SW242,Koyra,10-APR-24,4,101,0.9861,-0.1659,5664,5490,3149,3052,403.7,0.0,0.099,0.143,0.843,22.34185,89.30042,SYNTHETIC_SAVENIJE_PHYSICS,378.8,0.0,3402.0,2.0,1264.0,0.0,371.0,0.0
1527,Khulna,Koyra,Kobadak River,SW242,Koyra,17-APR-24,4,108,0.9591,-0.2831,5453,5288,3031,2940,416.6,0.0,0.074,0.133,0.919,22.34185,89.30042,SYNTHETIC_SAVENIJE_PHYSICS,306.8,0.0,2805.0,1.0,948.0,0.0,334.0,0.0
1528,Khulna,Koyra,Kobadak River,SW242,Koyra,24-APR-24,4,115,0.9181,-0.3963,4869,4693,2707,2609,651.9,0.0,0.101,0.093,0.971,22.34185,89.30042,SYNTHETIC_SAVENIJE_PHYSICS,273.9,0.0,2242.0,1.0,700.0,0.0,315.0,0.0
1529,Khulna,Koyra,Kobadak River,SW242,Koyra,01-MAY-24,5,122,0.8639,-0.5037,3960,3866,2201,2149,927.8,0.0,0.045,0.136,0.997,22.34185,89.30042,SYNTHETIC_SAVENIJE_PHYSICS,361.7,0.0,1700.0,1.0,516.0,0.0,306.0,0.0
1530,Khulna,Koyra,Kobadak River,SW242,Koyra,08-MAY-24,5,129,0.7971,-0.6038,3402,3318,1891,1844,1106.1,0.0,0.087,0.137,0.997,22.34185,89.30042,SYNTHETIC_SAVENIJE_PHYSICS,403.7,0.0,1264.0,0.0,438.0,0.0,295.0,0.0
1531,Khulna,Koyra,Kobadak River,SW242,Koyra,15-MAY-24,5,136,0.7188,-0.6952,2805,2725,1559,1515,1352.0,0.0,0.121,0.143,0.97,22.34185,89.30042,SYNTHETIC_SAVENIJE_PHYSICS,416.6,0.0,948.0,0.0,371.0,0.0,297.0,0.0
1532,Khulna,Koyra,Kobadak River,SW242,Koyra,22-MAY-24,5,143,0.6301,-0.7765,2242,2160,1246,1200,1932.3,25.9,0.117,0.167,0.918,22.34185,89.30042,SYNTHETIC_SAVENIJE_PHYSICS,651.9,25.9,700.0,0.0,334.0,0.0,306.0,0.0
1533,Khulna,Koyra,Kobadak River,SW242,Koyra,29-MAY-24,5,150,0.5322,-0.8466,1700,1652,945,918,2583.3,0.0,0.113,0.193,0.841,22.34185,89.30042,SYNTHETIC_SAVENIJE_PHYSICS,927.8,25.9,516.0,0.0,315.0,0.0,298.0,0.0
1534,Khulna,Koyra,Kobadak River,SW242,Koyra,05-JUN-24,6,157,0.4267,-0.9044,1264,1216,702,676,3502.9,37.6,0.15,0.201,0.743,22.34185,89.30042,SYNTHETIC_SAVENIJE_PHYSICS,1106.1,63.5,438.0,0.0,306.0,0.0,302.0,0.0
1535,Khulna,Koyra,Kobadak River,SW242,Koyra,12-JUN-24,6,164,0.3149,-0.9491,948,917,527,509,4543.4,0.0,0.116,0.205,0.624,22.34185,89.30042,SYNTHETIC_SAVENIJE_PHYSICS,1352.0,63.5,371.0,0.0,295.0,0.0,319.0,0.0
1536,Khulna,Koyra,Kobadak River,SW242,Koyra,19-JUN-24,6,171,0.1986,-0.9801,700,677,389,376,5701.0,31.9,0.176,0.244,0.49,22.34185,89.30042,SYNTHETIC_SAVENIJE_PHYSICS,1932.3,69.5,334.0,0.0,297.0,0.0,306.0,0.0
1537,Khulna,Koyra,Kobadak River,SW242,Koyra,26-JUN-24,6,178,0.0795,-0.9968,516,505,286,280,6962.0,67.1,0.272,0.314,0.342,22.34185,89.30042,SYNTHETIC_SAVENIJE_PHYSICS,2583.3,136.6,315.0,0.0,306.0,0.0,304.0,0.0
1538,Khulna,Koyra,Kobadak River,SW242,Koyra,03-JUL-24,7,185,-0.0408,-0.9992,438,424,243,235,8304.3,0.0,0.236,0.285,0.185,22.34185,89.30042,SYNTHETIC_SAVENIJE_PHYSICS,3502.9,99.0,306.0,0.0,298.0,0.0,322.0,0.0
1539,Khulna,Koyra,Kobadak River,SW242,Koyra,10-JUL-24,7,192,-0.1606,-0.987,371,361,206,200,9538.9,21.0,0.266,0.295,0.023,22.34185,89.30042,SYNTHETIC_SAVENIJE_PHYSICS,4543.4,120.0,295.0,0.0,302.0,0.0,352.0,0.0
1540,Khulna,Koyra,Kobadak River,SW242,Koyra,17-JUL-24,7,199,-0.278,-0.9606,334,327,185,181,10682.9,81.4,0.273,0.338,0.139,22.34185,89.30042,SYNTHETIC_SAVENIJE_PHYSICS,5701.0,169.5,297.0,0.0,319.0,0.0,368.0,0.0
1541,Khulna,Koyra,Kobadak River,SW242,Koyra,24-JUL-24,7,206,-0.3914,-0.9202,315,305,175,169,11693.1,48.5,0.289,0.337,0.298,22.34185,89.30042,SYNTHETIC_SAVENIJE_PHYSICS,6962.0,150.9,306.0,0.0,306.0,0.0,407.0,0.0
1542,Khulna,Koyra,Kobadak River,SW242,Koyra,31-JUL-24,7,213,-0.4991,-0.8666,306,299,170,166,12444.8,8.3,0.361,0.345,0.448,22.34185,89.30042,SYNTHETIC_SAVENIJE_PHYSICS,8304.3,159.2,298.0,0.0,304.0,0.0,435.0,0.0
1543,Khulna,Koyra,Kobadak River,SW242,Koyra,07-AUG-24,8,220,-0.5996,-0.8003,295,284,164,157,12896.8,53.9,0.374,0.41,0.587,22.34185,89.30042,SYNTHETIC_SAVENIJE_PHYSICS,9538.9,192.1,302.0,0.0,322.0,0.0,518.0,0.0
1544,Khulna,Koyra,Kobadak River,SW242,Koyra,14-AUG-24,8,227,-0.6914,-0.7225,297,287,165,159,12950.0,74.2,0.332,0.349,0.711,22.34185,89.30042,SYNTHETIC_SAVENIJE_PHYSICS,10682.9,184.9,319.0,0.0,352.0,0.0,580.0,0.0
1545,Khulna,Koyra,Kobadak River,SW242,Koyra,21-AUG-24,8,234,-0.7731,-0.6342,306,294,170,163,12667.2,95.7,0.369,0.407,0.815,22.34185,89.30042,SYNTHETIC_SAVENIJE_PHYSICS,11693.1,232.1,306.0,0.0,368.0,0.0,634.0,0.0
1546,Khulna,Koyra,Kobadak River,SW242,Koyra,28-AUG-24,8,241,-0.8437,-0.5368,298,289,165,160,12013.9,54.5,0.399,0.397,0.898,22.34185,89.30042,SYNTHETIC_SAVENIJE_PHYSICS,12444.8,278.3,304.0,0.0,407.0,0.0,758.0,0.0
1547,Khulna,Koyra,Kobadak River,SW242,Koyra,04-SEP-24,9,248,-0.9021,-0.4315,302,296,167,164,11099.3,59.7,0.366,0.362,0.958,22.34185,89.30042,SYNTHETIC_SAVENIJE_PHYSICS,12896.8,284.1,322.0,0.0,435.0,0.0,932.0,0.0
1548,Khulna,Koyra,Kobadak River,SW242,Koyra,11-SEP-24,9,255,-0.9474,-0.32,319,310,177,172,9946.6,113.6,0.357,0.394,0.992,22.34185,89.30042,SYNTHETIC_SAVENIJE_PHYSICS,12950.0,323.5,352.0,0.0,518.0,0.0,1159.0,0.0
1549,Khulna,Koyra,Kobadak River,SW242,Koyra,18-SEP-24,9,262,-0.979,-0.2039,306,297,170,165,13097.6,65.3,0.397,0.389,0.999,22.34185,89.30042,SYNTHETIC_SAVENIJE_PHYSICS,12667.2,293.1,368.0,0.0,580.0,0.0,1448.0,0.0
1550,Khulna,Koyra,Kobadak River,SW242,Koyra,25-SEP-24,9,269,-0.9964,-0.0848,304,293,169,162,11171.8,24.3,0.391,0.393,0.981,22.34185,89.30042,SYNTHETIC_SAVENIJE_PHYSICS,12013.9,262.9,407.0,0.0,634.0,0.0,1760.0,1.0
1551,Khulna,Koyra,Kobadak River,SW242,Koyra,02-OCT-24,10,276,-0.9994,0.0355,322,315,179,175,9406.0,23.6,0.347,0.345,0.936,22.34185,89.30042,SYNTHETIC_SAVENIJE_PHYSICS,11099.3,226.8,435.0,0.0,758.0,0.0,,
1552,Khulna,Koyra,Kobadak River,SW242,Koyra,09-OCT-24,10,283,-0.9879,0.1553,352,341,195,189,7819.7,0.0,0.266,0.247,0.867,22.34185,89.30042,SYNTHETIC_SAVENIJE_PHYSICS,9946.6,113.2,518.0,0.0,932.0,0.0,,
1553,Khulna,Koyra,Kobadak River,SW242,Koyra,16-OCT-24,10,290,-0.9621,0.2728,368,355,204,197,6427.4,0.0,0.162,0.248,0.775,22.34185,89.30042,SYNTHETIC_SAVENIJE_PHYSICS,13097.6,47.9,580.0,0.0,1159.0,0.0,,
1554,Khulna,Koyra,Kobadak River,SW242,Koyra,23-OCT-24,10,297,-0.9223,0.3864,407,399,226,221,5149.3,19.0,0.174,0.223,0.662,22.34185,89.30042,SYNTHETIC_SAVENIJE_PHYSICS,11171.8,42.6,634.0,0.0,1448.0,0.0,,
1555,Khulna,Koyra,Kobadak River,SW242,Koyra,30-OCT-24,10,304,-0.8692,0.4944,435,421,241,234,4149.7,0.0,0.141,0.21,0.532,22.34185,89.30042,SYNTHETIC_SAVENIJE_PHYSICS,9406.0,19.0,758.0,0.0,1760.0,1.0,,
1556,Khulna,Koyra,Kobadak River,SW242,Koyra,06-NOV-24,11,311,-0.8035,0.5952,518,501,288,278,3341.4,0.0,0.134,0.173,0.387,22.34185,89.30042,SYNTHETIC_SAVENIJE_PHYSICS,7819.7,19.0,932.0,0.0,,,,
1557,Khulna,Koyra,Kobadak River,SW242,Koyra,13-NOV-24,11,318,-0.7262,0.6875,580,557,322,309,2718.3,0.0,0.123,0.16,0.233,22.34185,89.30042,SYNTHETIC_SAVENIJE_PHYSICS,6427.4,19.0,1159.0,0.0,,,,
1558,Khulna,Koyra,Kobadak River,SW242,Koyra,20-NOV-24,11,325,-0.6384,0.7697,634,611,352,339,2272.4,0.0,0.097,0.161,0.072,22.34185,89.30042,SYNTHETIC_SAVENIJE_PHYSICS,5149.3,0.0,1448.0,0.0,,,,
1559,Khulna,Koyra,Kobadak River,SW242,Koyra,27-NOV-24,11,332,-0.5413,0.8408,758,741,421,411,1884.5,0.0,0.045,0.13,0.09,22.34185,89.30042,SYNTHETIC_SAVENIJE_PHYSICS,4149.7,0.0,1760.0,1.0,,,,
1560,Khulna,Koyra,Kobadak River,SW242,Koyra,04-DEC-24,12,339,-0.4364,0.8998,932,904,518,502,1665.4,0.0,0.125,0.142,0.251,22.34185,89.30042,SYNTHETIC_SAVENIJE_PHYSICS,3341.4,0.0,,,,,,
1561,Khulna,Koyra,Kobadak River,SW242,Koyra,11-DEC-24,12,346,-0.3251,0.9457,1159,1136,644,631,1419.7,0.0,0.106,0.133,0.404,22.34185,89.30042,SYNTHETIC_SAVENIJE_PHYSICS,2718.3,0.0,,,,,,
1562,Khulna,Koyra,Kobadak River,SW242,Koyra,18-DEC-24,12,353,-0.2092,0.9779,1448,1392,805,773,1328.1,0.0,0.068,0.106,0.547,22.34185,89.30042,SYNTHETIC_SAVENIJE_PHYSICS,2272.4,0.0,,,,,,
1563,Khulna,Koyra,Kobadak River,SW242,Koyra,25-DEC-24,12,360,-0.0902,0.9959,1760,1713,978,952,1210.6,0.0,0.106,0.137,0.675,22.34185,89.30042,SYNTHETIC_SAVENIJE_PHYSICS,1884.5,0.0,,,,,,
